Reference_ID	NarrativePlace_ID	Chapter_ID	LiteraryWork_ID	Source_Reference	Page_Count	Notes	Excerpt
ref_00001	collina_molisana	capitolo_I	quer_pasticciaccio_adelphi	A 11	11		[...] e con una o due macchioline d’olio sul bavero, quasi impercettibili però, quasi un ricordo della collina molisana.
ref_00002	san_martino_ai_monti	capitolo_I	quer_pasticciaccio_adelphi	A 14	14		Era, disse la signora, «il genetliaco di Remo»: e infatti Remo, all’anagrafe, era stato inscritto come Remo Eleuterio, e poi battezzato per tale a San Martino ai Monti, così da rammentare il natalizio.
ref_00003	collegio_romano	capitolo_I	quer_pasticciaccio_adelphi	A 14	14		L’invito, comme l’ata vota, gli era stato fatto per telefono due giorni avanti, con una chiamata «dall’esterno» al Collegio Romano, cioè a Santo Stefano del Cacco.
ref_00004	santo_stefano_del_cacco_celio_santo_stefano	capitolo_I	quer_pasticciaccio_adelphi	A 14	14		L’invito, comme l’ata vota, gli era stato fatto per telefono due giorni avanti, con una chiamata «dall’esterno» al Collegio Romano, cioè a Santo Stefano del Cacco.
ref_00005	barbiere	capitolo_I	quer_pasticciaccio_adelphi	A 14	14		Don Ciccio, dopo aver santificato la festa dal barbiere, portò una bottiglia d’uoglie alla signora.
ref_00006	vicenza	capitolo_I	quer_pasticciaccio_adelphi	A 16	16		suo marito stava bene, viaggiava tredici mesi all’anno, sempre in un gran da fare con quelli là di Vicenza.
ref_00007	palazzo_219	capitolo_I	quer_pasticciaccio_adelphi	A 16	16		Già in quer gran palazzo der ducentodicinnove nun ce staveno che signori grossi: quarche famija der generone: ma soprattutto signori novi de commercio, de quelli che un po’ d’anni avanti li chiamaveno ancora pescicani.
ref_00008	palazzo_219	capitolo_I	quer_pasticciaccio_adelphi	A 16	16		E il palazzo, poi, la gente der popolo lo chiamaveno er palazzo dell’oro.
ref_00009	scale	capitolo_I	quer_pasticciaccio_adelphi	A 16	16		Drento poi, c’ereno du scale, A e B, co sei piani e co dodici inquilini cadauna, due per piano.
ref_00010	scala_a	capitolo_I	quer_pasticciaccio_adelphi	A 16	16		Ma il trionfo più granne era su la scala A, piano terzo, dove che ce staveno de qua li Balducci ch’ereno signori co li fiocchi pure loro, e in faccia a li Balducci ce steva na signora, na contessa, che teneva nu sacco ’e solde pure essa, na vedova: la signora Menecacci
ref_00011	frascati	capitolo_I	quer_pasticciaccio_adelphi	A 17	17		un senso d’aria dei giorni sereni e lontani tra frascatano e tiburtino
ref_00012	tiburtino	capitolo_I	quer_pasticciaccio_adelphi	A 17	17		un senso d’aria dei giorni sereni e lontani tra frascatano e tiburtino
ref_00013	lazio	capitolo_I	quer_pasticciaccio_adelphi	A 20	20		Dal folto brulicare delle generazioni, dalle guardine delle questure, tra il Lazio e la Marsica, tra il Piceno e il Sannio, o fino alla sua collina molisana: duri monti, dure cervici, duro il diavolo!
ref_00014	marsica	capitolo_I	quer_pasticciaccio_adelphi	A 20	20		Dal folto brulicare delle generazioni, dalle guardine delle questure, tra il Lazio e la Marsica, tra il Piceno e il Sannio, o fino alla sua collina molisana: duri monti, dure cervici, duro il diavolo!
ref_00015	piceno	capitolo_I	quer_pasticciaccio_adelphi	A 20	20		Dal folto brulicare delle generazioni, dalle guardine delle questure, tra il Lazio e la Marsica, tra il Piceno e il Sannio, o fino alla sua collina molisana: duri monti, dure cervici, duro il diavolo!
ref_00016	sannio	capitolo_I	quer_pasticciaccio_adelphi	A 20	20		Dal folto brulicare delle generazioni, dalle guardine delle questure, tra il Lazio e la Marsica, tra il Piceno e il Sannio, o fino alla sua collina molisana: duri monti, dure cervici, duro il diavolo!
ref_00017	collina_molisana	capitolo_I	quer_pasticciaccio_adelphi	A 20	20		Dal folto brulicare delle generazioni, dalle guardine delle questure, tra il Lazio e la Marsica, tra il Piceno e il Sannio, o fino alla sua collina molisana: duri monti, dure cervici, duro il diavolo!
ref_00018	santagnese_in_agone	capitolo_I	quer_pasticciaccio_adelphi	A 17	17		[...] un fascino, un imperio tutto latino e sabellico, per cui gli andavano insieme i nomi antichi, d’antiche vergini guerriere e latine o di mogli non reluttanti già tolte a forza ne la sagra lupercale, con l’idea dei colli e delle vigne e degli scabri palazzi, e con le sagre e col Papa in carrozza, e coi bei moccoloni di Sant’Agnese in Agone e di Santa Maria in Porta Paradisi a la Candelora, a la benedizione dei ceri [...].
ref_00019	santa_maria_in_porta_paradisi	capitolo_I	quer_pasticciaccio_adelphi	A 17	17		[...] un fascino, un imperio tutto latino e sabellico, per cui gli andavano insieme i nomi antichi, d’antiche vergini guerriere e latine o di mogli non reluttanti già tolte a forza ne la sagra lupercale, con l’idea dei colli e delle vigne e degli scabri palazzi, e con le sagre e col Papa in carrozza, e coi bei moccoloni di Sant’Agnese in Agone e di Santa Maria in Porta Paradisi a la Candelora, a la benedizione dei ceri [...].
ref_00020	santi_quattro_coronati	capitolo_I	quer_pasticciaccio_adelphi	A 19	19		Tutto questo il dottor Ingravallo lo aveva in parte intuito, in parte integrato da qualche accenno del Balducci, o dai dolcissimi «momenti» della tristezza di lei: anche don Corpi, don Lorenzo, don Lorenzo Corpi, don Corpi Lorenzo dei Santi Quattro brillava spesso lui pure, nei ragionamenti della signora Liliana.
ref_00021	santa_maria_in_porta_paradisi	capitolo_I	quer_pasticciaccio_adelphi	A 20	20		«Ccà ce sta una nepote cchiù ’mbrogliata,» rimuginò tra sé e sé, con quel bianco secco in Porta Paradisi che ancora gli titillava il velopendolo. Sì, sì. Dietro quel nome «nipote», ci doveva star nascosto tutto un groviglio... di fili, un ragnatelo di sentimenti, dei più rari,... delicati.
ref_00022	salsomaggiore	capitolo_I	quer_pasticciaccio_adelphi	A 21	21		[…] e speranze, e cure di Salsomaggiore, sia in loco che a domicilio, e visite del professor Beltramelli e del professor Macchioro.
ref_00023	monteleone	capitolo_I	quer_pasticciaccio_adelphi	A 21	21		e prima della Virginia, chell’ata ’e Monteleone: comme se chiamava?
ref_00024	anzio	capitolo_I	quer_pasticciaccio_adelphi	A 21	21		«Jedes Jahr ein Kind, jedes Jahr ein Kind... » gli cantava quel tedesco, ad Anzio: che pareva una foca.
ref_00025	area_oltre_tevere	capitolo_I	quer_pasticciaccio_adelphi	A 21	21		Per lei, dal Tevere in giù, là, là, dietro i diroccati castelli e dopo le bionde vigne, c’era, sui colli e sui monti e nelle brevi piane d’Italia, come un grande ventre fecondo, due salpingi grasse, zigrinate d’una dovizia di granuli, il granuloso e untuoso, il felice caviale della gente.
ref_00026	via_merulana	capitolo_I	quer_pasticciaccio_adelphi	A 22	22		E a via Merulana 219, scala A, piano terzo, ci rifioriva la nipote, nel meglio grumolo, propio, del palazzo dell’Oro.
ref_00027	palazzo_219	capitolo_I	quer_pasticciaccio_adelphi	A 22	22		E a via Merulana 219, scala A, piano terzo, ci rifioriva la nipote, nel meglio grumolo, propio, del palazzo dell’Oro.
ref_00028	via_delle_oche	capitolo_I	quer_pasticciaccio_adelphi	A 22	22		lui, no, no, non era « bello »: e nemmeno gli riusciva di consolarsi con quel proverbio che aveva udito a Milano da una ragazza, al dispensario celtico di via delle Oche: « I òmen hin semper bèi. »
ref_00029	via_merulana	capitolo_I	quer_pasticciaccio_adelphi	A 24	24		Quando i due agenti gli dissero: «Se so’ sparati a via Merulana: ar ducentodicinnove: su le scale: ner palazzo de li pescicani...», un fiotto di sangue incuriosito, forse angosciato, gli inondò il ventricolo di destra.
ref_00030	palazzo_219	capitolo_I	quer_pasticciaccio_adelphi	A 24	24		Quando i due agenti gli dissero: «Se so’ sparati a via Merulana: ar ducentodicinnove: su le scale: ner palazzo de li pescicani...», un fiotto di sangue incuriosito, forse angosciato, gli inondò il ventricolo di destra.
ref_00031	via_merulana	capitolo_I	quer_pasticciaccio_adelphi	A 25	25		«Ci andate voi, Ingravallo, a via Merulana? Vedete nu poco. Na fesseria, m’hanno detto. E stamattina, con chell’ata storia della marchesa di viale Liegi... e poi ’o pasticcio ccà vicino, alle Botteghe Oscure: e poi chillo buchè ’e violette: e ddoje cugnate e ’e ttre nepote: e poi avimmo de pelà la coda dell’affare nuosto: e poi, e poi,»
ref_00032	via_botteghe_oscure	capitolo_I	quer_pasticciaccio_adelphi	A 25	25		«Ci andate voi, Ingravallo, a via Merulana? Vedete nu poco. Na fesseria, m’hanno detto. E stamattina, con chell’ata storia della marchesa di viale Liegi... e poi ’o pasticcio ccà vicino, alle Botteghe Oscure: e poi chillo buchè ’e violette: e ddoje cugnate e ’e ttre nepote: e poi avimmo de pelà la coda dell’affare nuosto: e poi, e poi,»
ref_00033	viale_liegi	capitolo_I	quer_pasticciaccio_adelphi	A 25	25		«Ci andate voi, Ingravallo, a via Merulana? Vedete nu poco. Na fesseria, m’hanno detto. E stamattina, con chell’ata storia della marchesa di viale Liegi... e poi ’o pasticcio ccà vicino, alle Botteghe Oscure: e poi chillo buchè ’e violette: e ddoje cugnate e ’e ttre nepote: e poi avimmo de pelà la coda dell’affare nuosto: e poi, e poi,» si portò una mano alla fronte, «mo’ ce vo’, chella scocciatura d’o sottosegretario. Fin a ’ncoppa a ’a capa, ve dico. Sicché faciteme ’o favore, jàtece vuje.»
ref_00034	viminale	capitolo_I	quer_pasticciaccio_adelphi	A 25	25		Saliti sul PV e discesi appunto al Viminale, presero il tram di San Giovanni. Sicché in una ventina di minuti raggiunsero il civico ducentodicinnove.
ref_00035	san_giovanni_in_laterano	capitolo_I	quer_pasticciaccio_adelphi	A 25	25		Saliti sul PV e discesi appunto al Viminale, presero il tram di San Giovanni. Sicché in una ventina di minuti raggiunsero il civico ducentodicinnove.
ref_00036	palazzo_219	capitolo_I	quer_pasticciaccio_adelphi	A 25	25		Saliti sul PV e discesi appunto al Viminale, presero il tram di San Giovanni. Sicché in una ventina di minuti raggiunsero il civico ducentodicinnove.
ref_00037	tragitto_viminale_merulana	capitolo_I	quer_pasticciaccio_adelphi	A 25	25		Saliti sul PV e discesi appunto al Viminale, presero il tram di San Giovanni. Sicché in una ventina di minuti raggiunsero il civico ducentodicinnove.
ref_00038	palazzo_219	capitolo_I	quer_pasticciaccio_adelphi	A 25	25		Il palazzo dell’Oro, o dei pescicani che fusse, era là: cinque piani, più il mezzanino. Intignazzato e grigio.
ref_00039	palazzo_219	capitolo_I	quer_pasticciaccio_adelphi	A 26	26		Ingravallo, si può dire, la conosceva col cuore: e difatti un lieve batticuore lo prese, ad avvicinare coi due agenti la ben nota architettura, investito di tanta e tanto risolutiva autorità.
ref_00040	palazzo_219	capitolo_I	quer_pasticciaccio_adelphi	A 26	26		Davanti al casermone color pidocchio, una folla: circonfusa d’una rete protettiva di biciclette.
ref_00041	palazzo_219	capitolo_I	quer_pasticciaccio_adelphi	A 26	26		Sto palazzo, drento c’è più oro che monnezza.
ref_00042	san_giovanni	capitolo_I	quer_pasticciaccio_adelphi	A 26	26		Il portone socchiuso era guardato da un brigadiere di pubblica sicurezza del commissariato San Giovanni.
ref_00043	scala_a	capitolo_I	quer_pasticciaccio_adelphi	A 27	27		Ingravallo, seguito dalla portinaia e dai due, e dai commenti di tutti, « ’a polizzia, ’a polizzia », salì al terzo piano, scala A, dove abitava la derubata.
ref_00044	sacro_cuore	capitolo_I	quer_pasticciaccio_adelphi	A 28	28		La Gina era a scuola tutto il giorno: ar Sacro Core, da le moniche: dove ci faceva colazione e anche merenda, alle volte.
ref_00045	piani_alti_219	capitolo_I	quer_pasticciaccio_adelphi	A 30	30		Quanto alle camere dei piani alti del ducentodiciannove, esse figuravano senza dubbio tra le più romanamente assolate di Roma.
ref_00046	palazzo_219	capitolo_I	quer_pasticciaccio_adelphi	A 32	32		Il ducentodiciannove, cinque piani a strada più l’attico e le due scale A e B, con alcuni uffici sulla B, al mezzanino, era un porto di mare.
ref_00047	scale	capitolo_I	quer_pasticciaccio_adelphi	A 32	32		Le scale, agiate tutte e due, l’una più buia dell’altra.
ref_00048	scala_a	capitolo_I	quer_pasticciaccio_adelphi	A 32	32		La A più tranquilla della consorella: tutti signori autentici da quella parte, du côté de chez madame.
ref_00049	santa_maria_maggiore	capitolo_I	quer_pasticciaccio_adelphi	A 33	33		E nessuno l’avea visto più. «Io sì! sul marciapiede! Venivo da Santa Maria Maggiore! Lui è scappato via...» Il patema testimoniale, appiccato il foco alle anime, deflagrava ad epos.
ref_00050	palazzo_219	capitolo_I	quer_pasticciaccio_adelphi	A 34	34		« Ecché macché! Macché un cavolo, sora Teresa mia! Che ci avrò l’occhi pe nun vedecce! ... Staressimo bene... co tutto sto viavai der palazzo... »
ref_00051	via_valadier	capitolo_I	quer_pasticciaccio_adelphi	A 36	36		Era nel bagno. Non aveva potuto aprire: forse, nemmeno avrebbe aperto. In quel torno di tempo i giornali avevano molto parlato del «tenebroso» delitto di via Valadier, poi di quell’altro, ancor più «fosco», di via Montebello.
ref_00052	via_montebello	capitolo_I	quer_pasticciaccio_adelphi	A 36	36		Era nel bagno. Non aveva potuto aprire: forse, nemmeno avrebbe aperto. In quel torno di tempo i giornali avevano molto parlato del «tenebroso» delitto di via Valadier, poi di quell’altro, ancor più «fosco», di via Montebello.
ref_00053	tranvie_dei_castelli	capitolo_I	quer_pasticciaccio_adelphi	A 36	36		Un biglietto azzurrino, quasi appallottolato, der tramme. Si chinò, lo raccattò, lo spiegò molto cautamente, col faccione chino su quel nulla: che apparve logoro, quasi. Tranvie de li Castelli. Bucato alla data del dì avanti.
ref_00054	due_santi	capitolo_I	quer_pasticciaccio_adelphi	A 36	36		« Tor... Tor… Mannaggia! la fermata prima di... Due Santi. »
ref_00055	torraccio	capitolo_I	quer_pasticciaccio_adelphi	A 36	36		« Tor... Tor… Mannaggia! la fermata prima di... Due Santi. » « È il Torraccio, » disse allora Gaudenzio, allungato il collo dietro le spalle di don Ciccio.
ref_00056	marino	capitolo_I	quer_pasticciaccio_adelphi	A 37	37		No, la servente no la gera de Marino, no la gera dei Castelli Romanni...
ref_00057	via_de_querceti	capitolo_I	quer_pasticciaccio_adelphi	A 37	37		Abitava difatti, da epoca immemorabile, in una catapecchiucola delle più tignose a via de’ Querceti, a metà, soto el dedrìo dei Santi Quattro, con una sorella, una gemella, un poco più piccina di lei, poco poco.
ref_00058	santi_quattro_coronati	capitolo_I	quer_pasticciaccio_adelphi	A 37	37		Abitava difatti, da epoca immemorabile, in una catapecchiucola delle più tignose a via de’ Querceti, a metà, soto el dedrìo dei Santi Quattro, con una sorella, una gemella, un poco più piccina di lei, poco poco.
ref_00059	santi_quattro_coronati	capitolo_I	quer_pasticciaccio_adelphi	A 37	37		Anche don Corpi avrebbe potuto dare informazioni, don Lorenzo, non lo conosceva?... Ah! che sant’uomo! propio: dei Santi Quattro Coronati: sì, perché si confessava da lui: qualche volta faceva servizio anche da lui: come rincalzo alla Rosa, la servente in titolo.
ref_00060	palazzo_219	capitolo_I	quer_pasticciaccio_adelphi	A 39	39		« E come no? » fece la Pettacchioni, « co sto porto de mare der palazzo?... Qua ce stanno fior de signori, gente de commercio, che se crede, sor commissario? » tutti sorrisero: « de quelli che poco je piace de magnà l’indivia. »
ref_00061	san_luigi_de_francesi	capitolo_I	quer_pasticciaccio_adelphi	A 40	40		Uno strano corbacchione, dio birbo, infagottato in quel suo bavero e in quella ciarpa elegiaca: un chiericone del catasto di quelli neri neri, che annidano di preferenza tra San Luigi de’ Francesi e la Minerva.
ref_00062	santa_maria_sopra_minerva	capitolo_I	quer_pasticciaccio_adelphi	A 40	40		Uno strano corbacchione, dio birbo, infagottato in quel suo bavero e in quella ciarpa elegiaca: un chiericone del catasto di quelli neri neri, che annidano di preferenza tra San Luigi de’ Francesi e la Minerva.
ref_00063	santagostino	capitolo_I	quer_pasticciaccio_adelphi	A 40	40		Impercepiti dal passante distratto e da quello che va de prescia, a ora d’agio, un piede appresso l’altro, sogliono deambulare le loro dilette stradicce, dall’arco de Sant’Agostino e da la Scrofa, pe via de le Coppelle o pel Pozzo de le Cornacchie, fin su, a Santa Maria in Aquiro.
ref_00064	via_della_scrofa	capitolo_I	quer_pasticciaccio_adelphi	A 40	40		Impercepiti dal passante distratto e da quello che va de prescia, a ora d’agio, un piede appresso l’altro, sogliono deambulare le loro dilette stradicce, dall’arco de Sant’Agostino e da la Scrofa, pe via de le Coppelle o pel Pozzo de le Cornacchie, fin su, a Santa Maria in Aquiro.
ref_00065	via_delle_coppelle	capitolo_I	quer_pasticciaccio_adelphi	A 40	40		Impercepiti dal passante distratto e da quello che va de prescia, a ora d’agio, un piede appresso l’altro, sogliono deambulare le loro dilette stradicce, dall’arco de Sant’Agostino e da la Scrofa, pe via de le Coppelle o pel Pozzo de le Cornacchie, fin su, a Santa Maria in Aquiro.
ref_00066	pozzo_delle_cornacchie	capitolo_I	quer_pasticciaccio_adelphi	A 40	40		Impercepiti dal passante distratto e da quello che va de prescia, a ora d’agio, un piede appresso l’altro, sogliono deambulare le loro dilette stradicce, dall’arco de Sant’Agostino e da la Scrofa, pe via de le Coppelle o pel Pozzo de le Cornacchie, fin su, a Santa Maria in Aquiro.
ref_00067	santa_maria_in_aquiro	capitolo_I	quer_pasticciaccio_adelphi	A 40	40		Impercepiti dal passante distratto e da quello che va de prescia, a ora d’agio, un piede appresso l’altro, sogliono deambulare le loro dilette stradicce, dall’arco de Sant’Agostino e da la Scrofa, pe via de le Coppelle o pel Pozzo de le Cornacchie, fin su, a Santa Maria in Aquiro.
ref_00068	tragitto_agostino_aquiro	capitolo_I	quer_pasticciaccio_adelphi	A 40	40		Impercepiti dal passante distratto e da quello che va de prescia, a ora d’agio, un piede appresso l’altro, sogliono deambulare le loro dilette stradicce, dall’arco de Sant’Agostino e da la Scrofa, pe via de le Coppelle o pel Pozzo de le Cornacchie, fin su, a Santa Maria in Aquiro.
ref_00069	via_colonna_vittoria	capitolo_I	quer_pasticciaccio_adelphi	A 40	40		Alle rare occasioni si avventurano chiane chiane per via Colonna o s’inoltrano agorafobici su li serci de piazza de Pietra, non senza disdegnare la fojetta, e la pizza snobistica der napoletano: e poi pe quer budello de via de Pietra arriveno magari a sfociar sul Corso, ma sabato grasso ha da essere, dirimpetto all’Enciclopedia Treccani, ai più invitanti orologi del gioielliere Catellani.
ref_00070	piazza_di_pietra	capitolo_I	quer_pasticciaccio_adelphi	A 40	40		Alle rare occasioni si avventurano chiane chiane per via Colonna o s’inoltrano agorafobici su li serci de piazza de Pietra, non senza disdegnare la fojetta, e la pizza snobistica der napoletano: e poi pe quer budello de via de Pietra arriveno magari a sfociar sul Corso, ma sabato grasso ha da essere, dirimpetto all’Enciclopedia Treccani, ai più invitanti orologi del gioielliere Catellani.
ref_00071	via_di_pietra	capitolo_I	quer_pasticciaccio_adelphi	A 40	40		Alle rare occasioni si avventurano chiane chiane per via Colonna o s’inoltrano agorafobici su li serci de piazza de Pietra, non senza disdegnare la fojetta, e la pizza snobistica der napoletano: e poi pe quer budello de via de Pietra arriveno magari a sfociar sul Corso, ma sabato grasso ha da essere, dirimpetto all’Enciclopedia Treccani, ai più invitanti orologi del gioielliere Catellani.
ref_00072	via_del_corso	capitolo_I	quer_pasticciaccio_adelphi	A 40	40		Alle rare occasioni si avventurano chiane chiane per via Colonna o s’inoltrano agorafobici su li serci de piazza de Pietra, non senza disdegnare la fojetta, e la pizza snobistica der napoletano: e poi pe quer budello de via de Pietra arriveno magari a sfociar sul Corso, ma sabato grasso ha da essere, dirimpetto all’Enciclopedia Treccani, ai più invitanti orologi del gioielliere Catellani.
ref_00073	istituto_dellenciclopedia_treccani	capitolo_I	quer_pasticciaccio_adelphi	A 40	40		Alle rare occasioni si avventurano chiane chiane per via Colonna o s’inoltrano agorafobici su li serci de piazza de Pietra, non senza disdegnare la fojetta, e la pizza snobistica der napoletano: e poi pe quer budello de via de Pietra arriveno magari a sfociar sul Corso, ma sabato grasso ha da essere, dirimpetto all’Enciclopedia Treccani, ai più invitanti orologi del gioielliere Catellani.
ref_00074	gioielliere_catellani	capitolo_I	quer_pasticciaccio_adelphi	A 40	40		Alle rare occasioni si avventurano chiane chiane per via Colonna o s’inoltrano agorafobici su li serci de piazza de Pietra, non senza disdegnare la fojetta, e la pizza snobistica der napoletano: e poi pe quer budello de via de Pietra arriveno magari a sfociar sul Corso, ma sabato grasso ha da essere, dirimpetto all’Enciclopedia Treccani, ai più invitanti orologi del gioielliere Catellani.
ref_00075	tragitto_colonna_treccani	capitolo_I	quer_pasticciaccio_adelphi	A 40	40		Alle rare occasioni si avventurano chiane chiane per via Colonna o s’inoltrano agorafobici su li serci de piazza de Pietra, non senza disdegnare la fojetta, e la pizza snobistica der napoletano: e poi pe quer budello de via de Pietra arriveno magari a sfociar sul Corso, ma sabato grasso ha da essere, dirimpetto all’Enciclopedia Treccani, ai più invitanti orologi del gioielliere Catellani.
ref_00076	santa_chiara	capitolo_I	quer_pasticciaccio_adelphi	A 41	41		Di quaresima, luttuosi e boffici, si contentano lungheggiar Santa Chiara, sotto ai due globi de’ due alberghi, fino all’elefante e al suo gentile obelisco, e alle vetrine dei rosari e delle madonne: passo passo: oppure, passo passo, riscendono: schivata per un pelo una bicicletta, imboccheno la Palommella e sfioreno er dedietro ar Panteone, già oramai però sulla via del ritorno, e come un po’ delusi del crepuscolo.
ref_00077	via_della_palombella	capitolo_I	quer_pasticciaccio_adelphi	A 41	41		Di quaresima, luttuosi e boffici, si contentano lungheggiar Santa Chiara, sotto ai due globi de’ due alberghi, fino all’elefante e al suo gentile obelisco, e alle vetrine dei rosari e delle madonne: passo passo: oppure, passo passo, riscendono: schivata per un pelo una bicicletta, imboccheno la Palommella e sfioreno er dedietro ar Panteone, già oramai però sulla via del ritorno, e come un po’ delusi del crepuscolo.
ref_00078	pantheon	capitolo_I	quer_pasticciaccio_adelphi	A 41	41		Di quaresima, luttuosi e boffici, si contentano lungheggiar Santa Chiara, sotto ai due globi de’ due alberghi, fino all’elefante e al suo gentile obelisco, e alle vetrine dei rosari e delle madonne: passo passo: oppure, passo passo, riscendono: schivata per un pelo una bicicletta, imboccheno la Palommella e sfioreno er dedietro ar Panteone, già oramai però sulla via del ritorno, e come un po’ delusi del crepuscolo.
ref_00079	tragitto_chiara_pantheon	capitolo_I	quer_pasticciaccio_adelphi	A 41	41		Di quaresima, luttuosi e boffici, si contentano lungheggiar Santa Chiara, sotto ai due globi de’ due alberghi, fino all’elefante e al suo gentile obelisco, e alle vetrine dei rosari e delle madonne: passo passo: oppure, passo passo, riscendono: schivata per un pelo una bicicletta, imboccheno la Palommella e sfioreno er dedietro ar Panteone, già oramai però sulla via del ritorno, e come un po’ delusi del crepuscolo.
ref_00080	via_campo_marzio	capitolo_I	quer_pasticciaccio_adelphi	A 41	41		Da qualche anno il commendator Angeloni s’era trasferito a via Merulana, in seguito alle demolizioni di via del Parlamento-Campo Marzio. Là ci aveva abitato da sempre.
ref_00081	via_del_parlamento	capitolo_I	quer_pasticciaccio_adelphi	A 41	41		Da qualche anno il commendator Angeloni s’era trasferito a via Merulana, in seguito alle demolizioni di via del Parlamento-Campo Marzio. Là ci aveva abitato da sempre.
ref_00082	via_merulana	capitolo_I	quer_pasticciaccio_adelphi	A 41	41		Da qualche anno il commendator Angeloni s’era trasferito a via Merulana, in seguito alle demolizioni di via del Parlamento-Campo Marzio. Là ci aveva abitato da sempre.
ref_00083	palazzo_219	capitolo_I	quer_pasticciaccio_adelphi	A 41	41		E qualche volta, del resto, glie li mandavano anche a casa ar ducentodicinnove su in cima
ref_00084	santo_stefano_del_cacco_celio_santo_stefano	capitolo_I	quer_pasticciaccio_adelphi	A 43	43		« Tenersi a disposizione » significò, in pratica, accompagnare don Ciccio sul saliscendi vario dei tramme, degli autobus, fino a Santo Stefano del Cacco.
ref_00085	maccheronaro	capitolo_I	quer_pasticciaccio_adelphi	A 43	43		«Come ve pare, commendatore. In ogni caso, quanno che volete, er Maccheronaro, qui a via der Gesù, ce sta apposta. Ce conosce tutti, che semo boni clienti. Er rosbiffe ar sangue è la specialità de Peppì.»
ref_00086	via_del_gesu	capitolo_I	quer_pasticciaccio_adelphi	A 43	43		«Come ve pare, commendatore. In ogni caso, quanno che volete, er Maccheronaro, qui a via der Gesù, ce sta apposta. Ce conosce tutti, che semo boni clienti. Er rosbiffe ar sangue è la specialità de Peppì.»
ref_00087	santo_stefano_del_cacco_celio_santo_stefano	capitolo_I	quer_pasticciaccio_adelphi	A 43	43		« A Santo Stefano der Cacco avemio da capità. Brutti posti!»
ref_00088	tevere_biferno	capitolo_I	quer_pasticciaccio_adelphi	A 44	44		Più Ingravallo si buttava al folklore, tra Tevere e Biferno, più lo pizzicava dicendo pizzicarolo e guaglione
ref_00089	via_venti_settembre	capitolo_I	quer_pasticciaccio_adelphi	A 44	44		Via Venti Settembre, co’ suoi fattorini, i suoi uscieri, gli dovette sembrare in quell’ora implacabile un paradiso più pericolante che mai: un lontano Olimpo, soprastato da un Quirino Commendatore, anzi Grand’Ufficiale, ma ahimè, poco atto a soccorrerlo.
ref_00090	via_panisperna	capitolo_I	quer_pasticciaccio_adelphi	A 45	45		«Alla portiera avete detto, una volta» (don Ciccio sbadigliò), «che compravate il prosciutto magro a via Panisperna...»
ref_00091	via_dei_serpenti	capitolo_I	quer_pasticciaccio_adelphi	A 45	45		«Giusto me lo so’ fatto mannà a casa. Dar salumaro de via Panisperna, già, in fonno in fonno, quasi all’angolo de li Serpenti... È un bolognese.»
ref_00092	via_dei_serpenti	capitolo_I	quer_pasticciaccio_adelphi	A 45	45		Il giovanotto che Gaudenzio era pervenuto a racimolare a li Serpenti fu introdotto a sua volta.
ref_00093	via_panisperna	capitolo_I	quer_pasticciaccio_adelphi	A 45	45		Fu spedito Gaudenzio a via Panisperna.
ref_00094	via_merulana	capitolo_I	quer_pasticciaccio_adelphi	A 46	46		«È venuto a bottega l’anno passato, quarche vorta: poi nun s’è più visto. Una vorta j’ho portato a casa un presciutto de montagna, fino su, a via Merulana. Pioveva forte, che me so’ fracicato.»
ref_00095	via_merulana	capitolo_I	quer_pasticciaccio_adelphi	A 47	47		« E poi, e poi, quann’è ch’è venuto, questo qui, a via Merulana? Un anno fa? Quello che dich’io saranno dua o tre mesi, pe dì tanto. Era poco doppo li morti.
ref_00096	via_panisperna	capitolo_I	quer_pasticciaccio_adelphi	A 48	48		«[…] Pe sentì dì da la gente: avemo visto er commendator Angeloni a via Panisperna che arrancava co un caciocavallo in collo? co du fiaschi uno de qua uno de là? che pareveno du gemelli, in collo a la balia…?»
ref_00097	palazzo_219	capitolo_I	quer_pasticciaccio_adelphi	A 49	49		Era scritto che il ducentodiciannove de via Merulana, il palazzo dell’Oro, o dei pescicani che fosse, era scritto: che doveva fiorire anche lui un bel viore, come tant’altri fabbricati ’e sto munno, del resto.
ref_00098	scala_a	capitolo_I	quer_pasticciaccio_adelphi	A 49	49		via Manuela – Menegazzi – Bottafavi – Pernetti Alda e fratello (scala A)
ref_00099	scala_b	capitolo_I	quer_pasticciaccio_adelphi	A 49	49		oppure via Manuela – Orestino Bozzi – sora Elodia – Enea Cucco (scala B)
ref_00100	san_giovanni_in_laterano	capitolo_I	quer_pasticciaccio_adelphi	A 51	51		Ai giardinetti di San Giovanni, dove la Tina la conduceva a passeggio, quella smemorata: e invece di badarle, c’era dimolti perdigiorno che le badavan loro a lei: all’Assunta.
ref_00101	terzo_piano_219	capitolo_I	quer_pasticciaccio_adelphi	A 52	52		der terzo piano der ducentodicinnove (scala A, spiegamese bene, che la B è un artro conto)
ref_00102	scala_a	capitolo_I	quer_pasticciaccio_adelphi	A 52	52		der terzo piano der ducentodicinnove (scala A, spiegamese bene, che la B è un artro conto)
ref_00103	scala_b	capitolo_I	quer_pasticciaccio_adelphi	A 52	52		der terzo piano der ducentodicinnove (scala A, spiegamese bene, che la B è un artro conto)
ref_00104	san_clemente	capitolo_I	quer_pasticciaccio_adelphi	A 52	52		Di quel nome e di quelle gioie, vere o supposte, di quel mucchio d’ori della «contessa» der terzo piano der ducentodicinnove (scala A, spiegamese bene, che la B è un artro conto) pe tutta via Merulana e Labbicana insino a Sant’Antonio de Padova e a San Clemente e a li Santi Quattro, l’epos omai s’era insignorito, e mannava fora bagliori, lividori: come fiamma dalla carta unta.
ref_00105	santantonio_da_padova	capitolo_I	quer_pasticciaccio_adelphi	A 52	52		Di quel nome e di quelle gioie, vere o supposte, di quel mucchio d’ori della «contessa» der terzo piano der ducentodicinnove (scala A, spiegamese bene, che la B è un artro conto) pe tutta via Merulana e Labbicana insino a Sant’Antonio de Padova e a San Clemente e a li Santi Quattro, l’epos omai s’era insignorito, e mannava fora bagliori, lividori: come fiamma dalla carta unta.
ref_00106	santi_quattro_coronati	capitolo_I	quer_pasticciaccio_adelphi	A 52	52		Di quel nome e di quelle gioie, vere o supposte, di quel mucchio d’ori della «contessa» der terzo piano der ducentodicinnove (scala A, spiegamese bene, che la B è un artro conto) pe tutta via Merulana e Labbicana insino a Sant’Antonio de Padova e a San Clemente e a li Santi Quattro, l’epos omai s’era insignorito, e mannava fora bagliori, lividori: come fiamma dalla carta unta.
ref_00107	via_labbricana	capitolo_I	quer_pasticciaccio_adelphi	A 52	52		Di quel nome e di quelle gioie, vere o supposte, di quel mucchio d’ori della «contessa» der terzo piano der ducentodicinnove (scala A, spiegamese bene, che la B è un artro conto) pe tutta via Merulana e Labbicana insino a Sant’Antonio de Padova e a San Clemente e a li Santi Quattro, l’epos omai s’era insignorito, e mannava fora bagliori, lividori: come fiamma dalla carta unta.
ref_00108	via_merulana	capitolo_I	quer_pasticciaccio_adelphi	A 52	52		Di quel nome e di quelle gioie, vere o supposte, di quel mucchio d’ori della «contessa» der terzo piano der ducentodicinnove (scala A, spiegamese bene, che la B è un artro conto) pe tutta via Merulana e Labbicana insino a Sant’Antonio de Padova e a San Clemente e a li Santi Quattro, l’epos omai s’era insignorito, e mannava fora bagliori, lividori: come fiamma dalla carta unta.
ref_00109	cobianchi	capitolo_I	quer_pasticciaccio_adelphi	A 53	53		sicché lo aveva lasciato da Cobianchi a San Lorenzo in Lucina, l’anello, sapete bene, là dentro l’angolo di Palazzo Ruspoli, un po’ sottoterra però, e poi però miracolosamente lo ritrovò
ref_00110	piazza_san_lorenzo_in_lucina	capitolo_I	quer_pasticciaccio_adelphi	A 53	53		sicché lo aveva lasciato da Cobianchi a San Lorenzo in Lucina, l’anello, sapete bene, là dentro l’angolo di Palazzo Ruspoli, un po’ sottoterra però, e poi però miracolosamente lo ritrovò
ref_00111	palazzo_ruspoli	capitolo_I	quer_pasticciaccio_adelphi	A 53	53		sicché lo aveva lasciato da Cobianchi a San Lorenzo in Lucina, l’anello, sapete bene, là dentro l’angolo di Palazzo Ruspoli, un po’ sottoterra però, e poi però miracolosamente lo ritrovò
ref_00112	san_silvestro_in_capite	capitolo_I	quer_pasticciaccio_adelphi	A 53	53		previa accensione d’una candela a sant’Antonio ch’entrò apposta a San Silvestro a falla accenne, e solo dopo avella accesa ritornò addietro a cercallo;
ref_00113	celio	capitolo_I	quer_pasticciaccio_adelphi	A 53	53		Solo che mercoledì alle nove il dottor Fumi, allo scorrere un po’ di malavoglia e con uno sbadiglio ritardatario la nota (de le belle donne del dì prima), sostò con l’occhio sulle generalità d’una tizia fermata al Celio, e qualificata... cucitrice senza dimora fissa, da... Torraccio.
ref_00114	torraccio	capitolo_I	quer_pasticciaccio_adelphi	A 53	53		Solo che mercoledì alle nove il dottor Fumi, allo scorrere un po’ di malavoglia e con uno sbadiglio ritardatario la nota (de le belle donne del dì prima), sostò con l’occhio sulle generalità d’una tizia fermata al Celio, e qualificata... cucitrice senza dimora fissa, da... Torraccio.
ref_00115	torraccio	capitolo_I	quer_pasticciaccio_adelphi	A 54	54		Il nome de la località, il Torraccio, non appena intravisto da la coda dell’occhio destro, lo indusse a riflettere.
ref_00116	torraccio	capitolo_I	quer_pasticciaccio_adelphi	A 54	54		E la schedina ripeté: Cionini Ines, anni 20, da Torraccio, nubbile: al « senza fissa dimora » una crocetta, che voleva dire: sì, propio senza
ref_00117	san_giovanni	capitolo_I	quer_pasticciaccio_adelphi	A 54	54		Aveva ingiuriato gli agenti con l’epiteto cafoni. «Pattuglione Celio-Santo Stefano, commissariato San Giovanni».
ref_00118	santo_stefano_del_cacco_celio_santo_stefano	capitolo_I	quer_pasticciaccio_adelphi	A 54	54		Aveva ingiuriato gli agenti con l’epiteto cafoni. «Pattuglione Celio-Santo Stefano, commissariato San Giovanni».
ref_00119	santo_stefano_rotondo	capitolo_I	quer_pasticciaccio_adelphi	A 54	54		Il fatto era una specie di limosina, quattro lire (di allora, però), ch’ella aveva implorato e ottenuto da un passante: col quale s’ereno confabulati all’impiedi un minuto e mezzo, nel favore della tenebra e di Santo Stefano Rotondo.
ref_00120	via_frangipane	capitolo_I	quer_pasticciaccio_adelphi	A 54	54		Due o tre fermi a casaccio, «nei soliti ambienti»: che furono, per quella volta, una bigia latteria, un casino di quint’ordine a via Frangipane, e una panchina a Santa Croce.
ref_00121	santa_croce_in_gerusalemme	capitolo_I	quer_pasticciaccio_adelphi	A 54	54		Due o tre fermi a casaccio, «nei soliti ambienti»: che furono, per quella volta, una bigia latteria, un casino di quint’ordine a via Frangipane, e una panchina a Santa Croce.
ref_00122	marino	capitolo_II	quer_pasticciaccio_adelphi	A 55	55		Quella mattina, giovedì finarmente! Ingravallo si poté concedere una scappata a Marino.
ref_00123	viminale	capitolo_II	quer_pasticciaccio_adelphi	A 55	55		S’era portato appresso Gaudenzio: poi però mutò idea e al Viminale lo licenziò, raccomandandogli alcuni altri affarucci.
ref_00124	marino	capitolo_II	quer_pasticciaccio_adelphi	A 55	55		A Marino, artro che quel’ambrosia ce sta! a la grotta der sor Pippo ce steva un bianco malvagio
ref_00125	grotta_de_sor_pippo	capitolo_II	quer_pasticciaccio_adelphi	A 55	55		A Marino, artro che quel’ambrosia ce sta! a la grotta der sor Pippo ce steva un bianco malvagio
ref_00126	via_merulana	capitolo_II	quer_pasticciaccio_adelphi	A 56	56		Nei due giorni precedenti, oltre a tutto il resto – non c’è solo via Merulana a sto monno – era stato due volte alla direzione delle tranvie dei Castelli
ref_00127	tranvie_dei_castelli	capitolo_II	quer_pasticciaccio_adelphi	A 56	56		Nei due giorni precedenti, oltre a tutto il resto – non c’è solo via Merulana a sto monno – era stato due volte alla direzione delle tranvie dei Castelli
ref_00128	torraccio	capitolo_II	quer_pasticciaccio_adelphi	A 56	56		Il numero progressivo e la serie del biglietto, il foro alla data, 13, e lo strappo a la fermata, il Torraccio, avevano felicemente consentito di stabilire giorno ora vettura d’emissione del biglietto
ref_00129	due_santi	capitolo_II	quer_pasticciaccio_adelphi	A 56	56		Ai Due Santi, al Torraccio, a le Frattocchie, la domenica di primo pomeriggio, era salita una quantità di persone: una folla.
ref_00130	torraccio	capitolo_II	quer_pasticciaccio_adelphi	A 56	56		Ai Due Santi, al Torraccio, a le Frattocchie, la domenica di primo pomeriggio, era salita una quantità di persone: una folla.
ref_00131	frattocchie	capitolo_II	quer_pasticciaccio_adelphi	A 56	56		Ai Due Santi, al Torraccio, a le Frattocchie, la domenica di primo pomeriggio, era salita una quantità di persone: una folla.
ref_00132	tragitto_duesanti_frattocchie	capitolo_II	quer_pasticciaccio_adelphi	A 56	56		Ai Due Santi, al Torraccio, a le Frattocchie, la domenica di primo pomeriggio, era salita una quantità di persone: una folla.
ref_00133	via_dazeglio	capitolo_II	quer_pasticciaccio_adelphi	A 56	56		Erano dunque le undici. Il dottor Ingravallo stava per salire sul tram, all’angolo di via D’Azeglio.
ref_00134	pincio	capitolo_II	quer_pasticciaccio_adelphi	A 56	56		Le poche macchine a disposizione della polizia vagavano raminghe pel septimonzio, o impegnate a foro o a terrazza, o ar Pincio o ar Giannicolo, così
ref_00135	gianicolo	capitolo_II	quer_pasticciaccio_adelphi	A 56	56		Le poche macchine a disposizione della polizia vagavano raminghe pel septimonzio, o impegnate a foro o a terrazza, o ar Pincio o ar Giannicolo, così
ref_00136	collegio_romano	capitolo_II	quer_pasticciaccio_adelphi	A 57	57		o se faceveno una pennichella, ar Colleggio Romano, come tanti strucchioni de piazza, però pronte pe daje er giro puro a loro, nun se sa mai.
ref_00137	molo_beverello	capitolo_II	quer_pasticciaccio_adelphi	A 57	57		riversati a branchi sul molo Beverello dagli scalandroni d’ogni più roco piroscafo.
ref_00138	palazzo_chigi	capitolo_II	quer_pasticciaccio_adelphi	A 57	57		Giornalisti itecaquani lo andavano intervistare a palazzo Chigi, le sue rare opinioni, ghiotti ghiotti, le annotavano in un’agendina presto presto, da non lasciarne addietro un sol micolo.
ref_00139	collegio_romano	capitolo_II	quer_pasticciaccio_adelphi	A 58	58		Le macchine de la questura « stazzionaveno »: ar Collegio Romano.
ref_00140	via_dazeglio	capitolo_II	quer_pasticciaccio_adelphi	A 58	58		Ereno le undici der dicissette marzo e il dottor Ingravallo, a via D’Azeglio, aveva già un piede sur predellino e teneva già con la man destra, a ghindarsi in tramme, il poggiamano di ottone
ref_00141	via_merulana	capitolo_II	quer_pasticciaccio_adelphi	A 58	58		«a via Merulana... è successo un orrore... stamattina presto. Hanno telefonato ch’ereno le dieci e mezza [...]. »
ref_00142	via_merulana	capitolo_II	quer_pasticciaccio_adelphi	A 59	59		«Sor dottó, l’ha trovata suo cugino, il dottor Vallarena... Valdassena. Hanno telefonato subbito in questura. Mo è là puro lui, a via Merulana. Ho dato disposizzioni. Mi ha detto che lo conosce. Dice,»
ref_00143	via_merulana	capitolo_II	quer_pasticciaccio_adelphi	A 59	59		Giunti a via Merulana, la folla. Davanti il portone il nero della folla, con la sua corona de rote de bicicletta. «Fate passare, polizia.» Ognuno si scostò. Er portone era chiuso.
ref_00144	dosso_faiti	capitolo_II	quer_pasticciaccio_adelphi	A 61	61		Er sangue aveva impiastrato tutto er collo, er davanti de la camicetta, una manica: la mano: una spaventevole colatura d’un rosso nero, da Faiti o da Cengio (don Ciccio rammemorò subito, con un lontano pianto nell’anima, povera mamma!).
ref_00145	monte_cengio	capitolo_II	quer_pasticciaccio_adelphi	A 61	61		Er sangue aveva impiastrato tutto er collo, er davanti de la camicetta, una manica: la mano: una spaventevole colatura d’un rosso nero, da Faiti o da Cengio (don Ciccio rammemorò subito, con un lontano pianto nell’anima, povera mamma!).
ref_00146	ostia	capitolo_II	quer_pasticciaccio_adelphi	A 62	62		pareva d’esse a Ostia d’estate, o ar Forte de marmo de Viareggio, quanno so sdraiate su la rena a cocese, che te fanno vede tutto quello che vonno.
ref_00147	forte_de_marmi	capitolo_II	quer_pasticciaccio_adelphi	A 62	62		pareva d’esse a Ostia d’estate, o ar Forte de marmo de Viareggio, quanno so sdraiate su la rena a cocese, che te fanno vede tutto quello che vonno.
ref_00148	genova	capitolo_II	quer_pasticciaccio_adelphi	A 63	63		Parto dopodomani per Genova. Mi sembrava d’averlo pure accennato, che mi stabilisco a Genova; quando c’era lei, quella domenica, a pranzo. Ho già disdetto la camera.
ref_00149	via_nicotera	capitolo_II	quer_pasticciaccio_adelphi	A 63	63		«Per Genova!» esclamò don Ciccio soprappensiero. «Quale camera?...» «La camera, dove sto de casa, a via Nicotera ventuno.»
ref_00150	scala_b	capitolo_II	quer_pasticciaccio_adelphi	A 63	63		La Pettacchioni rientrò, confermò. Era sulla scala B, per le pulizzie der giorno. Aveva principiato dall’alto, naturalmente. In realtà, granata alla mano, prima stava a parlottà sur pianerottolo, co la sora Cucco der quinto, de la scala B
ref_00151	sacro_cuore	capitolo_II	quer_pasticciaccio_adelphi	A 65	65		Riferirono ad Ingravallo che la Gina, la pupilla, era tornata dar Sacro Core, in quer momento. Il giovedì rientrava all’una: per la colazione. [...] Sì, un po’ prima della Gina, che annava ar Sacro Core alle otto. Non volle sostare a quella vista: «Nun me riesce de guardalla.» Se fece er segno de la croce.
ref_00152	milano	capitolo_II	quer_pasticciaccio_adelphi	A 65	65		Il Balducci doveva arrivare da Milano l’indomani... o da Verona.
ref_00153	verona	capitolo_II	quer_pasticciaccio_adelphi	A 65	65		Il Balducci doveva arrivare da Milano l’indomani... o da Verona.
ref_00154	palazzo_219	capitolo_II	quer_pasticciaccio_adelphi	A 66	66		Diceva che il palazzo aveva la maledizione dentro i muri.
ref_00155	sacro_cuore	capitolo_II	quer_pasticciaccio_adelphi	A 66	66		Sì, un po’ prima della Gina, che annava ar Sacro Core alle otto.
ref_00156	corso_umberto	capitolo_II	quer_pasticciaccio_adelphi	A 67	67		Ma «il velo del più fitto mistero incombeva sul delitto», dicevano più tardi le ultimissime della notte, d’un giornale che ce l’aveva fatta, a fallo strillà pe Corso Umberto.
ref_00157	vado_ligure	capitolo_II	quer_pasticciaccio_adelphi	A 67	67		Per qualche tempo aveva prestato servizio a Vado Ligure, poi a Roma.
ref_00158	genova	capitolo_II	quer_pasticciaccio_adelphi	A 67	67		Adesso era in procinto de trasferisse a Genova, oltreché di sposarsi.
ref_00159	cantinone_albano	capitolo_II	quer_pasticciaccio_adelphi	A 67	67		Balducci ne aveva parlato a Ingravallo, incontrandolo ar Cantinone, con qualche allusiva bonaria all’età fervida, oltreché alla carenza, che lo affliggeva
ref_00160	cantinone_albano	capitolo_II	quer_pasticciaccio_adelphi	A 68	68		Ingravallo era de faccia scura, quela sera, ar Cantinone d’Albano: la rubiconda indulgenza e quasi anzi sodalità maschile del Balducci e signor marito con uno stecco fra i denti gli sapeva un po’ troppo de bona digestione...
ref_00161	monte_matese	capitolo_II	quer_pasticciaccio_adelphi	A 68	68		lui venuto da poveri, duri anni, dallo scarno monte Matese a le procedure e a le scartoffie de la legge, misero e pertinace indagatore dei fatti, o delle anime, secondo la legge.
ref_00162	via_dei_banchi_vecchi	capitolo_II	quer_pasticciaccio_adelphi	A 69	69		Faceva er maschietto tosto, o er tu-mi-stufi, certe volte, o er superbioso; o er signorino de casa de famija scerta der generone de via de li Banchi Vecchi: o l’uomo d’affari, che nun cià tempo de stà a discorre.
ref_00163	regina_coeli	capitolo_II	quer_pasticciaccio_adelphi	A 69	69		Solo più tardi, la mattina dopo, anzi, la Procura del Re tramutò il fermo in arresto provvisorio: e dispose per il mandato relativo: ad arresto avvenuto, e con l’intestatario del mandato a Regina Coeli.
ref_00164	milano	capitolo_II	quer_pasticciaccio_adelphi	A 70	70		Milano, Padova, eventualmente Bologna, perché aveva da annà pure a Padova.
ref_00165	padova	capitolo_II	quer_pasticciaccio_adelphi	A 70	70		Milano, Padova, eventualmente Bologna, perché aveva da annà pure a Padova.
ref_00166	bologna	capitolo_II	quer_pasticciaccio_adelphi	A 70	70		Milano, Padova, eventualmente Bologna, perché aveva da annà pure a Padova.
ref_00167	tranvie_dei_castelli	capitolo_II	quer_pasticciaccio_adelphi	A 73	73		Levò meccanicamente di tasca il biglietto: dalla tasca destra della giacca, dove lo aveva riposto la mattina, e dove stava ancora dopo tanta pena del giorno: con mezza sigheretta e con alcune briciole: il biglietto allungato verdolino-azzurro delle Tranvie de li Castelli, cor buco ner 13, con quell’altro foro o strappo al Torraccio.
ref_00168	torraccio	capitolo_II	quer_pasticciaccio_adelphi	A 73	73		Levò meccanicamente di tasca il biglietto: dalla tasca destra della giacca, dove lo aveva riposto la mattina, e dove stava ancora dopo tanta pena del giorno: con mezza sigheretta e con alcune briciole: il biglietto allungato verdolino-azzurro delle Tranvie de li Castelli, cor buco ner 13, con quell’altro foro o strappo al Torraccio.
ref_00169	scala_a	capitolo_II	quer_pasticciaccio_adelphi	A 74	74		Il primo, mbè, un’« audacissima » rapina, a opera d’un malvivente molto bene informato, se non molto pratico, degli usi e costumi del ducentodiciannove scala A.
ref_00170	via_dei_serpenti	capitolo_II	quer_pasticciaccio_adelphi	A 74	74		«’O cummendatore Angelone!» sospirò con certa enfasi. «A chillu lle piaceno ’e carcioffole. Jammo a vedè. ’O presutto ’e montagna ’e via Panesperna lle piace. Laggiù al cantone, all’angolo di via dei Serpenti.»
ref_00171	via_panisperna	capitolo_II	quer_pasticciaccio_adelphi	A 74	74		«’O cummendatore Angelone!» sospirò con certa enfasi. «A chillu lle piaceno ’e carcioffole. Jammo a vedè. ’O presutto ’e montagna ’e via Panesperna lle piace. Laggiù al cantone, all’angolo di via dei Serpenti.»
ref_00172	via_de_merli	capitolo_II	quer_pasticciaccio_adelphi	A 75	75		L’ambo non esce poi così di rado alla ruota di Napoli, o di Bari, o di Roma pure, che anche lì a via de’ Merli, a quel migragnoso falanstero del ducentodiciannove imbottito d’oro non potesse uscirgli fora il suo bravo ambo anche a lui.
ref_00173	san_giovanni_in_laterano	capitolo_II	quer_pasticciaccio_adelphi	A 75	75		Senz’altra connessione che la topica, cioè la causale esterna ’e chella gran fama dei pescicani pesci: e del loro oro del diavolo. Fama ubiqua, oramai, pe tutto San Giovanni: da Porta Maggiore insino al Celio, insino all’antica marana, la suburra: in dove però il vino è gelato, l’estate.
ref_00174	porta_maggiore	capitolo_II	quer_pasticciaccio_adelphi	A 75	75		Fama ubiqua, oramai, pe tutto San Giovanni: da Porta Maggiore insino al Celio, insino all’antica marana, la suburra: in dove però il vino è gelato, l’estate.
ref_00175	celio	capitolo_II	quer_pasticciaccio_adelphi	A 75	75		L’ambo non auspicato del delitto. Tac, tac. Senz’altra connessione che la topica, cioè la causale esterna ’e chella gran fama dei pescicani pesci: e del loro oro del diavolo. Fama ubiqua, oramai, pe tutto San Giovanni: da Porta Maggiore insino al Celio, insino all’antica marana, la suburra: in dove però il vino è gelato, l’estate.
ref_00176	suburra	capitolo_II	quer_pasticciaccio_adelphi	A 75	75		L’ambo non auspicato del delitto. Tac, tac. Senz’altra connessione che la topica, cioè la causale esterna ’e chella gran fama dei pescicani pesci: e del loro oro del diavolo. Fama ubiqua, oramai, pe tutto San Giovanni: da Porta Maggiore insino al Celio, insino all’antica marana, la suburra: in dove però il vino è gelato, l’estate.
ref_00177	via_merulana	capitolo_III	quer_pasticciaccio_adelphi	A 76	76		La mattina dopo i giornali diedero notizia del fatto. Era venerdì. Li cronisti e il telefono aveveno rotto l’anima tutta la sera: tanto a via Merulana che giù, a Sante Stefene. Sicché, la mattina, un subisso. «Orribile delitto a via Merulana,» gridavano li strilloni, co li pacchi fra li ginocchi de la gente: fino all’undici e tre quarti.
ref_00178	santo_stefano_rotondo	capitolo_III	quer_pasticciaccio_adelphi	A 76	76		La mattina dopo i giornali diedero notizia del fatto. Era venerdì. Li cronisti e il telefono aveveno rotto l’anima tutta la sera: tanto a via Merulana che giù, a Sante Stefene.
ref_00179	piazza_vittorio_emanuele	capitolo_III	quer_pasticciaccio_adelphi	A 76	76		Ereno passati li tempi belli... che pe un pizzico ar mandolino d’una serva a piazza Vittorio, c’era un brodo longo de mezza paggina.
ref_00180	palazzo_chigi	capitolo_III	quer_pasticciaccio_adelphi	A 77	77		Pensare che ce fossero dei ladri, a Roma, ora? Co quer gallinaccio co la faccia fanatica a Palazzo Chiggi?
ref_00181	lungara	capitolo_III	quer_pasticciaccio_adelphi	A 77	77		o quanno che se sbaciucchiaveno ar cinema? tutti li cani in fregola de la Lungara? Cor Papa milanese e co l’Anno Santo de du anni prima?
ref_00182	borgo_pio	capitolo_III	quer_pasticciaccio_adelphi	A 77	77		Lunghe teorie di nerovestite, affittato er velo nero da cerimonia a Borgo Pio, a Piazza Rusticucci, a Borgo Vecchio, si attruppavano sotto ar colonnato, basivano a Porta Angelica, e poi traverso li cancelli de Sant’Anna, p’annà a riceve la benedizzione apostolica da Papa Ratti, un milanese de semenza bona de Saronno de quelli tosti, che fabbricava li palazzi.
ref_00183	borgo_vecchio	capitolo_III	quer_pasticciaccio_adelphi	A 77	77		Lunghe teorie di nerovestite, affittato er velo nero da cerimonia a Borgo Pio, a Piazza Rusticucci, a Borgo Vecchio, si attruppavano sotto ar colonnato, basivano a Porta Angelica, e poi traverso li cancelli de Sant’Anna, p’annà a riceve la benedizzione apostolica da Papa Ratti, un milanese de semenza bona de Saronno de quelli tosti, che fabbricava li palazzi.
ref_00184	piazza_rusticucci	capitolo_III	quer_pasticciaccio_adelphi	A 77	77		Lunghe teorie di nerovestite, affittato er velo nero da cerimonia a Borgo Pio, a Piazza Rusticucci, a Borgo Vecchio, si attruppavano sotto ar colonnato, basivano a Porta Angelica, e poi traverso li cancelli de Sant’Anna, p’annà a riceve la benedizzione apostolica da Papa Ratti, un milanese de semenza bona de Saronno de quelli tosti, che fabbricava li palazzi.
ref_00185	porta_angelica	capitolo_III	quer_pasticciaccio_adelphi	A 77	77		Lunghe teorie di nerovestite, affittato er velo nero da cerimonia a Borgo Pio, a Piazza Rusticucci, a Borgo Vecchio, si attruppavano sotto ar colonnato, basivano a Porta Angelica, e poi traverso li cancelli de Sant’Anna, p’annà a riceve la benedizzione apostolica da Papa Ratti, un milanese de semenza bona de Saronno de quelli tosti, che fabbricava li palazzi.
ref_00186	santanna	capitolo_III	quer_pasticciaccio_adelphi	A 77	77		Lunghe teorie di nerovestite, affittato er velo nero da cerimonia a Borgo Pio, a Piazza Rusticucci, a Borgo Vecchio, si attruppavano sotto ar colonnato, basivano a Porta Angelica, e poi traverso li cancelli de Sant’Anna, p’annà a riceve la benedizzione apostolica da Papa Ratti, un milanese de semenza bona de Saronno de quelli tosti, che fabbricava li palazzi.
ref_00187	colonnato_san_pietro	capitolo_III	quer_pasticciaccio_adelphi	A 77	77		Lunghe teorie di nerovestite, affittato er velo nero da cerimonia a Borgo Pio, a Piazza Rusticucci, a Borgo Vecchio, si attruppavano sotto ar colonnato, basivano a Porta Angelica, e poi traverso li cancelli de Sant’Anna, p’annà a riceve la benedizzione apostolica da Papa Ratti, un milanese de semenza bona de Saronno de quelli tosti, che fabbricava li palazzi.
ref_00188	cantinone_albano	capitolo_III	quer_pasticciaccio_adelphi	A 78	78		Gli pareva di ricordare una frase del Balducci, una sera alla « cantina di Albano », uscita come a un benigno opinante da quel suo faccione rubizzo
ref_00189	via_merulana	capitolo_III	quer_pasticciaccio_adelphi	A 80	80		« L’appartamento di via Merulana era proprietà di lui. Affari, interessenze in affari, compartecipazioni de ccà e de là. […]»
ref_00190	via_capo_dafrica	capitolo_III	quer_pasticciaccio_adelphi	A 81	81		La necessaria frequenza della malavita, l’approfondimento abbreviato, ottenuto così per intuito, de queli «stati de famija», lo aveveno ridotto che lui, là pe llà, te spifferava tutte le «coabitazzione», ponghiamo, de via Capo d’Africa o de via Frangipani, e fin su a li Zingari, a via de li Capocci, ar vicolo Ciancaleoni: e giù poi, passata piazza Montanara nun ne parlamo nemmeno, a via de Monte Caprino, ar vicolo de la Bucimazza, a via de’ Fienili: quanti nun ne conosceva!
ref_00191	via_frangipane	capitolo_III	quer_pasticciaccio_adelphi	A 81	81		La necessaria frequenza della malavita, l’approfondimento abbreviato, ottenuto così per intuito, de queli «stati de famija», lo aveveno ridotto che lui, là pe llà, te spifferava tutte le «coabitazzione», ponghiamo, de via Capo d’Africa o de via Frangipani, e fin su a li Zingari, a via de li Capocci, ar vicolo Ciancaleoni: e giù poi, passata piazza Montanara nun ne parlamo nemmeno, a via de Monte Caprino, ar vicolo de la Bucimazza, a via de’ Fienili: quanti nun ne conosceva!
ref_00192	via_degli_zingari	capitolo_III	quer_pasticciaccio_adelphi	A 81	81		La necessaria frequenza della malavita, l’approfondimento abbreviato, ottenuto così per intuito, de queli «stati de famija», lo aveveno ridotto che lui, là pe llà, te spifferava tutte le «coabitazzione», ponghiamo, de via Capo d’Africa o de via Frangipani, e fin su a li Zingari, a via de li Capocci, ar vicolo Ciancaleoni: e giù poi, passata piazza Montanara nun ne parlamo nemmeno, a via de Monte Caprino, ar vicolo de la Bucimazza, a via de’ Fienili: quanti nun ne conosceva!
ref_00193	via_dei_capocci	capitolo_III	quer_pasticciaccio_adelphi	A 81	81		La necessaria frequenza della malavita, l’approfondimento abbreviato, ottenuto così per intuito, de queli «stati de famija», lo aveveno ridotto che lui, là pe llà, te spifferava tutte le «coabitazzione», ponghiamo, de via Capo d’Africa o de via Frangipani, e fin su a li Zingari, a via de li Capocci, ar vicolo Ciancaleoni: e giù poi, passata piazza Montanara nun ne parlamo nemmeno, a via de Monte Caprino, ar vicolo de la Bucimazza, a via de’ Fienili: quanti nun ne conosceva!
ref_00194	vicolo_ciancaleoni	capitolo_III	quer_pasticciaccio_adelphi	A 81	81		La necessaria frequenza della malavita, l’approfondimento abbreviato, ottenuto così per intuito, de queli «stati de famija», lo aveveno ridotto che lui, là pe llà, te spifferava tutte le «coabitazzione», ponghiamo, de via Capo d’Africa o de via Frangipani, e fin su a li Zingari, a via de li Capocci, ar vicolo Ciancaleoni: e giù poi, passata piazza Montanara nun ne parlamo nemmeno, a via de Monte Caprino, ar vicolo de la Bucimazza, a via de’ Fienili: quanti nun ne conosceva!
ref_00195	piazza_montanara	capitolo_III	quer_pasticciaccio_adelphi	A 81	81		La necessaria frequenza della malavita, l’approfondimento abbreviato, ottenuto così per intuito, de queli «stati de famija», lo aveveno ridotto che lui, là pe llà, te spifferava tutte le «coabitazzione», ponghiamo, de via Capo d’Africa o de via Frangipani, e fin su a li Zingari, a via de li Capocci, ar vicolo Ciancaleoni: e giù poi, passata piazza Montanara nun ne parlamo nemmeno, a via de Monte Caprino, ar vicolo de la Bucimazza, a via de’ Fienili: quanti nun ne conosceva!
ref_00196	via_monte_caprino	capitolo_III	quer_pasticciaccio_adelphi	A 81	81		La necessaria frequenza della malavita, l’approfondimento abbreviato, ottenuto così per intuito, de queli «stati de famija», lo aveveno ridotto che lui, là pe llà, te spifferava tutte le «coabitazzione», ponghiamo, de via Capo d’Africa o de via Frangipani, e fin su a li Zingari, a via de li Capocci, ar vicolo Ciancaleoni: e giù poi, passata piazza Montanara nun ne parlamo nemmeno, a via de Monte Caprino, ar vicolo de la Bucimazza, a via de’ Fienili: quanti nun ne conosceva!
ref_00197	vicolo_della_bucimazza	capitolo_III	quer_pasticciaccio_adelphi	A 81	81		La necessaria frequenza della malavita, l’approfondimento abbreviato, ottenuto così per intuito, de queli «stati de famija», lo aveveno ridotto che lui, là pe llà, te spifferava tutte le «coabitazzione», ponghiamo, de via Capo d’Africa o de via Frangipani, e fin su a li Zingari, a via de li Capocci, ar vicolo Ciancaleoni: e giù poi, passata piazza Montanara nun ne parlamo nemmeno, a via de Monte Caprino, ar vicolo de la Bucimazza, a via de’ Fienili: quanti nun ne conosceva!
ref_00198	via_dei_fienili	capitolo_III	quer_pasticciaccio_adelphi	A 81	81		La necessaria frequenza della malavita, l’approfondimento abbreviato, ottenuto così per intuito, de queli «stati de famija», lo aveveno ridotto che lui, là pe llà, te spifferava tutte le «coabitazzione», ponghiamo, de via Capo d’Africa o de via Frangipani, e fin su a li Zingari, a via de li Capocci, ar vicolo Ciancaleoni: e giù poi, passata piazza Montanara nun ne parlamo nemmeno, a via de Monte Caprino, ar vicolo de la Bucimazza, a via de’ Fienili: quanti nun ne conosceva!
ref_00199	palazzo_pio	capitolo_III	quer_pasticciaccio_adelphi	A 81	81		[...] o intorno a quell’antra tigna de Palazzo Pio, pe tutti queli budelli de dietro a Sant’Andrea de la Valle, a Grotta Pinta, a via di Ferro, ar vicolo de le Grotte der Teatro: e magari a piazza Pollarola, con tutto che so’ gente der generone, magara, ma quarche aggregato un po’ misto o quarche tipo nun tanto in bona co la squadra mobbile ce po puro stà.
ref_00200	santandrea_della_valle	capitolo_III	quer_pasticciaccio_adelphi	A 81	81		[...] o intorno a quell’antra tigna de Palazzo Pio, pe tutti queli budelli de dietro a Sant’Andrea de la Valle, a Grotta Pinta, a via di Ferro, ar vicolo de le Grotte der Teatro: e magari a piazza Pollarola, con tutto che so’ gente der generone, magara, ma quarche aggregato un po’ misto o quarche tipo nun tanto in bona co la squadra mobbile ce po puro stà.
ref_00201	via_di_grotta_pinta	capitolo_III	quer_pasticciaccio_adelphi	A 81	81		[...] o intorno a quell’antra tigna de Palazzo Pio, pe tutti queli budelli de dietro a Sant’Andrea de la Valle, a Grotta Pinta, a via di Ferro, ar vicolo de le Grotte der Teatro: e magari a piazza Pollarola, con tutto che so’ gente der generone, magara, ma quarche aggregato un po’ misto o quarche tipo nun tanto in bona co la squadra mobbile ce po puro stà.
ref_00202	via_di_ferro	capitolo_III	quer_pasticciaccio_adelphi	A 81	81		[...] o intorno a quell’antra tigna de Palazzo Pio, pe tutti queli budelli de dietro a Sant’Andrea de la Valle, a Grotta Pinta, a via di Ferro, ar vicolo de le Grotte der Teatro: e magari a piazza Pollarola, con tutto che so’ gente der generone, magara, ma quarche aggregato un po’ misto o quarche tipo nun tanto in bona co la squadra mobbile ce po puro stà.
ref_00203	vicolo_delle_grotte_del_teatro	capitolo_III	quer_pasticciaccio_adelphi	A 81	81		[...] o intorno a quell’antra tigna de Palazzo Pio, pe tutti queli budelli de dietro a Sant’Andrea de la Valle, a Grotta Pinta, a via di Ferro, ar vicolo de le Grotte der Teatro: e magari a piazza Pollarola, con tutto che so’ gente der generone, magara, ma quarche aggregato un po’ misto o quarche tipo nun tanto in bona co la squadra mobbile ce po puro stà.
ref_00204	piazza_pollarola	capitolo_III	quer_pasticciaccio_adelphi	A 81	81		[...] o intorno a quell’antra tigna de Palazzo Pio, pe tutti queli budelli de dietro a Sant’Andrea de la Valle, a Grotta Pinta, a via di Ferro, ar vicolo de le Grotte der Teatro: e magari a piazza Pollarola, con tutto che so’ gente der generone, magara, ma quarche aggregato un po’ misto o quarche tipo nun tanto in bona co la squadra mobbile ce po puro stà.
ref_00205	regina_coeli	capitolo_III	quer_pasticciaccio_adelphi	A 83	83		Quando poi fosse impazzata anche lei, come impazzano certe povere anime dietro a certi animali di stagione (Ingravallo strizzò i denti), pezzi da Regina Coeli, allora, farabutto! Allora plac, plac, plac, la pioggia dei fogli da mille. Certi goccioloni!
ref_00206	genova	capitolo_III	quer_pasticciaccio_adelphi	A 83	83		Lui, « riepiloghiamo », lui doveva andare a Genova. Il trasferimento era già deciso: era imminente, anzi: question di giorni.
ref_00207	via_nicotera	capitolo_III	quer_pasticciaccio_adelphi	A 83	83		La bella camera di via Nicotera 21, da conferma della sora Amalia Bazz... Buzzichelli, era stata realmente disdetta per fine mese.
ref_00208	palazzo_219	capitolo_III	quer_pasticciaccio_adelphi	A 85	85		Secondo i più attendibili tra i molti e melodiosi susurri del ducentodiciannove così prontamente captati dallo Sgranfia, pareva...
ref_00209	via_merulana	capitolo_III	quer_pasticciaccio_adelphi	A 87	87		Tatràc. Così avvenne anche in occasione del fattaccio, del primo, di via Merulana ducentodiciannove, non appena sopravvenne il secondo, cioè, l’orribile delitto.
ref_00210	santo_stefano_del_cacco_celio_santo_stefano	capitolo_III	quer_pasticciaccio_adelphi	A 87	87		Il commendatore statistico, e in ora libera amatore tartufone, dopo ottantasei ore dalle nove di sera del lunedì era stato invitato a rifarsi vivo a Santo Stefano.
ref_00211	lungara	capitolo_III	quer_pasticciaccio_adelphi	A 87	87		Dopo novantadue, più morto che vivo, fu spedito a soffiarsi il naso a la Lungara: nel più vasto e nel meno prevedibile de’ suoi fazzoletti da naso.
ref_00212	via_dei_greci	capitolo_III	quer_pasticciaccio_adelphi	A 90	90		No. Il prezzo... Si sa. Anche gli orologi ne trova di quelli da quattordici e cinquanta in un botteghino a via dei Greci: e se ne trova però da duemila lire da Catellani.
ref_00213	milano	capitolo_IV	quer_pasticciaccio_adelphi	A 92	92		Intanto erano state sollecitate le questure: Milano, Bologna, Vicenza, Padova.
ref_00214	bologna	capitolo_IV	quer_pasticciaccio_adelphi	A 92	92		Intanto erano state sollecitate le questure: Milano, Bologna, Vicenza, Padova.
ref_00215	vicenza	capitolo_IV	quer_pasticciaccio_adelphi	A 92	92		Intanto erano state sollecitate le questure: Milano, Bologna, Vicenza, Padova.
ref_00216	padova	capitolo_IV	quer_pasticciaccio_adelphi	A 92	92		Intanto erano state sollecitate le questure: Milano, Bologna, Vicenza, Padova.
ref_00217	termini	capitolo_IV	quer_pasticciaccio_adelphi	A 92	92		Ma direttissimo in arrivo a Termini alle otto c’era soltanto il Sarzana
ref_00218	policlinico	capitolo_IV	quer_pasticciaccio_adelphi	A 93	93		Nel frattempo la salma era stata rimossa, e trasportata al Policlinico, dove si era proceduto a un esame esterno del corpo.
ref_00219	via_merulana	capitolo_IV	quer_pasticciaccio_adelphi	A 93	93		L’autorità giudiziaria era intervenuta per le constatazioni di legge a via Merulana, indi al Policlinico, in persona del giudice istruttore cavalier ufficial Mucellato.
ref_00220	policlinico	capitolo_IV	quer_pasticciaccio_adelphi	A 93	93		L’autorità giudiziaria era intervenuta per le constatazioni di legge a via Merulana, indi al Policlinico, in persona del giudice istruttore cavalier ufficial Mucellato.
ref_00221	tragitto_merulana_policlinico	capitolo_IV	quer_pasticciaccio_adelphi	A 93	93		L’autorità giudiziaria era intervenuta per le constatazioni di legge a via Merulana, indi al Policlinico, in persona del giudice istruttore cavalier ufficial Mucellato.
ref_00222	palazzo_chigi	capitolo_IV	quer_pasticciaccio_adelphi	A 93	93		Quello de palazzo Chiggi nun j’era parso vero de dì la sua puro lui, più forte de tutti: «Il bieco assassino dovrebbe essere già fucilato da sei ore.»
ref_00223	terracina	capitolo_IV	quer_pasticciaccio_adelphi	A 94	94		De Pompeo e der Biondone de Terracina il dottor Ingravallo se fidava
ref_00224	banca_commerciale_italiana	capitolo_IV	quer_pasticciaccio_adelphi	A 95	95		«I libretti de risparmio de Liliana.» «Di che colore?» «Colore! Uno der Banco de Santo Spirito, uno de la Banca Commerciale.» «Intestati a... Lei?...» «Sì, a Liliana mia. »
ref_00225	banco_di_santo_spirito	capitolo_IV	quer_pasticciaccio_adelphi	A 95	95		«I libretti de risparmio de Liliana.» «Di che colore?» «Colore! Uno der Banco de Santo Spirito, uno de la Banca Commerciale.» «Intestati a... Lei?...» «Sì, a Liliana mia. »
ref_00226	termini	capitolo_IV	quer_pasticciaccio_adelphi	A 95	95		La sottilizzazione del tesoruccio (sui libretti nominativi, poi, non c’era pericolo) parve accasciare il sor Remo: più forse, a giudicarlo dal di fuori, dalle immediate reazioni psichiche e fisiognomiche, che non la orribile notizia recatagli a Termini.
ref_00227	santi_quattro_coronati	capitolo_IV	quer_pasticciaccio_adelphi	A 97	97		E il coadiutore di Cristo, ai Santi Quattro, aveva benedetto il trattato. Con tanto di asperges in nomine Domini: senza troppo inzaccheralli, però.
ref_00228	palazzo_chigi	capitolo_IV	quer_pasticciaccio_adelphi	A 97	97		Queli marenghini gialli gialli tonni tonni de quanno nun c’era ancora sto Pupazzo a palazzo Chiggi, a strillà dar balcone come uno stracciarolo?
ref_00229	collegio_romano	capitolo_IV	quer_pasticciaccio_adelphi	A 98	98		Il Valdarena, al Collegio Romano, era stato sottoposto a ripetuti interrogatori: gli alibi da lui prodotti (ufficio, fattorini d’ufficio) si palesarono validi fino alle 9.20, non oltre.
ref_00230	santo_stefano_del_cacco_celio_santo_stefano	capitolo_IV	quer_pasticciaccio_adelphi	A 102	102		Il Balducci fu interrogato a sua volta: nel pomeriggio di quel giorno stesso, 18 marzo, a Santo Stefano del Cacco: per più ore: dal commissario capo: il giudice istruttore intervenne pro forma, «la questura teneva ancora in mano l’iniziativa delle indagini».
ref_00231	campo_de_fiori	capitolo_IV	quer_pasticciaccio_adelphi	A 102	102		Rivenne a galla tutta quella incredibile storia delle nipotine, delle nipoti: la strana «mania» della vittima, di volere a tutti i costi una figliola. L’avrebbe comprata smessa a Campo de’ Fiori, in mancanza de mejo.
ref_00232	banca_commerciale_italiana	capitolo_IV	quer_pasticciaccio_adelphi	A 103	103		Liliana teneva la cassetta de sicurezza a la banca, a l’agenzia numero undici de la Commerciale che faceva puro servizio de cassette con un caveau de li più moderni: a piazza Vittorio propio de fronte ar mercato, sotto li portici: bravo: all’angolo de via Carlo Alberto.
ref_00233	piazza_vittorio_emanuele	capitolo_IV	quer_pasticciaccio_adelphi	A 103	103		Liliana teneva la cassetta de sicurezza a la banca, a l’agenzia numero undici de la Commerciale che faceva puro servizio de cassette con un caveau de li più moderni: a piazza Vittorio propio de fronte ar mercato, sotto li portici: bravo: all’angolo de via Carlo Alberto.
ref_00234	via_carlo_alberto	capitolo_IV	quer_pasticciaccio_adelphi	A 103	103		Liliana teneva la cassetta de sicurezza a la banca, a l’agenzia numero undici de la Commerciale che faceva puro servizio de cassette con un caveau de li più moderni: a piazza Vittorio propio de fronte ar mercato, sotto li portici: bravo: all’angolo de via Carlo Alberto.
ref_00235	banco_di_santo_spirito	capitolo_IV	quer_pasticciaccio_adelphi	A 103	103		E poi però ce n'aveva un'artra a corso Umberto, ar Banco de Santo Spirito.
ref_00236	corso_umberto	capitolo_IV	quer_pasticciaccio_adelphi	A 103	103		E poi però ce n'aveva un'artra a corso Umberto, ar Banco de Santo Spirito.
ref_00237	palazzo_219	capitolo_IV	quer_pasticciaccio_adelphi	A 104	104		L’appartamento l’aveva comperato mi’ socero, ciaveva pure abitato co Liliana quann’era ancora una regazza.
ref_00238	palazzo_219	capitolo_IV	quer_pasticciaccio_adelphi	A 104	104		S’ereno fidanzati, s’ereno sposati in quela casa.
ref_00239	via_merulana	capitolo_IV	quer_pasticciaccio_adelphi	A 104	104		A via Merulana, sicché... Nel diciassette, dopo du anni de fidanzamento a momenti, questi me sa che nun la pianteno, me so detto tra me.
ref_00240	palazzo_219	capitolo_IV	quer_pasticciaccio_adelphi	A 105	105		Quela casa era come si fusse nostra, vojo dì mia e de Liliana.
ref_00241	santi_quattro_coronati	capitolo_IV	quer_pasticciaccio_adelphi	A 105	105		E quella malinconia di Liliana. Quella specie di fissazione. E poi co li Santi Quattro là vicino. «Che Liliana, Madonna! guai a sentimme dì de portalla via da li Santi Quattro!»
ref_00242	palazzo_219	capitolo_IV	quer_pasticciaccio_adelphi	A 105	105		Tutto un po’ li aveva indotti a rimanere dov’erano: in quel maledetto palazzo del ducentodicinnove.
ref_00243	quartierino_prati	capitolo_IV	quer_pasticciaccio_adelphi	A 105	105		Chiunque artro, ar posto loro, avrebbe cercato de mejo. Ora lo capiva: troppo tardi! Un ber quartierino in Prati, un villino a lungotevere... Sospirò.
ref_00244	villino_lungotevere	capitolo_IV	quer_pasticciaccio_adelphi	A 105	105		Chiunque artro, ar posto loro, avrebbe cercato de mejo. Ora lo capiva: troppo tardi! Un ber quartierino in Prati, un villino a lungotevere... Sospirò.
ref_00245	dazeglio	capitolo_IV	quer_pasticciaccio_adelphi	A 105	105		Valdarena e Balducci, cugino e marito vennero posti a confronto: il diciannove mattina, ch’era sabato: Balducci era andato a dormire al D’Azeglio.
ref_00246	via_merulana	capitolo_IV	quer_pasticciaccio_adelphi	A 106	106		«Chi è?» Don Lorenzo Corpi chiedeva di essere ascoltato per comunicazioni urgenti, «riguardanti il doloroso caso di via Merulana».
ref_00247	santo_stefano_del_cacco_celio_santo_stefano	capitolo_IV	quer_pasticciaccio_adelphi	A 106	106		Pregò il Balducci di volersi trattenere in questura.
ref_00248	aventino	capitolo_IV	quer_pasticciaccio_adelphi	A 106	106		Du scarpe nere nere lustre lustre, lunghe e forti, bone da camminà su l’Aventino, oltrecché sul Celio, a sòla doppia.
ref_00249	celio	capitolo_IV	quer_pasticciaccio_adelphi	A 106	106		Du scarpe nere nere lustre lustre, lunghe e forti, bone da camminà su l’Aventino, oltrecché sul Celio, a sòla doppia.
ref_00250	roccafringoli	capitolo_IV	quer_pasticciaccio_adelphi	A 107	107		fuori Roma, a trovà certi amichi a Roccafrìngoli, su su in cima ai monti, a monte Manno, quasi, che da Palestrina ce se va cor ciuccio, e rientratovi da nemmeno venti ore, « appena udito del terribile incidente »
ref_00251	monte_manno	capitolo_IV	quer_pasticciaccio_adelphi	A 107	107		fuori Roma, a trovà certi amichi a Roccafrìngoli, su su in cima ai monti, a monte Manno, quasi, che da Palestrina ce se va cor ciuccio, e rientratovi da nemmeno venti ore, « appena udito del terribile incidente »
ref_00252	palestrina	capitolo_IV	quer_pasticciaccio_adelphi	A 107	107		fuori Roma, a trovà certi amichi a Roccafrìngoli, su su in cima ai monti, a monte Manno, quasi, che da Palestrina ce se va cor ciuccio, e rientratovi da nemmeno venti ore, « appena udito del terribile incidente »
ref_00253	policlinico	capitolo_IV	quer_pasticciaccio_adelphi	A 107	107		s’era fatto premura di ricercare il testamento olografo a lui di propria mano affidato dalla «compianta» signora Balducci, ch’era anche «andato a trovare» al Policlinico la sera avanti, «pace all’anima».
ref_00254	banco_di_santo_spirito	capitolo_IV	quer_pasticciaccio_adelphi	A 107	107		A notte, di colpo, gli era venuto a mente: lo aveva depositato con altre buste e con certi... ricordi personali, al Banco di Santo Spirito.
ref_00255	via_milano	capitolo_IV	quer_pasticciaccio_adelphi	A 107	107		Consultarono anzitutto, pe telefono, il regio notaio dottor Gaetano De Marini a via Milano: 292.784: che al dire di don Lorenzo «doveva essere al corrente della cosa».
ref_00256	zagarolo	capitolo_IV	quer_pasticciaccio_adelphi	A 108	108		alla diletta Luigia Zanchetti detta Gina, del fu Pompilio e di Irene Spinaci, nata a Zagarolo ai dì 15 aprile 1914
ref_00257	zagarolo	capitolo_IV	quer_pasticciaccio_adelphi	A 108	108		O forse è più facile ch’era l’idea de tutta quella bona roba (ammàppelo!) che pijava la strada de Zagarolo.
ref_00258	tivoli	capitolo_IV	quer_pasticciaccio_adelphi	A 109	109		quando in quando si sbronzava a Tivoli con un suo drudo macellaro: e ci voleva poi del bello e del buono perché i carabinieri non la rispedissero a Zagarolo con foglio di via obbligatorio
ref_00259	zagarolo	capitolo_IV	quer_pasticciaccio_adelphi	A 109	109		quando in quando si sbronzava a Tivoli con un suo drudo macellaro: e ci voleva poi del bello e del buono perché i carabinieri non la rispedissero a Zagarolo con foglio di via obbligatorio
ref_00260	zagarolo	capitolo_IV	quer_pasticciaccio_adelphi	A 109	109		cioè che alla povera malata conferiva molto di più il suo rosbiffe, che non l’aria anche troppo fine di Zagarolo e conseguente appetito a vuoto.
ref_00261	villa_deste	capitolo_IV	quer_pasticciaccio_adelphi	A 110	110		Aveva raccolto mammole a Villa d’Este o qualche pratellina di marzo a Villa Gregoriana, un po’ prima d’arrivare alla cascata.
ref_00262	villa_gregoriana	capitolo_IV	quer_pasticciaccio_adelphi	A 111	111		Aveva raccolto mammole a Villa d’Este o qualche pratellina di marzo a Villa Gregoriana, un po’ prima d’arrivare alla cascata.
ref_00263	aniene	capitolo_IV	quer_pasticciaccio_adelphi	A 110	110		dopo il grande cataclisma tellurico del 1826 e la spaventosa piena del nostro Aniene
ref_00264	aniene	capitolo_IV	quer_pasticciaccio_adelphi	A 110	110		della piena dell’Aniene condivideva l’orgoglio, essendo nativo di Filettino, a poca distanza da le sorgenti e a 1.062 metri sul mare.
ref_00265	filettino	capitolo_IV	quer_pasticciaccio_adelphi	A 110	110		della piena dell’Aniene condivideva l’orgoglio, essendo nativo di Filettino, a poca distanza da le sorgenti e a 1.062 metri sul mare.
ref_00266	villa_gregoriana	capitolo_IV	quer_pasticciaccio_adelphi	A 110	110		dovunque capisce che può perdere una creatura, che può strappare un’anima alla salvazione: perfino a villa Gregoriana.
ref_00267	viale_della_regina	capitolo_IV	quer_pasticciaccio_adelphi	A 111	111		(lo zio Peppe, difatti, oblatore per forza del fascio nomentano, tirava ancora tabacco dalla tartaruga nel 1925, a viale della Regina 326)
ref_00268	san_camillo	capitolo_IV	quer_pasticciaccio_adelphi	A 111	111		Non aveva dimenticato neppure la vecchia ex-domestica Rosa Taddei, paralitica all’ospizio de San Camillo
ref_00269	palazzo_chigi	capitolo_IV	quer_pasticciaccio_adelphi	A 115	115		da chillo fetente d’ ’o balcone ’e palazzo Chigge
ref_00270	prati	capitolo_IV	quer_pasticciaccio_adelphi	A 116	116		il Valdarena: che abitava in Prati, in una bella camera-studio a via Nicotera: un villino […].
ref_00271	via_nicotera	capitolo_IV	quer_pasticciaccio_adelphi	A 116	116		il Valdarena: che abitava in Prati, in una bella camera-studio a via Nicotera: un villino […].
ref_00272	via_nicotera	capitolo_IV	quer_pasticciaccio_adelphi	A 116	116		Sul marmo del cassettone, a via Nicotera, « fu rinvenuto » un ritratto de Liliana: dentro, ner primo cassetto, un anello d’oro da uomo con brillante
ref_00273	santo_stefano_del_cacco_celio_santo_stefano	capitolo_IV	quer_pasticciaccio_adelphi	A 119	119		Piangeva. A Santo Stefano der Cacco veniva convocato ogni giorno, se po dì.
ref_00274	via_nicotera	capitolo_IV	quer_pasticciaccio_adelphi	A 119	119		Nella scrivania piccola vicino ar balcone, a via Nicotera, il maresciallo Di Pietrantonio, coadiuvato dall’agente scelto Paolillo, ritrovò diecimila lire: in dieci fogli da mille novi novi.
ref_00275	via_del_corso	capitolo_IV	quer_pasticciaccio_adelphi	A 121	121		Noi uomini, se sa, chi più chi meno, pe natura nostra, semo tutti quanti una manica... de gallinacci che fa la rota. Ce piace d’annà a passeggio ar Corso.
ref_00276	campo_marzio	capitolo_IV	quer_pasticciaccio_adelphi	A 126	126		L’ho scelto io, diceva, a Campo Marzio. Già lo deve aver inciso, a quest’ora: lo montava stamattina: con le tue lettere, come questo che ciai sur dito.ù
ref_00277	campo_marzio	capitolo_IV	quer_pasticciaccio_adelphi	A 126	126		« C’era perfino da ridere, povera Liliana! Dunque ce vai domani, ce vai oggi stesso, diceva. Promettimi! Sì, sì, a Campo Marzio, sì, Ceccherelli, aricòrdete, poco prima d’arrivà in Lucina, dove ce sta la pizzeria. Sì, sì a San Lorenzo in Lucina: nun me fa er tonto, mo, che ce ’o sai benissimo. A destra, però.»
ref_00278	piazza_san_lorenzo_in_lucina	capitolo_IV	quer_pasticciaccio_adelphi	A 126	126		« C’era perfino da ridere, povera Liliana! Dunque ce vai domani, ce vai oggi stesso, diceva. Promettimi! Sì, sì, a Campo Marzio, sì, Ceccherelli, aricòrdete, poco prima d’arrivà in Lucina, dove ce sta la pizzeria. Sì, sì a San Lorenzo in Lucina: nun me fa er tonto, mo, che ce ’o sai benissimo. A destra, però.»
ref_00279	campo_marzio	capitolo_IV	quer_pasticciaccio_adelphi	A 128	128		Domandi un po’ ar Ceccherelli, all’orefice de Campo Marzio.
ref_00280	bottega_ceccherelli	capitolo_V	quer_pasticciaccio_adelphi	A 132	132		Liliana Balducci era poi tornata in bottega altre due volte, aveva scelto la pietra fra cinque che le erano state mostrate dopo che le avevano provvedute apposta dalla Digerini e Coccini, la ditta fornitrice, ch’era tanti anni che lo serviva
ref_00281	bottega_ceccherelli	capitolo_V	quer_pasticciaccio_adelphi	A 133	133		che ce stanno insieme tanti de queli corni de corallo che si gnente gnente je pijasse la fantasia de volemme jettà la bottega...
ref_00282	bottega_ceccherelli	capitolo_V	quer_pasticciaccio_adelphi	A 133	133		« si m’aricordo bene, quanno ripassò a bottega pe vede li diaspri ».
ref_00283	bottega_ceccherelli	capitolo_V	quer_pasticciaccio_adelphi	A 133	133		La frase der nonno suo, una formula sacra a momenti, pe lei; se vedeva: be’, l’aveva ripetuta du volte, in bottega
ref_00284	via_dei_banchi_vecchi	capitolo_V	quer_pasticciaccio_adelphi	A 134	134		la famiglia Valdarena e addentellati, e cioè la nonna de Giuliano, il Balducci medesimo, le du zie de li Banchi Vecchi, e zi’ Carlo, e zi’ Elvira, e li parenti un po’ tutti
ref_00285	banco_di_santo_spirito	capitolo_V	quer_pasticciaccio_adelphi	A 134	134		je venne subito dietro quella più bona ancora del cassiere-capo de la banca: der Banco de Santo Spirito.
ref_00286	banca_ditalia	capitolo_V	quer_pasticciaccio_adelphi	A 135	135		guardi!... so’ arrivati propio jeri da la Banca d’Italia: appena sputati fora dar torchio.
ref_00287	piazza_verdi	capitolo_V	quer_pasticciaccio_adelphi	A 135	135		Un odorino bono, senta un po’. L’antro jeri mattina ereno ancora a Piazza Verdi.
ref_00288	santo_stefano_del_cacco_celio_santo_stefano	capitolo_V	quer_pasticciaccio_adelphi	A 135	135		Tutto greve e fumoso, il gentile clima del Cacco, in un odorino sincretico un po’ come de caserma o de loggione der teatro Jovinelli: tra d’ascelle e de piedi, e d’altri effluvi ed olezzi più o meno marzolini, ch’era una delizia annasalli.
ref_00289	teatro_jovinelli	capitolo_V	quer_pasticciaccio_adelphi	A 135	135		Tutto greve e fumoso, il gentile clima del Cacco, in un odorino sincretico un po’ come de caserma o de loggione der teatro Jovinelli: tra d’ascelle e de piedi, e d’altri effluvi ed olezzi più o meno marzolini, ch’era una delizia annasalli.
ref_00290	golfo_di_napoli	capitolo_V	quer_pasticciaccio_adelphi	A 136	136		da una traente maieutica e dalla caritatevole papaverina-eroina e della parlata e del gesto, del Golfo e del Vòmero
ref_00291	vomero	capitolo_V	quer_pasticciaccio_adelphi	A 136	136		da una traente maieutica e dalla caritatevole papaverina-eroina e della parlata e del gesto, del Golfo e del Vòmero
ref_00292	piazza_vittorio_emanuele	capitolo_V	quer_pasticciaccio_adelphi	A 136	136		chi dice ma, cuore contento non ha... ai bambini, a le belle serve tutte fronzute de sélleri e de spinaci, in della sporta, quanno veniveno da piazza Vittorio
ref_00293	soriano_nel_cimino	capitolo_V	quer_pasticciaccio_adelphi	A 137	137		Una vorta me fece una mezza scena a me, suo marito, p’una ragazza de Soriano ar Cimìno: una contadina ch’era venuta a Roma co la viterbese, a portamme li confetti.
ref_00294	san_giovanni_in_laterano	capitolo_V	quer_pasticciaccio_adelphi	A 137	137		La sposa, povera pupa, arrivò co lo sposo, preceduti da na panza come na mongolfiera a San Giovanni, a li fochi. Diceveno: avemo portato li confetti. Se sa, ereno un po’ imbarazzati.
ref_00295	soriano_nel_cimino	capitolo_V	quer_pasticciaccio_adelphi	A 137	137		Je feci, ridenno: se vede che tira aria bona sur Cimìno
ref_00296	milano	capitolo_V	quer_pasticciaccio_adelphi	A 138	138		Il « diffusa » l’aveva letto a Milano, sur Secolo, in un articolo di Maroccus... Er dottore der Secolo : finissimo!
ref_00297	sacro_cuore	capitolo_V	quer_pasticciaccio_adelphi	A 138	138		orfanelle che piagneveno, moniche der Sacro Core che nun piagneveno, perch’ereno sicure ch’era già in Paradiso, a quell’ora, lo poteveno giurà
ref_00298	via_dei_banchi_vecchi	capitolo_V	quer_pasticciaccio_adelphi	A 138	138		e zi’ Marietta e zi’ Elvira in gramaglie, e un paro d’altre zie, de li Banchi Vecchi, pure piuttosto nere pure loro.
ref_00299	scala_b	capitolo_V	quer_pasticciaccio_adelphi	A 139	139		e due terne antagoniste: l’Elodia, la Enea Cucco, la Giulietta Frisoni (scala B), da una parte, e da quell’artra la Cammarota, la Bottafavi e l’Alda Pernetti (scala A)
ref_00300	scala_a	capitolo_V	quer_pasticciaccio_adelphi	A 139	139		e due terne antagoniste: l’Elodia, la Enea Cucco, la Giulietta Frisoni (scala B), da una parte, e da quell’artra la Cammarota, la Bottafavi e l’Alda Pernetti (scala A)
ref_00301	policlinico	capitolo_V	quer_pasticciaccio_adelphi	A 139	139		L’accompagno spostò dar Policlinico a le otto, lunedì ventun marzo: una giornata piuttosto riggida, pe èsse l’entrata de la primavera, né bella né brutta, cor cielo annuvolato.
ref_00302	viale_regina_margherita	capitolo_V	quer_pasticciaccio_adelphi	A 140	140		tajarono pe la direttissima der viale Regina Margherita
ref_00303	san_lorenzo_al_verano	capitolo_V	quer_pasticciaccio_adelphi	A 140	140		e a le otto e mezza otto e quaranta arrivarono a San Lorenzo ar Verano, dopo avé sollevato un ber po’ de porvere, dato ch’er catrame nun l’aveveno ancora passato, ma c’ereno già li barili.
ref_00304	tragitto_policlinico_san_lorenzo_al_verano	capitolo_V	quer_pasticciaccio_adelphi	A 140	140		L’accompagno spostò dar Policlinico a le otto, lunedì ventun marzo: una giornata piuttosto riggida, pe èsse l’entrata de la primavera, né bella né brutta, cor cielo annuvolato […] tajarono pe la direttissima der viale Regina Margherita […]  e a le otto e mezza otto e quaranta arrivarono a San Lorenzo ar Verano, dopo avé sollevato un ber po’ de porvere, dato ch’er catrame nun l’aveveno ancora passato, ma c’ereno già li barili.
ref_00305	molo_beverello	capitolo_V	quer_pasticciaccio_adelphi	A 140	140		era sbarcato ar molo Beverello, a le undici undici e mezza, er maharagia de Scerpure proveniente da le rive der Brahmaputra pe fa visita a l’Artefice de li nuovi destini de la patria
ref_00306	scerpure	capitolo_V	quer_pasticciaccio_adelphi	A 140	140		era sbarcato ar molo Beverello, a le undici undici e mezza, er maharagia de Scerpure proveniente da le rive der Brahmaputra pe fa visita a l’Artefice de li nuovi destini de la patria
ref_00307	rive_del_brahmaputra	capitolo_V	quer_pasticciaccio_adelphi	A 140	140		era sbarcato ar molo Beverello, a le undici undici e mezza, er maharagia de Scerpure proveniente da le rive der Brahmaputra pe fa visita a l’Artefice de li nuovi destini de la patria
ref_00308	predappio	capitolo_V	quer_pasticciaccio_adelphi	A 140	140		a la casa natale der medesimo, ch’è una bicocca de pochi sordi, però.
ref_00309	india	capitolo_V	quer_pasticciaccio_adelphi	A 140	140		trammite le normali vie diplomatiche de li consoli nostri, ch'er Capo der governo li aveva mannati puro in India
ref_00310	policlinico	capitolo_V	quer_pasticciaccio_adelphi	A 141	141		aveva espresso da diversi anni [...] la speranza de poté visità er Policlinico e la Centrale del latte
ref_00311	centrale_del_latte	capitolo_V	quer_pasticciaccio_adelphi	A 141	141		aveva espresso da diversi anni [...] la speranza de poté visità er Policlinico e la Centrale del latte
ref_00312	centrale_del_latte	capitolo_V	quer_pasticciaccio_adelphi	A 141	141		La Centrale nun c'era ancora, a quell'epoca
ref_00313	policlinico	capitolo_V	quer_pasticciaccio_adelphi	A 141	141		quanto ar Policlinico, lui intendeva fabbricarne uno a Scerpure sulle rive, più o meno, del nativo Brahmaputra: un po' più piccolo, se sa, ma non però meno bello der nostro
ref_00314	scerpure	capitolo_V	quer_pasticciaccio_adelphi	A 141	141		quanto ar Policlinico, lui intendeva fabbricarne uno a Scerpure sulle rive, più o meno, del nativo Brahmaputra: un po' più piccolo, se sa, ma non però meno bello der nostro
ref_00315	rive_del_brahmaputra	capitolo_V	quer_pasticciaccio_adelphi	A 141	141		quanto ar Policlinico, lui intendeva fabbricarne uno a Scerpure sulle rive, più o meno, del nativo Brahmaputra: un po' più piccolo, se sa, ma non però meno bello der nostro
ref_00316	scerpure	capitolo_V	quer_pasticciaccio_adelphi	A 141	141		a Scerpure, la città indove lui era nato vent'anni prima, e indove se trova er Tesoro, er mammone de lo Stato
ref_00317	san_lorenzo_al_verano	capitolo_V	quer_pasticciaccio_adelphi	A 141	141		Don Ciccio, una vorta a San Lorenzo, s'intrufolò co l'orecchie appizzate ne la folla ch'entrava in chiesa, e li segugi sua fecero artrettanto
ref_00318	campo_verano	capitolo_V	quer_pasticciaccio_adelphi	A 141	141		Celebrata la messa, impartita l’assoluzione a la cassa, e poi, dentro Campo Verano, benedetta la fossa, dove caddero bianchi gigli e garofani tra disperati singhiozzi «addio, Liliana, addio!», il nero Ingravallo si mise a le costole di don Lorenzo, come un boxer al fianco d’una giraffa, addobbata pe la quale, e non lo mollò più fino in sacrestia.
ref_00319	santo_stefano_del_cacco_celio_santo_stefano	capitolo_V	quer_pasticciaccio_adelphi	A 141	141		Lo lasciò spogliare, lo caricò su l’automobbile sua (pe modo de dì, uno scatorcio!), s’ ’o portò a Santo Stefano.
ref_00320	santi_quattro_coronati	capitolo_V	quer_pasticciaccio_adelphi	A 141	141		Le visite e le implorazioni della Balducci, ai Santi Quattro, a certe stagioni liete nel cielo, o men tristi, erano si poteva dire cotidiane.
ref_00321	roccafringoli	capitolo_V	quer_pasticciaccio_adelphi	A 142	142		dopo quel primo e oramai superato imbarazzo de la prima vorta (gita a Roccafringoli, ritardo, per quanto involontario, nel «presentarsi all'autorità»)
ref_00322	soriano_nel_cimino	capitolo_V	quer_pasticciaccio_adelphi	A 142	142		mentre lui se la svignava co Cristoforo dietro a la lepre, a provà li cani sur Cimìno
ref_00323	zagarolo	capitolo_V	quer_pasticciaccio_adelphi	A 144	144		La quarta, ora, la Gina de Zagarolo, ch'era la nepote in carica, beneficiava per tutte
ref_00324	tivoli	capitolo_V	quer_pasticciaccio_adelphi	A 144	144		Li carabinieri de Tivoli aveveno già interrogato la madre, e il macellaro pure
ref_00325	sacro_cuore	capitolo_V	quer_pasticciaccio_adelphi	A 144	144		ma quando sentì che la Gina era ar Sacro Core s'azzittò: tant'è tanto... che ce veniva a fa?
ref_00326	banca_commerciale_italiana	capitolo_V	quer_pasticciaccio_adelphi	A 146	146		da un bel vaglia bancario color verdemare de quelli così psicotonici della nostra diletta Comit. «La Banca Commerciale Italiana... pagherà, tàc, tàc, tàc, per questo bel signorino qui color acquamarina, la somma di lire...»
ref_00327	san_giovanni_in_laterano	capitolo_V	quer_pasticciaccio_adelphi	A 147	147		le chiarità mattutine del Galilei
ref_00328	san_giovanni_in_laterano	capitolo_V	quer_pasticciaccio_adelphi	A 148	148		I dieci ditoni del gigante si abbandonarono sul grembo, interzati stretti l’uni all’artri: pettine e contro-pettine: quasi d’un apostolo de travertino, de quelli che stanno in piedi su la balustrata, sopra ar cornicione de San Giovanni Laterano.
ref_00329	scale	capitolo_V	quer_pasticciaccio_adelphi	A 149	149		che vedeva annà su e giù pe le scale der palazzo co quela palandrana de beccamorto a faje caccià li vermi a li pupi
ref_00330	via_villari	capitolo_V	quer_pasticciaccio_adelphi	A 149	149		«Una gran bona fija, credeteme: je piaceva de fa la sfacciatella,» confermò la moje der pizzicarolo de via Vìllari
ref_00331	regina_coeli	capitolo_V	quer_pasticciaccio_adelphi	A 149	149		Il commendator Angeloni, estratto da Regina Coeli per un’ora, tanto sì da faje pijà una boccata d’aria puro a lui, pover’omo, e titillato a Santo Stefano der Cacchio
ref_00332	santo_stefano_del_cacco_celio_santo_stefano	capitolo_V	quer_pasticciaccio_adelphi	A 149	149		Il commendator Angeloni, estratto da Regina Coeli per un’ora, tanto sì da faje pijà una boccata d’aria puro a lui, pover’omo, e titillato a Santo Stefano der Cacchio
ref_00333	lungara	capitolo_V	quer_pasticciaccio_adelphi	A 149	149		mettendo un par d'occhi malinconichi, da paré un bove de malumore: gialli, je s'ereno fatti, in pochi giorni, a la Lungara
ref_00334	via_merulana	capitolo_V	quer_pasticciaccio_adelphi	A 150	150		la Virginia, in casa, a via Merulana, fuggitivo ne li treni in fuga il marito, carente la serva, lei aveva abbracciato e baciato la signora.
ref_00335	santi_quattro_coronati	capitolo_V	quer_pasticciaccio_adelphi	A 150	150		Era corsa fino a li Quattro Santi ar galoppo.
ref_00336	san_giovanni_in_laterano	capitolo_V	quer_pasticciaccio_adelphi	A 151	151		La festa der Corpus Domini... nun aveva avuto er core de rifaje er verso de li canonici de San Giovanni, all’ufficio? co la voce d’omo? che solo er diavolo poteva avejela prestata, in quer momento.
ref_00337	santo_stefano_del_cacco_celio_santo_stefano	capitolo_VI	quer_pasticciaccio_adelphi	A 152	152		pervenne a Santo Stefano (al Collegio Romano) comunicazione telefonica della Tenenza dei Carabinieri di Marino concernente le indagini per il «caso Menegatti»
ref_00338	tenenza_carabinieri_marino	capitolo_VI	quer_pasticciaccio_adelphi	A 152	152		pervenne a Santo Stefano (al Collegio Romano) comunicazione telefonica della Tenenza dei Carabinieri di Marino concernente le indagini per il «caso Menegatti»
ref_00339	torraccio	capitolo_VI	quer_pasticciaccio_adelphi	A 152	152		era stato identificato per tale Retalli Enea detto Luiginio d'anni 19, di Anchise e di Venere Procacci, nato e dimorante in località «il Torraccio», non lontano da le Frattocchie
ref_00340	frattocchie	capitolo_VI	quer_pasticciaccio_adelphi	A 152	152		era stato identificato per tale Retalli Enea detto Luiginio d'anni 19, di Anchise e di Venere Procacci, nato e dimorante in località «il Torraccio», non lontano da le Frattocchie
ref_00341	torraccio	capitolo_VI	quer_pasticciaccio_adelphi	A 152	152		Sì... no... già... perfettamente. No, no... al Toraccio nun l'aveveno trovato. In parole povere, uccel di bosco.
ref_00342	via_orazio	capitolo_VI	quer_pasticciaccio_adelphi	A 153	153		No, la signora gondessa è in gliniga... In gliniga dal signor ammiraglio… a via Orà-zio: Orà-zio! Sì, signorsì. No, signor no. Mo domando. Precedenza servizio polizia, questura di Roma.
ref_00343	due_santi	capitolo_VI	quer_pasticciaccio_adelphi	A 153	153		il Retalli avea portato a tinger la sciarpa a una donna dei Due Santi, sulla via Appia, certa Pàcori, Pàcori Zamira
ref_00344	via_appia	capitolo_VI	quer_pasticciaccio_adelphi	A 153	153		il Retalli avea portato a tinger la sciarpa a una donna dei Due Santi, sulla via Appia, certa Pàcori, Pàcori Zamira
ref_00345	marino	capitolo_VI	quer_pasticciaccio_adelphi	A 153	153		Zamìra!... sì, sì, Za-mìra! nota a molti, se non a tutti, in quel di Marino e di Albano, per i molti suoi meriti
ref_00346	albano_laziale	capitolo_VI	quer_pasticciaccio_adelphi	A 153	153		Zamìra!... sì, sì, Za-mìra! nota a molti, se non a tutti, in quel di Marino e di Albano, per i molti suoi meriti
ref_00347	santo_stefano_del_cacco_celio_santo_stefano	capitolo_VI	quer_pasticciaccio_adelphi	A 153	153		A notte pressoché discesa arrivò a Santo Stefano in motocicletta il brigadiere Pestalozzi, o Pestalossi che fosse, latore di un rapporto scritto
ref_00348	tenenza_carabinieri_marino	capitolo_VI	quer_pasticciaccio_adelphi	A 153	153		A notte pressoché discesa arrivò a Santo Stefano in motocicletta il brigadiere Pestalozzi [...] latore di un rapporto scritto e di più di un messaggio verbale della Tenenza
ref_00349	tragitto_marino_santo_stefano	capitolo_VI	quer_pasticciaccio_adelphi	A 153	153		A notte pressoché discesa arrivò a Santo Stefano in motocicletta il brigadiere Pestalozzi [...] latore di un rapporto scritto e di più di un messaggio verbale della Tenenza
ref_00350	santo_stefano_del_cacco_celio_santo_stefano	capitolo_VI	quer_pasticciaccio_adelphi	A 154	154		La nausea delle cartofie del Cacco stava per vincere i più resistenti... Ma quel nome ossolano e carabinieresco li elettrizzò.
ref_00351	maccheronaro	capitolo_VI	quer_pasticciaccio_adelphi	A 154	154		Er Maccheronaro, a via der Gesù lì a du passi, nun perdeva l’occasione de dimostraje la propria simpatia
ref_00352	via_del_gesu	capitolo_VI	quer_pasticciaccio_adelphi	A 154	154		Er Maccheronaro, a via der Gesù lì a du passi, nun perdeva l’occasione de dimostraje la propria simpatia
ref_00353	tenenza_carabinieri_marino	capitolo_VI	quer_pasticciaccio_adelphi	A 154	154		Principiò e seguitò a leggere a voce alta, con musico vigore, il rapporto della Tenenza di Marino
ref_00354	santo_stefano_del_cacco_celio_santo_stefano	capitolo_VI	quer_pasticciaccio_adelphi	A 155	155		era a sua volta interessato a ottenere il più possibile dai cinque esperti del Cacco: a pompar fuori il meglio dalla cisterna urbana di Santo Stefano del Cacco
ref_00355	frascati	capitolo_VI	quer_pasticciaccio_adelphi	A 155	155		l'orgoglio del partecipare le indagini per il gran dilitto di cui tutto popolo fabulava, da Frascati a Velletri, e tutt'Italia giucava li nummeri al lotto
ref_00356	velletri	capitolo_VI	quer_pasticciaccio_adelphi	A 155	155		l'orgoglio del partecipare le indagini per il gran dilitto di cui tutto popolo fabulava, da Frascati a Velletri, e tutt'Italia giucava li nummeri al lotto
ref_00357	vinchiaturo	capitolo_VI	quer_pasticciaccio_adelphi	A 155	155		la catena delle cognazioni, ribadita nel tempo lungo la catena del monte, del duro monte Appennino, aveva risalito l'acerba costura dello stivale su, su, da Vinchiaturo a Ovindoli
ref_00358	ovindoli	capitolo_VI	quer_pasticciaccio_adelphi	A 155	155		la catena delle cognazioni, ribadita nel tempo lungo la catena del monte, del duro monte Appennino, aveva risalito l'acerba costura dello stivale su, su, da Vinchiaturo a Ovindoli
ref_00359	laboratorio_zamira	capitolo_VI	quer_pasticciaccio_adelphi	A 155	155		Di Pietrantonio, per parte sua, conosceva la Pàcori, e anche lo Sgranfia la conosceva: perché s'erano fermati a bere, di settembre, al banco: la Zamira!
ref_00360	marino	capitolo_VI	quer_pasticciaccio_adelphi	A 156	156		il mito s'era fatto scopritore o troviere e poi divulgatore e trombettiere: da Marino ad Albano, da Castel Gandolfo ad Ariccia
ref_00361	albano_laziale	capitolo_VI	quer_pasticciaccio_adelphi	A 156	156		il mito s'era fatto scopritore o troviere e poi divulgatore e trombettiere: da Marino ad Albano, da Castel Gandolfo ad Ariccia
ref_00362	castel_gandolfo	capitolo_VI	quer_pasticciaccio_adelphi	A 156	156		il mito s'era fatto scopritore o troviere e poi divulgatore e trombettiere: da Marino ad Albano, da Castel Gandolfo ad Ariccia
ref_00363	ariccia	capitolo_VI	quer_pasticciaccio_adelphi	A 156	156		il mito s'era fatto scopritore o troviere e poi divulgatore e trombettiere: da Marino ad Albano, da Castel Gandolfo ad Ariccia
ref_00364	ditta_ciurlani	capitolo_VI	quer_pasticciaccio_adelphi	A 156	156		aveva subappaltato tutta la ritintura, ivi compresa la fusciacca verde, alla ditta Ciurlani di Marino
ref_00365	marino	capitolo_VI	quer_pasticciaccio_adelphi	A 156	156		Era là, cioè a Marino, che il Pestalozzi aveva fatto capo.
ref_00366	due_santi	capitolo_VI	quer_pasticciaccio_adelphi	A 156	156		Come mai, però, domandarono i periti, la Zamira, la carzonara dei Due Santi, aveva osato la delazione?
ref_00367	tenenza_carabinieri_marino	capitolo_VI	quer_pasticciaccio_adelphi	A 156	156		Erano i due motociclisti della Tenenza.
ref_00368	tenenza_carabinieri_marino	capitolo_VI	quer_pasticciaccio_adelphi	A 156	156		la Tenenza, sì, la Tenenza aveva le sue brave pedine: un po’ qua un po’ là: « su tutto lo scacchiere »
ref_00369	torraccio	capitolo_VI	quer_pasticciaccio_adelphi	A 157	157		Ines... Ciampini, sì, da Torraccio, o Torracchio, sull'Appia, la fermata dopo le Frattocchie
ref_00370	via_appia	capitolo_VI	quer_pasticciaccio_adelphi	A 157	157		Ines... Ciampini, sì, da Torraccio, o Torracchio, sull'Appia, la fermata dopo le Frattocchie
ref_00371	frattocchie	capitolo_VI	quer_pasticciaccio_adelphi	A 157	157		da Torraccio, o Torracchio, sull'Appia, la fermata dopo le Frattocchie
ref_00372	san_giovanni	capitolo_VI	quer_pasticciaccio_adelphi	A 158	158		era stata fermata alcune sere innanzi da un pattuglione del commissariato San Giovanni: la sera primma d' 'o delitto
ref_00373	santo_stefano_rotondo	capitolo_VI	quer_pasticciaccio_adelphi	A 158	158		e su fondato sospetto di esercitare attività meretricia in luogo pubblico (Santo Stefano Rotondo!)
ref_00374	piazza_vittorio_emanuele	capitolo_VI	quer_pasticciaccio_adelphi	A 158	158		«E trattenuta per sospetto di complicità in un furto,» rammentò Di Pietrantonio al commissario capo. «Qua' furto?» «Un pollo.» «Addo' l'ha rubato?» «A piazza Vittorio.»
ref_00375	san_giovanni	capitolo_VI	quer_pasticciaccio_adelphi	A 158	158		il brigadiere Juppariello der commissariato San Giovanni l'aveva fatta vede a le du donne che aveveno patito lo sgraffio, tre giorni prima
ref_00376	torraccio	capitolo_VI	quer_pasticciaccio_adelphi	A 158	158		Ines, Cionini Ines da Torraccio, propio la regazza bionna ch’ella pensava le avesse fregato il pennuto, o pe mejo dì lo spennato.
ref_00377	san_giovanni	capitolo_VI	quer_pasticciaccio_adelphi	A 159	159		Un pollo-campione, p'illuminà la polizzia, era stato portato a San Giovanni, simile in tutto al collega resosi irreperibile tre giorni prima
ref_00378	santo_stefano_del_cacco_celio_santo_stefano	capitolo_VI	quer_pasticciaccio_adelphi	A 159	159		accusata e accusatrice carrozzate infine a Santo Stefano, e la scarpara puro insieme a loro.
ref_00379	due_santi	capitolo_VI	quer_pasticciaccio_adelphi	A 159	159		e d'aver già lavorato come carzonara a li Du Santi, dopo le Frattocchie. «E poi?» Poi, d'essersi ridotta a Roma: a cercà lavoro.
ref_00380	frattocchie	capitolo_VI	quer_pasticciaccio_adelphi	A 159	159		e d'aver già lavorato come carzonara a li Du Santi, dopo le Frattocchie. «E poi?» Poi, d'essersi ridotta a Roma: a cercà lavoro.
ref_00381	santo_stefano_del_cacco_celio_santo_stefano	capitolo_VI	quer_pasticciaccio_adelphi	A 159	159		Il pollo puzzava maledettamente: tradotto in questura pure lui, con le due scarpe tutt'e due sinistre, una vorta a Santo Stefano del Cacco se vede che j'aveva preso paura
ref_00382	regina_coeli	capitolo_VI	quer_pasticciaccio_adelphi	A 159	159		chiese di Piscitiello, incaricò Paolillo di farsela consegnare da Piscitiello, semmai, si nun l'aveveno spedita a Regina Coeli
ref_00383	marino	capitolo_VI	quer_pasticciaccio_adelphi	A 162	162		Della Zamira, sì: nota a tutti, tra Marino e Ariccia, per la mancanza degli otto denti davanti
ref_00384	ariccia	capitolo_VI	quer_pasticciaccio_adelphi	A 162	162		Della Zamira, sì: nota a tutti, tra Marino e Ariccia, per la mancanza degli otto denti davanti
ref_00385	due_santi	capitolo_VI	quer_pasticciaccio_adelphi	A 162	162		La di lei attività era ufficialmente quella di rammendatrice e rimagliatrice, carzonara, tintora, in qualche caso merciara, impirica de guarì la sciatica per segreto d’erbe, indovina chiromante e cartomante patentata con spaccio di vini e liquori alli Du Santi
ref_00386	via_appia	capitolo_VI	quer_pasticciaccio_adelphi	A 162	162		al laboratorio-bettola dove i carrettieri dell’Appia sostassero per una fojetta, appunto ai Due Santi.
ref_00387	due_santi	capitolo_VI	quer_pasticciaccio_adelphi	A 162	162		al laboratorio-bettola dove i carrettieri dell’Appia sostassero per una fojetta, appunto ai Due Santi.
ref_00388	due_santi	capitolo_VI	quer_pasticciaccio_adelphi	A 163	163		E aveveno er grugno pure de dì che li Du Santi... ereno... un par de «nun zo se me spiego»
ref_00389	marino	capitolo_VI	quer_pasticciaccio_adelphi	A 164	164		vedova, d'anno in anno, d'una quindicina di ex-capitani di complemento in congedo: di cui però a poco a poco, d'autunno in autunno, s'erano fatte evanescenti le peste, fra Marino e Ariccia
ref_00390	ariccia	capitolo_VI	quer_pasticciaccio_adelphi	A 164	164		vedova, d'anno in anno, d'una quindicina di ex-capitani di complemento in congedo: di cui però a poco a poco, d'autunno in autunno, s'erano fatte evanescenti le peste, fra Marino e Ariccia
ref_00391	due_santi	capitolo_VI	quer_pasticciaccio_adelphi	A 165	165		Dàtasi, al cader degli anni e degli incisivi, a un sempre più scaltro e ardimentoso lenonato con epicentro appunto ai Due Santi
ref_00392	laboratorio_zamira	capitolo_VI	quer_pasticciaccio_adelphi	A 165	165		Dàtasi, al cader degli anni e degli incisivi, a un sempre più scaltro e ardimentoso lenonato con epicentro appunto ai Due Santi
ref_00393	via_appia	capitolo_VI	quer_pasticciaccio_adelphi	A 165	165		era a un livello più basso che la quota stradale ordinaria, dell’Appia.
ref_00394	laboratorio_zamira	capitolo_VI	quer_pasticciaccio_adelphi	A 166	166		Un luogo, insomma, il laboratorio della Zamira, da non si poter incontrare il più opportuno a distillarvi una goccia, una goccia sola e splendida della eternamente proibita o eternamente inverisimile Probabilità.
ref_00395	via_appia	capitolo_VI	quer_pasticciaccio_adelphi	A 167	167		Povera e cara Zamira! Soleva mescere ai carrettieri dell'Appia: ai carabinieri in perlustrazione.
ref_00396	via_appia	capitolo_VI	quer_pasticciaccio_adelphi	A 167	167		disponeva, la Zamira, di buon organico di nipotine apprendiste: e riserve, poi, dislocate lungo l'Appia, lungo l'Ardeatina o l'Anziate, al tale, o tal altro chilometro, di rimagliatrici aggiunte
ref_00397	via_ardeatina	capitolo_VI	quer_pasticciaccio_adelphi	A 167	167		disponeva, la Zamira, di buon organico di nipotine apprendiste: e riserve, poi, dislocate lungo l'Appia, lungo l'Ardeatina o l'Anziate, al tale, o tal altro chilometro, di rimagliatrici aggiunte
ref_00398	via_anziate	capitolo_VI	quer_pasticciaccio_adelphi	A 167	167		disponeva, la Zamira, di buon organico di nipotine apprendiste: e riserve, poi, dislocate lungo l'Appia, lungo l'Ardeatina o l'Anziate, al tale, o tal altro chilometro, di rimagliatrici aggiunte
ref_00399	laboratorio_zamira	capitolo_VI	quer_pasticciaccio_adelphi	A 168	168		gl'indomabili servitori del dovere amavano di refrigerarsi un attimo in quell'harem, così caldamente ombrato e mutolo, della Zamira, ch'era per tutti gli adepti il vestibolo della ipotesi felice, il sacrario delle consultazioni, delle consolazioni albane
ref_00400	tenenza_carabinieri_marino	capitolo_VI	quer_pasticciaccio_adelphi	A 169	169		Anche il maresciallo, il maresciallo Fabrizio Santarella, bah, l'uno de' due centauri della Tenenza albana, il più elevato in grado dei due
ref_00401	torraccio	capitolo_VI	quer_pasticciaccio_adelphi	A 169	169		Si preannunciava di lontano, dal Torraccio, dalle ultime case de le Frattocchie, dalle Robine Vecchie altre volte o dal Cassero a Sant'Ignazio, o dal Divino Amore
ref_00402	frattocchie	capitolo_VI	quer_pasticciaccio_adelphi	A 169	169		Si preannunciava di lontano, dal Torraccio, dalle ultime case de le Frattocchie, dalle Robine Vecchie altre volte o dal Cassero a Sant'Ignazio, o dal Divino Amore
ref_00403	robine_vecchie	capitolo_VI	quer_pasticciaccio_adelphi	A 169	169		Si preannunciava di lontano, dal Torraccio, dalle ultime case de le Frattocchie, dalle Robine Vecchie altre volte o dal Cassero a Sant'Ignazio, o dal Divino Amore
ref_00404	cassero	capitolo_VI	quer_pasticciaccio_adelphi	A 169	169		Si preannunciava di lontano, dal Torraccio, dalle ultime case de le Frattocchie, dalle Robine Vecchie altre volte o dal Cassero a Sant'Ignazio, o dal Divino Amore
ref_00405	ponte_divino_amore	capitolo_VI	quer_pasticciaccio_adelphi	A 169	169		Si preannunciava di lontano, dal Torraccio, dalle ultime case de le Frattocchie, dalle Robine Vecchie altre volte o dal Cassero a Sant'Ignazio, o dal Divino Amore
ref_00406	tragitto_torraccio_ponte_divino_amore	capitolo_VI	quer_pasticciaccio_adelphi	A 169	169		Si preannunciava di lontano, dal Torraccio, dalle ultime case de le Frattocchie, dalle Robine Vecchie altre volte o dal Cassero a Sant'Ignazio, o dal Divino Amore
ref_00407	milano	capitolo_VI	quer_pasticciaccio_adelphi	A 170	170		Veniva fuori, la cara voce, manco a dirlo, usciva dallo stipo della radio: di cui Fabrizio Santarella s’era provveduto a Milano, quando v’era andato in « missione speciale »
ref_00408	milano	capitolo_VI	quer_pasticciaccio_adelphi	A 170	170		e n’era tornato coi due Salvatori, da Milano, e, in più, con una radio a due valvole: prodigioso ritrovato di quella prodigiosa civiltà
ref_00409	via_zanardelli	capitolo_VI	quer_pasticciaccio_adelphi	A 171	171		mentre il grammofono di via Zanardelli gli scodellava nell'anima per ventitré volte di seguito la gelida manina, a lui e a tutto il vicinato
ref_00410	due_santi	capitolo_VI	quer_pasticciaccio_adelphi	A 171	171		che avesse pure un debole per quarcheduna delle nipotine apprendiste della Zamira, la tintora delli Due Santi
ref_00411	tenenza_carabinieri_marino	capitolo_VI	quer_pasticciaccio_adelphi	A 172	172		chiedeva nerbo di due militi dalla Tenenza, impartiva ordini
ref_00412	rocca_di_papa	capitolo_VI	quer_pasticciaccio_adelphi	A 173	173		Lui tutt'al rovescio, appena rosa e oro il cielo: da Rocca di Papa a Castel Savelli, giù: da Rocca Orsina al Monte Nuncupale, su
ref_00413	castel_savello	capitolo_VI	quer_pasticciaccio_adelphi	A 173	173		Lui tutt'al rovescio, appena rosa e oro il cielo: da Rocca di Papa a Castel Savelli, giù: da Rocca Orsina al Monte Nuncupale, su
ref_00414	rocca_orsina	capitolo_VI	quer_pasticciaccio_adelphi	A 173	173		Lui tutt'al rovescio, appena rosa e oro il cielo: da Rocca di Papa a Castel Savelli, giù: da Rocca Orsina al Monte Nuncupale, su
ref_00415	monte_nuncupale	capitolo_VI	quer_pasticciaccio_adelphi	A 173	173		Lui tutt'al rovescio, appena rosa e oro il cielo: da Rocca di Papa a Castel Savelli, giù: da Rocca Orsina al Monte Nuncupale, su
ref_00416	tragitto_rocca_di_papa_monte_nuncupale	capitolo_VI	quer_pasticciaccio_adelphi	A 173	173		Lui tutt'al rovescio, appena rosa e oro il cielo: da Rocca di Papa a Castel Savelli, giù: da Rocca Orsina al Monte Nuncupale, su
ref_00417	tenenza_carabinieri_marino	capitolo_VI	quer_pasticciaccio_adelphi	A 173	173		Ornamento, con catenelle in giberna, della Tenenza albana
ref_00418	via_ardeatina	capitolo_VI	quer_pasticciaccio_adelphi	A 173	173		centauro-saetta della via Ardeatina e, più, dell'Appia: a certo chilometro, certi giorni
ref_00419	via_appia	capitolo_VI	quer_pasticciaccio_adelphi	A 173	173		centauro-saetta della via Ardeatina e, più, dell'Appia: a certo chilometro, certi giorni
ref_00420	cecchina	capitolo_VI	quer_pasticciaccio_adelphi	A 173	173		Infilava au ralenti la mala curva d'aa stazione d'aa Cecchina: spengeva solo, poi bloccava, il caso richiedendo, a Santa Palomba stazione, a Campoleone Stazione: dove l'Ardeatina o dove la strada Anziate incrocia, al passaggio, l'avvento gittato del Roma-Napoli
ref_00421	santa_palomba	capitolo_VI	quer_pasticciaccio_adelphi	A 173	173		Infilava au ralenti la mala curva d'aa stazione d'aa Cecchina: spengeva solo, poi bloccava, il caso richiedendo, a Santa Palomba stazione, a Campoleone Stazione: dove l'Ardeatina o dove la strada Anziate incrocia, al passaggio, l'avvento gittato del Roma-Napoli
ref_00422	campoleone	capitolo_VI	quer_pasticciaccio_adelphi	A 173	173		Infilava au ralenti la mala curva d'aa stazione d'aa Cecchina: spengeva solo, poi bloccava, il caso richiedendo, a Santa Palomba stazione, a Campoleone Stazione: dove l'Ardeatina o dove la strada Anziate incrocia, al passaggio, l'avvento gittato del Roma-Napoli
ref_00423	via_ardeatina	capitolo_VI	quer_pasticciaccio_adelphi	A 173	173		Infilava au ralenti la mala curva d'aa stazione d'aa Cecchina: spengeva solo, poi bloccava, il caso richiedendo, a Santa Palomba stazione, a Campoleone Stazione: dove l'Ardeatina o dove la strada Anziate incrocia, al passaggio, l'avvento gittato del Roma-Napoli
ref_00424	via_anziate	capitolo_VI	quer_pasticciaccio_adelphi	A 173	173		Infilava au ralenti la mala curva d'aa stazione d'aa Cecchina: spengeva solo, poi bloccava, il caso richiedendo, a Santa Palomba stazione, a Campoleone Stazione: dove l'Ardeatina o dove la strada Anziate incrocia, al passaggio, l'avvento gittato del Roma-Napoli
ref_00425	tragitto_cecchina_anziate	capitolo_VI	quer_pasticciaccio_adelphi	A 173	173		Infilava au ralenti la mala curva d'aa stazione d'aa Cecchina: spengeva solo, poi bloccava, il caso richiedendo, a Santa Palomba stazione, a Campoleone Stazione: dove l'Ardeatina o dove la strada Anziate incrocia, al passaggio, l'avvento gittato del Roma-Napoli
ref_00426	frattocchie	capitolo_VI	quer_pasticciaccio_adelphi	A 174	174		Oppure a metà le Frattocchie, doveva spengere: al passaggio dell'Appia, o a Ca' Francesi, a Tor Ser Paolo, alla stazione di Ciampino
ref_00427	via_appia	capitolo_VI	quer_pasticciaccio_adelphi	A 174	174		Oppure a metà le Frattocchie, doveva spengere: al passaggio dell'Appia, o a Ca' Francesi, a Tor Ser Paolo, alla stazione di Ciampino
ref_00428	ca_francesi	capitolo_VI	quer_pasticciaccio_adelphi	A 174	174		Oppure a metà le Frattocchie, doveva spengere: al passaggio dell'Appia, o a Ca' Francesi, a Tor Ser Paolo, alla stazione di Ciampino
ref_00429	tor_ser_paolo	capitolo_VI	quer_pasticciaccio_adelphi	A 174	174		Oppure a metà le Frattocchie, doveva spengere: al passaggio dell'Appia, o a Ca' Francesi, a Tor Ser Paolo, alla stazione di Ciampino
ref_00430	ciampino	capitolo_VI	quer_pasticciaccio_adelphi	A 174	174		Oppure a metà le Frattocchie, doveva spengere: al passaggio dell'Appia, o a Ca' Francesi, a Tor Ser Paolo, alla stazione di Ciampino
ref_00431	tragitto_frattocchie_ciampino	capitolo_VI	quer_pasticciaccio_adelphi	A 174	174		Oppure a metà le Frattocchie, doveva spengere: al passaggio dell'Appia, o a Ca' Francesi, a Tor Ser Paolo, alla stazione di Ciampino
ref_00432	ciampino	capitolo_VI	quer_pasticciaccio_adelphi	A 175	175		Poi, presso a Ciampino o alla Palomba, levava gli occhi: su, su: carovane bianche di nuvole trascorrendo a mezzo marzo nel cielo
ref_00433	santa_palomba	capitolo_VI	quer_pasticciaccio_adelphi	A 175	175		Poi, presso a Ciampino o alla Palomba, levava gli occhi: su, su: carovane bianche di nuvole trascorrendo a mezzo marzo nel cielo
ref_00434	colli_saluberrimi	capitolo_VII	quer_pasticciaccio_adelphi	A 176	176		Piovuto dai colli saluberrimi, il superbrigadiere-centauro aveva interpretato il desiderio di tutti
ref_00435	palazzo_simonetti	capitolo_VII	quer_pasticciaccio_adelphi	A 177	177		Nel frattempo, salito a palazzo Simonetti a via Lanza, Ingravallo maturò de premura quelle che il Truce in cattedra avrebbe chiamato le direttive da impartire.
ref_00436	via_lanza	capitolo_VII	quer_pasticciaccio_adelphi	A 177	177		Nel frattempo, salito a palazzo Simonetti a via Lanza, Ingravallo maturò de premura quelle che il Truce in cattedra avrebbe chiamato le direttive da impartire.
ref_00437	palazzo_del_mappamondo	capitolo_VII	quer_pasticciaccio_adelphi	A 177	177		Ingravallo maturò de premura quelle che il Truce in cattedra, a palazzo der Mappamonno, avrebbe chiamato le direttive da impartire... alle sottostanti gerarchie.
ref_00438	tenenza_carabinieri_marino	capitolo_VII	quer_pasticciaccio_adelphi	A 177	177		Tutto il merito, ora, ai carabinieri di Marino. « Sti lanternoni d’ ’o tteate ’e Pulcinella. »
ref_00439	via_del_gesu	capitolo_VII	quer_pasticciaccio_adelphi	A 177	177		Pestalozzi cenò di buon appetito a ’o tavolino de marmo: a via der Gesù: dal Maccheronaro: dove ce l’aveva accompagnato Pompé.
ref_00440	maccheronaro	capitolo_VII	quer_pasticciaccio_adelphi	A 178	178		Pestalozzi cenò di buon appetito a ’o tavolino de marmo: a via der Gesù: dal Maccheronaro: dove ce l’aveva accompagnato Pompé.
ref_00441	santo_stefano_del_cacco_celio_santo_stefano	capitolo_VII	quer_pasticciaccio_adelphi	A 178	178		che fungeva pure da maestro de cerimonie, a Santo Stefano, l’opportunità richiedendo
ref_00442	laboratorio_zamira	capitolo_VII	quer_pasticciaccio_adelphi	A 178	178		« Che è, se non erro, » fece il dottor Fumi, « l’amica che lavorava con te dalla Zamira », ai Due Santi.
ref_00443	santo_stefano_rotondo	capitolo_VII	quer_pasticciaccio_adelphi	A 178	178		« Na stradaccia: dove c’è un prato... dove c’è na chiesa che nun ce so’ li preti, che la chiameno ritonna. »
ref_00444	strada_di_campagna_celio	capitolo_VII	quer_pasticciaccio_adelphi	A 179	179		La « strada de campagna » si riuscì a scoprire che doveva essere una strada (in quegli anni tuttavia romita e campestre) del Celio.
ref_00445	via_di_san_paolo_della_croce	capitolo_VII	quer_pasticciaccio_adelphi	A 180	180		Forse via di San Paolo della Croce, con più probabilità via della Navicella o di Santo Stefano Rotondo.
ref_00446	via_della_navicella	capitolo_VII	quer_pasticciaccio_adelphi	A 180	180		Forse via di San Paolo della Croce, con più probabilità via della Navicella o di Santo Stefano Rotondo.
ref_00447	via_di_santo_stefano_rotondo	capitolo_VII	quer_pasticciaccio_adelphi	A 180	180		Forse via di San Paolo della Croce, con più probabilità via della Navicella o di Santo Stefano Rotondo.
ref_00448	villa_celimontana	capitolo_VII	quer_pasticciaccio_adelphi	A 180	180		L’archivolto era quello di San Paolo, se non l’arco di villa Celimontana a lato Santa Maria in Dòmnica.
ref_00449	santa_maria_in_domnica	capitolo_VII	quer_pasticciaccio_adelphi	A 180	180		L’archivolto era quello di San Paolo, se non l’arco di villa Celimontana a lato Santa Maria in Dòmnica.
ref_00450	tempio_di_agrippa	capitolo_VII	quer_pasticciaccio_adelphi	A 180	180		La ritonna... « dove manco ce stanno più li preti », non era, non poteva essere er Tempio d’Agrippa, dove i segugi s’erano riportati col pensiero, subito escludendolo dato che non sorge « in campagna ».
ref_00451	santo_stefano_rotondo	capitolo_VII	quer_pasticciaccio_adelphi	A 180	180		Era invece Santo Stefano Rotondo, precluso al culto, a quegli anni, in ragione di certi lavori di riprístino.
ref_00452	due_santi	capitolo_VII	quer_pasticciaccio_adelphi	A 180	180		E tutti ’o dicevano, a li Du Santi.
ref_00453	traforo	capitolo_VII	quer_pasticciaccio_adelphi	A 181	181		L’urtima vorta, l’aveva intruppato ar Traforo.
ref_00454	monti	capitolo_VII	quer_pasticciaccio_adelphi	A 182	182		Si differiva passo passo da un quartiere all’altro: monticiano a le dieci, trasteverino a le quattro, a Piazza Colonna o a l’Esedra con le luci e i rossoverdi richiami della sera.
ref_00455	trastevere	capitolo_VII	quer_pasticciaccio_adelphi	A 182	182		Si differiva passo passo da un quartiere all’altro: monticiano a le dieci, trasteverino a le quattro, a Piazza Colonna o a l’Esedra con le luci e i rossoverdi richiami della sera.
ref_00456	piazza_colonna	capitolo_VII	quer_pasticciaccio_adelphi	A 182	182		Si differiva passo passo da un quartiere all’altro: monticiano a le dieci, trasteverino a le quattro, a Piazza Colonna o a l’Esedra con le luci e i rossoverdi richiami della sera.
ref_00457	piazza_esedra	capitolo_VII	quer_pasticciaccio_adelphi	A 182	182		Si differiva passo passo da un quartiere all’altro: monticiano a le dieci, trasteverino a le quattro, a Piazza Colonna o a l’Esedra con le luci e i rossoverdi richiami della sera.
ref_00458	tragitto_monti_piazza_esedra	capitolo_VII	quer_pasticciaccio_adelphi	A 182	182		Si differiva passo passo da un quartiere all’altro: monticiano a le dieci, trasteverino a le quattro, a Piazza Colonna o a l’Esedra con le luci e i rossoverdi richiami della sera.
ref_00459	via_veneto	capitolo_VII	quer_pasticciaccio_adelphi	A 182	182		« Batteva puro via Veneto, via Ludovisi, ogni tanto, ch’è ’n po’ più scura, pe’ via de le donne. »
ref_00460	via_ludovisi	capitolo_VII	quer_pasticciaccio_adelphi	A 182	182		« Batteva puro via Veneto, via Ludovisi, ogni tanto, ch’è ’n po’ più scura, pe’ via de le donne. »
ref_00461	publicii_clivio_de	capitolo_VII	quer_pasticciaccio_adelphi	A 185	185		Sotto un lampione sfasciato per il clivo de’ Publicii, a Rocca Savella, dove stanno li cavajeri: annottava.
ref_00462	rocca_savella	capitolo_VII	quer_pasticciaccio_adelphi	A 185	185		Sotto un lampione sfasciato per il clivo de’ Publicii, a Rocca Savella, dove stanno li cavajeri: annottava.
ref_00463	prati	capitolo_VII	quer_pasticciaccio_adelphi	A 187	187		Mejo piuttosto la fame; e annà pe strada, e sentisse pioviccicà ne li capelli; mejo addormisse a na panchina de lungotevere, a Prati.
ref_00464	via_boncompagni	capitolo_VII	quer_pasticciaccio_adelphi	A 189	189		« Là, ne li quartieri alti, a via Boncompagni, a via Veneto. »
ref_00465	via_veneto	capitolo_VII	quer_pasticciaccio_adelphi	A 189	189		« Là, ne li quartieri alti, a via Boncompagni, a via Veneto. »
ref_00466	pensione_burgess	capitolo_VII	quer_pasticciaccio_adelphi	A 189	189		« Ho capito, la pensione Bergèss, » fece Pompeo, pronunziando a suo modo.
ref_00467	pensione_burgess	capitolo_VII	quer_pasticciaccio_adelphi	A 189	189		« All’ufficio stranieri, Pompè, allo schedario. Pensione Bergesse. E bbuona pesca. »
ref_00468	via_veneto	capitolo_VII	quer_pasticciaccio_adelphi	A 189	189		« E ddomani mattina, Pompè, ve n’iate a spasso a via Veneto. Vuie v’avite a ’ncuntrà l’inglesa pe cumbinazione, c’intendiamo? »
ref_00469	palazzo_della_immacolatella	capitolo_VII	quer_pasticciaccio_adelphi	A 190	190		« Chelle guaglione sbarcano a l’Immacolatella a ciento cinquanta pe’ vvota! A ’o molo Beverello! Da ’o Conte Verde! »
ref_00470	molo_beverello	capitolo_VII	quer_pasticciaccio_adelphi	A 190	190		« Chelle guaglione sbarcano a l’Immacolatella a ciento cinquanta pe’ vvota! A ’o molo Beverello! Da ’o Conte Verde! »
ref_00471	basilica_dei_frari	capitolo_VII	quer_pasticciaccio_adelphi	A 191	191		Vice-commissario ai Frari, i cinque cherubini scarlatti d’una delle sei madonne in trono di Giovan Bellino (Accademia) gli si erano stampati nella memoria.
ref_00472	calabria	capitolo_VII	quer_pasticciaccio_adelphi	A 192	192		Ingravallo, poi, aveva letto Norman Douglas oltre che Lawrence: e ne aveva stillato Calabria, Sardegna (ringhiando) come da fiale d’un iperofficiante elisire.
ref_00473	sardegna	capitolo_VII	quer_pasticciaccio_adelphi	A 192	192		Ingravallo, poi, aveva letto Norman Douglas oltre che Lawrence: e ne aveva stillato Calabria, Sardegna (ringhiando) come da fiale d’un iperofficiante elisire.
ref_00474	monte_circeo	capitolo_VII	quer_pasticciaccio_adelphi	A 192	192		Aveva dunque triangolato, in sua geodesia, anche il territorio circèo, cavandone documentata certezza che la Circe non si fosse piazzata poi tanto male a esercitare l’arte sua.
ref_00475	reggio_calabria	capitolo_VII	quer_pasticciaccio_adelphi	A 192	192		Lui, Norman Douglas, o lui, Lawrence, li riconosceva emergere dalle tre città di Reggio (Calabria), Sassari e Civitavecchia, con gran dispetto dei palermitani.
ref_00476	sassari	capitolo_VII	quer_pasticciaccio_adelphi	A 192	192		Lui, Norman Douglas, o lui, Lawrence, li riconosceva emergere dalle tre città di Reggio (Calabria), Sassari e Civitavecchia, con gran dispetto dei palermitani.
ref_00477	civitavecchia	capitolo_VII	quer_pasticciaccio_adelphi	A 192	192		Lui, Norman Douglas, o lui, Lawrence, li riconosceva emergere dalle tre città di Reggio (Calabria), Sassari e Civitavecchia, con gran dispetto dei palermitani.
ref_00478	tor_ser_paolo	capitolo_VII	quer_pasticciaccio_adelphi	A 193	193		Prendevano il sentiere che lungheggia la macchia delle querci, in direzione di Tor ser Paolo.
ref_00479	casa_del_butiro	capitolo_VII	quer_pasticciaccio_adelphi	A 193	193		O la stradiccia della fonte de salute, verso Casa del Butiro.
ref_00480	due_santi	capitolo_VII	quer_pasticciaccio_adelphi	A 197	197		Al brigadiere Pestalozzi parve anzi rammemorarne senza pena il tacito essere, del Diomede: che aveva incontrato alla mescita de li Du Santi.
ref_00481	termini	capitolo_VII	quer_pasticciaccio_adelphi	A 199	199		« Da le parte de la stazzione, me pare: passato piazza Vittorio, però. Ma io... nun so’ pratica de queli posti. »
ref_00482	piazza_vittorio_emanuele	capitolo_VII	quer_pasticciaccio_adelphi	A 199	199		« Da le parte de la stazzione, me pare: passato piazza Vittorio, però. Ma io... nun so’ pratica de queli posti. »
ref_00483	via_merulana	capitolo_VII	quer_pasticciaccio_adelphi	A 199	199		« Na strada larga, longa, » disse lei titubando fra vergogna e rimorso, « dritta dritta... che va a finì a San Giovanni. »
ref_00484	piazza_san_giovanni	capitolo_VII	quer_pasticciaccio_adelphi	A 199	199		« Na strada larga, longa, » disse lei titubando fra vergogna e rimorso, « dritta dritta... che va a finì a San Giovanni. »
ref_00485	piccarozzi	capitolo_VII	quer_pasticciaccio_adelphi	A 199	199		« Puro l’apperitivo je ce vo: er Carpàno » (così accentò). « Da Piccarozzi, sotto ’a Galleria. Prima d’annà a pranzo, prima d’annà. »
ref_00486	acqua_pia_antica_marcia	capitolo_VII	quer_pasticciaccio_adelphi	A 199	199		« Un’ingozzata d’acqua Marcia a la Scrofa, o a la funtanella de Borghese. »
ref_00487	fontanella_di_borghese	capitolo_VII	quer_pasticciaccio_adelphi	A 199	199		« Un’ingozzata d’acqua Marcia a la Scrofa, o a la funtanella de Borghese. »
ref_00488	bottaro	capitolo_VII	quer_pasticciaccio_adelphi	A 200	200		« Quella te la trascina in una trattoria de lusso: dar Bottaro, magara, a la passeggiata de Ripetta. »
ref_00489	ripetta	capitolo_VII	quer_pasticciaccio_adelphi	A 200	200		« Quella te la trascina in una trattoria de lusso: dar Bottaro, magara, a la passeggiata de Ripetta. »
ref_00490	quattro_cantoni	capitolo_VII	quer_pasticciaccio_adelphi	A 200	200		« O a li Quattro Cantoni, da l’Aliciaro, de dietro a San Carlo. »
ref_00491	aliciaro	capitolo_VII	quer_pasticciaccio_adelphi	A 200	200		« O a li Quattro Cantoni, da l’Aliciaro, de dietro a San Carlo. »
ref_00492	san_carlo_alle_quattro_fontane	capitolo_VII	quer_pasticciaccio_adelphi	A 200	200		« O a li Quattro Cantoni, da l’Aliciaro, de dietro a San Carlo. »
ref_00493	vite	capitolo_VII	quer_pasticciaccio_adelphi	A 200	200		« O magari a la Vite, si tanto tanto ce la fa a capì... ch’è una de fora, e che viè pure da lontano, e de razza scerta. »
ref_00494	buco_a_santignazio	capitolo_VII	quer_pasticciaccio_adelphi	A 200	200		« Pure ar Buco a Sant’Ignazzio, quarche vorta, che so’ toscani, m’ha detto: propio de la Toscana. »
ref_00495	villa_borghese	capitolo_VII	quer_pasticciaccio_adelphi	A 201	201		« Scusi, mi dire Villa Porchese àu do jo è? E stanno a via Veneto. All’archi de porta Pinciana, stanno! sti fregni. »
ref_00496	via_veneto	capitolo_VII	quer_pasticciaccio_adelphi	A 201	201		« Scusi, mi dire Villa Porchese àu do jo è? E stanno a via Veneto. All’archi de porta Pinciana, stanno! sti fregni. »
ref_00497	porta_pinciana	capitolo_VII	quer_pasticciaccio_adelphi	A 201	201		« Scusi, mi dire Villa Porchese àu do jo è? E stanno a via Veneto. All’archi de porta Pinciana, stanno! sti fregni. »
ref_00498	porta_pinciana	capitolo_VII	quer_pasticciaccio_adelphi	A 201	201		« Ma con quelle! Da porta Pinciana ar giardino del lago, a la terrazza der Pincio, nun è poi un viaggio che fa dole li piedi. »
ref_00499	villa_borghese	capitolo_VII	quer_pasticciaccio_adelphi	A 201	201		« Ma con quelle! Da porta Pinciana ar giardino del lago, a la terrazza der Pincio, nun è poi un viaggio che fa dole li piedi. »
ref_00500	pincio	capitolo_VII	quer_pasticciaccio_adelphi	A 201	201		« Ma con quelle! Da porta Pinciana ar giardino del lago, a la terrazza der Pincio, nun è poi un viaggio che fa dole li piedi. »
ref_00501	bottaro	capitolo_VII	quer_pasticciaccio_adelphi	A 201	201		« Ma li sordi però je li passa lei, sott’a la tovaja: o a l’entrata der Bottaro » (invidia a la rivale emittente) « mentre che guardeno su la vetrina... li piatti der giorno che ce stanno scritti. »
ref_00502	via_panisperna	capitolo_VII	quer_pasticciaccio_adelphi	A 201	201		« E che lui è na guida appatentata, che l’esami l’ha fatti, e je manca solo d’annà a pijà la licenza a via Panisperna, ma je ce vonno ancora certe carte, certi bolli. »
ref_00503	palazzo_219	capitolo_VII	quer_pasticciaccio_adelphi	A 203	203		« Cià pure un fratello più piccolo che se chiama Ascanio: che deve avé bazzicato puro lui, ner palazzo indove sta de casa la contessa veneziana. »
ref_00504	piazza_vittorio_emanuele	capitolo_VII	quer_pasticciaccio_adelphi	A 204	204		« Addo’? » « ... a piazza Vittorio, che m’ha dato pure na pagnottella sverto sverto, da sotto ar zinale. »
ref_00505	santa_maria_maggiore	capitolo_VII	quer_pasticciaccio_adelphi	A 204	204		« Saranno state le undici. Na fame che nun ce vedevo. La campana grossa, a Santa Maria Maggiore, nun la finiva più de dondolasse. »
ref_00506	piazza_vittorio_emanuele	capitolo_VII	quer_pasticciaccio_adelphi	A 205	205		Dove staveno a venne la porchetta: sì, a piazza Vittorio, sì: dove tenevano il posteggio.
ref_00507	tenenza_carabinieri_marino	capitolo_VIII	quer_pasticciaccio_adelphi	A 206	206		Già il brigadiere Pestalozzi usciva (in motocicletta) dalla caserma degli erre erre ci ci di Marino per catapultarsi alla bottega-laboratorio dove non era minimamente aspettato.
ref_00508	laboratorio_zamira	capitolo_VIII	quer_pasticciaccio_adelphi	A 206	206		Già il brigadiere Pestalozzi usciva (in motocicletta) dalla caserma degli erre erre ci ci di Marino per catapultarsi alla bottega-laboratorio dove non era minimamente aspettato.
ref_00509	tragitto_marino_due_santi	capitolo_VIII	quer_pasticciaccio_adelphi	A 206	206		Già il brigadiere Pestalozzi usciva (in motocicletta) dalla caserma degli erre erre ci ci di Marino per catapultarsi alla bottega-laboratorio dove non era minimamente aspettato.
ref_00510	laboratorio_zamira	capitolo_VIII	quer_pasticciaccio_adelphi	A 207	207		Il solerte e via via sempre chiù avvitato accerchiamento del laboratorio, o meglio della casuccia che ne albergava la specie.
ref_00511	casuccia_zamira	capitolo_VIII	quer_pasticciaccio_adelphi	A 207	207		Il solerte e via via sempre chiù avvitato accerchiamento del laboratorio, o meglio della casuccia che ne albergava la specie.
ref_00512	santa_margherita_in_abitacolo	capitolo_VIII	quer_pasticciaccio_adelphi	A 207	207		Un incontro, vespertino e casuale, oh casuale, casuale, a metà la straduccia di Santa Margherita in Abitacolo.
ref_00513	ditta_ciurlani	capitolo_VIII	quer_pasticciaccio_adelphi	A 207	207		E, quel che importava più, la ditta Ciurlani di Marino.
ref_00514	laboratorio_zamira	capitolo_VIII	quer_pasticciaccio_adelphi	A 208	208		Nel laboratorio bettola delli Du Santi, tutte le ragazze, ogni volta, e anche la Zamira d’altronde, s’erano smarrite in una trasognata innocenza.
ref_00515	tenenza_carabinieri_marino	capitolo_VIII	quer_pasticciaccio_adelphi	A 208	208		Il ventitrè marzo, dunque, nella caserma dei Reali, a Marino. Levatosi a notte, disceso a bruzzico, un milite attendeva nel cortile.
ref_00516	porta_borgo_marino	capitolo_VIII	quer_pasticciaccio_adelphi	A 210	210		Discesero fino alla porta del borgo. Passato l’archivolto, la strada prese a dilungarsi verso l’Appia.
ref_00517	via_appia	capitolo_VIII	quer_pasticciaccio_adelphi	A 210	210		Discesero fino alla porta del borgo. Passato l’archivolto, la strada prese a dilungarsi verso l’Appia.
ref_00518	monte_algido	capitolo_VIII	quer_pasticciaccio_adelphi	A 210	210		Era l’alba, e più. Le vette dell’Algido, dei Carseolani e dei Velini inopinatamente presenti, grigie.
ref_00519	monti_carseolani	capitolo_VIII	quer_pasticciaccio_adelphi	A 210	210		Era l’alba, e più. Le vette dell’Algido, dei Carseolani e dei Velini inopinatamente presenti, grigie.
ref_00520	monte_velino	capitolo_VIII	quer_pasticciaccio_adelphi	A 210	210		Era l’alba, e più. Le vette dell’Algido, dei Carseolani e dei Velini inopinatamente presenti, grigie.
ref_00521	monte_soratte	capitolo_VIII	quer_pasticciaccio_adelphi	A 210	210		Magia repentina il Soratte, come una rocca di piombo, di cenere.
ref_00522	tivoli	capitolo_VIII	quer_pasticciaccio_adelphi	A 210	210		Di là, da dietro a Tivoli e a Càrsoli, flottiglie di nubi orizzontali tutte arricciolate di cirri s’avventavano l’una dopo l’altra a battaglia.
ref_00523	carsoli	capitolo_VIII	quer_pasticciaccio_adelphi	A 210	210		Di là, da dietro a Tivoli e a Càrsoli, flottiglie di nubi orizzontali tutte arricciolate di cirri s’avventavano l’una dopo l’altra a battaglia.
ref_00524	montagne_degli_equi	capitolo_VIII	quer_pasticciaccio_adelphi	A 210	210		Bordeggiavano la scogliera cinerina delle montagne degli Equi, la nudità dealbata del Velino, antemurale della Marsica.
ref_00525	monte_velino	capitolo_VIII	quer_pasticciaccio_adelphi	A 210	210		Bordeggiavano la scogliera cinerina delle montagne degli Equi, la nudità dealbata del Velino, antemurale della Marsica.
ref_00526	marsica	capitolo_VIII	quer_pasticciaccio_adelphi	A 210	210		Bordeggiavano la scogliera cinerina delle montagne degli Equi, la nudità dealbata del Velino, antemurale della Marsica.
ref_00527	litorale_fiumicino	capitolo_VIII	quer_pasticciaccio_adelphi	A 210	210		Là là sopra il litorale di Fiumicino e di Ladìspoli, era un gregge color marrone.
ref_00528	litorale_ladispoli	capitolo_VIII	quer_pasticciaccio_adelphi	A 210	210		Là là sopra il litorale di Fiumicino e di Ladìspoli, era un gregge color marrone.
ref_00529	fontana_di_papa	capitolo_VIII	quer_pasticciaccio_adelphi	A 211	211		Il brigadiere premè col piede, accelerò verso la Fontana.
ref_00530	porta_san_paolo	capitolo_VIII	quer_pasticciaccio_adelphi	A 211	211		Roma gli apparì distesa come in una mappa o in un plastico: fumava appena, a porta San Paolo.
ref_00531	cupola_san_pietro	capitolo_VIII	quer_pasticciaccio_adelphi	A 211	211		La cupola di madreperla: cupole, torri: oscure macchie de’ pineti.
ref_00532	acquedotto_claudio	capitolo_VIII	quer_pasticciaccio_adelphi	A 211	211		Pareva n’orloggione spiacciccato a terra, che la catena de l’acquedotto claudio legasse... congiungesse... alle misteriose fonti del sogno.
ref_00533	due_santi	capitolo_VIII	quer_pasticciaccio_adelphi	A 211	211		Il brigadiere filava in discesa verso li Du Santi. Era giornata lasca, il dolco aveva bevuto ai padùli.
ref_00534	casal_bruciato	capitolo_VIII	quer_pasticciaccio_adelphi	A 212	212		Tantoché al passaggio a livello di Casal Bruciato il vetrone girasole... per fil a dest!
ref_00535	direttissima_roma_napoli	capitolo_VIII	quer_pasticciaccio_adelphi	A 212	212		E il Roma-Napoli filava filava a tutta corsa dietro al crepuscolo e pressoché già nella notte e nella tenebra circèa.
ref_00536	campo_morto	capitolo_VIII	quer_pasticciaccio_adelphi	A 212	212		S’era buttato alla campagna nella notte verso le gore senza foce del Campo Morto e la macchia e l’intrico del litorale pometino.
ref_00537	monte_circeo	capitolo_VIII	quer_pasticciaccio_adelphi	A 213	213		Perscrutava e la giuncaia e la tenebra fino laggiù, dove i nomi si diradano, appiè il monte della contessa Circia.
ref_00538	castel_porcano	capitolo_VIII	quer_pasticciaccio_adelphi	A 213	213		Solevano allegrare la notte fascinosa di Castel Porcano.
ref_00539	castel_porcano	capitolo_VIII	quer_pasticciaccio_adelphi	A 213	213		A Castel Porcino, sotto festoni di pere gialle da due watt e palloncini sbronzi e dolcemente obesi nell’alitare e nello smorire d’ogni mèlode, la maga dalla tabacchiera elicitava al fiuto gli imminenti suini.
ref_00540	due_santi	capitolo_VIII	quer_pasticciaccio_adelphi	A 215	215		Il brigadiere filava, crepitando secco, in direzione delli Du Santi, con il milite abbrancato alla vita.
ref_00541	monti_ernici	capitolo_VIII	quer_pasticciaccio_adelphi	A 215	215		Un punto di fuoco, d’in vetta al crinale degli Ernici o dei Simbruini l’insostenibile pupilla.
ref_00542	monti_simbruini	capitolo_VIII	quer_pasticciaccio_adelphi	A 215	215		Un punto di fuoco, d’in vetta al crinale degli Ernici o dei Simbruini l’insostenibile pupilla.
ref_00543	due_santi	capitolo_VIII	quer_pasticciaccio_adelphi	A 215	215		Quando il bubububù si spense ai Due Santi, in una breve strusciata delle ruote
ref_00544	tragitto_tenenza_due_santi	capitolo_VIII	quer_pasticciaccio_adelphi	A 208-215	208-215		Il ventitrè marzo, dunque, nella caserma dei Reali, a Marino. Levatosi a notte, disceso a bruzzico, un milite attendeva nel cortile. […] Discesero fino alla porta del borgo. Passato l’archivolto, la strada prese a dilungarsi verso l’Appia. […] Il brigadiere premè col piede, accelerò verso la Fontana. [...] Quando il bubububù si spense ai Due Santi, in una breve strusciata delle ruote.
ref_00545	via_appia	capitolo_VIII	quer_pasticciaccio_adelphi	A 216	216		A destra dell’Appia, chi procedesse nella direzione di Albano, l’usciolo a vetri opachi o colorati d’una botteguccia.
ref_00546	albano_laziale	capitolo_VIII	quer_pasticciaccio_adelphi	A 216	216		A destra dell’Appia, chi procedesse nella direzione di Albano, l’usciolo a vetri opachi o colorati d’una botteguccia.
ref_00547	laboratorio_zamira	capitolo_VIII	quer_pasticciaccio_adelphi	A 216	216		L’usciolo a vetri opachi o colorati d’una botteguccia, il cui limitare di peperino grigio e consunto era a livello dell’asfalto.
ref_00548	via_appia	capitolo_VIII	quer_pasticciaccio_adelphi	A 216	216		Rimpetto all’uscio, sulla sinistra del rettifilo che pacatamente ascendeva, tra i due sbocchi di due strade afferenti, il muriccio d’un orto, o d’una vigna, o d’un qualche cosa di simile.
ref_00549	orto_vigna_due_santi	capitolo_VIII	quer_pasticciaccio_adelphi	A 216	216		Rimpetto all’uscio, sulla sinistra del rettifilo che pacatamente ascendeva, tra i due sbocchi di due strade afferenti, il muriccio d’un orto, o d’una vigna, o d’un qualche cosa di simile.
ref_00550	edicola_due_santi	capitolo_VIII	quer_pasticciaccio_adelphi	A 216	216		Lo interrompeva un tabernacolo alto, a due pioventi, con arricciolature di stucchi pallidi in fronte.
ref_00551	via_appia	capitolo_VIII	quer_pasticciaccio_adelphi	A 216	216		Da che il divino, un poco intronato nella capa, si affacciava come da un pulvinare sul trambusto dell’Appia.
ref_00552	due_santi	capitolo_VIII	quer_pasticciaccio_adelphi	A 217	217		La luce, in Italia, è madre agli alluci: e se uno è un pittore italiano non ischerza, bah, come non ischerzò il Manieroni alli Du Santi
ref_00553	edicola_due_santi	capitolo_VIII	quer_pasticciaccio_adelphi	A 219	219		Nella edicola delli Du Santi rifiorita e riccioluta di stucchi in un pallore di ricotta, gli venne finalmente fatto di radunare e adibire ad opera i titoli
ref_00554	edicola_due_santi	capitolo_VIII	quer_pasticciaccio_adelphi	A 219	219		il cortovestito giovane, traversata la via, s’era portato sotto l’edicola come per una prece o per un voto
ref_00555	frattocchie	capitolo_VIII	quer_pasticciaccio_adelphi	A 219	219		Quella medesima forse, che il Farafiliopetri vedeva ora discendere verso le Frattocchie.
ref_00556	pozzofondo	capitolo_VIII	quer_pasticciaccio_adelphi	A 221	221		Le nominate Farcioni Clelia, di Achille, da Pozzofondo
ref_00557	pavona	capitolo_VIII	quer_pasticciaccio_adelphi	A 221	221		Mattonari Camilla, di Romolo, abitante alla Pavona
ref_00558	laboratorio_zamira	capitolo_VIII	quer_pasticciaccio_adelphi	A 222	222		Vo a chiamalle, si me guardate la bottega: de voi me fido
ref_00559	santa_maria_novella	capitolo_VIII	quer_pasticciaccio_adelphi	A 222	222		La durezza era piuttosto dura, in lui, disceso dai monti, non ostante la scuola allievi. Santa Maria Novella non l’aveva miracolato, oh no, di eccessive finezze.
ref_00560	torraccio	capitolo_VIII	quer_pasticciaccio_adelphi	A 223	223		Ma crepitare lungo la provinciale dopo la scesa del Torraccio l’avevano udita un po’ tutti.
ref_00561	via_merulana	capitolo_VIII	quer_pasticciaccio_adelphi	A 232	232		« Perché se non lo sapete ve lo dico io: è roba rubata. È nell’elenco degli ori e dei braccialetti rubati alla contessa, a via Merulana: alla contessa Menegazzi: è qui nella nota delle gioie. »
ref_00562	via_del_gobbo	capitolo_VIII	quer_pasticciaccio_adelphi	A 233	233		Rivoltandolo ed esaminandolo, come avrebbe fatto un ricettatore di via del Gobbo propenso all’incamerazione immediata.
ref_00563	laboratorio_zamira	capitolo_VIII	quer_pasticciaccio_adelphi	A 234	234		« E la motocicletta? » balbettò la Zamira, a cui l’idea solo di quella macchina in laboratorio senza il padrone dava un fastidio da non dire
ref_00564	due_santi	capitolo_VIII	quer_pasticciaccio_adelphi	A 234	234		Quello, in ogni modo, che s’era potuto riscontrare più volte essere giurato nemico a li Du Santi: che s’incavernava nella rocca, a notte, a Marino.
ref_00565	tenenza_carabinieri_marino	capitolo_VIII	quer_pasticciaccio_adelphi	A 234	234		Quello, in ogni modo, che s’era potuto riscontrare più volte essere giurato nemico a li Du Santi: che s’incavernava nella rocca, a notte, a Marino.
ref_00566	castel_di_leva	capitolo_VIII	quer_pasticciaccio_adelphi	A 237	237		« Quale passaggio? » « Pe la strada de Castel de Leva, fino ar ponte: poi, a sinistra, fino ar passaggio a livello de Casal Bruciato. »
ref_00567	ponte_divino_amore	capitolo_VIII	quer_pasticciaccio_adelphi	A 237	237		« Quale passaggio? » « Pe la strada de Castel de Leva, fino ar ponte: poi, a sinistra, fino ar passaggio a livello de Casal Bruciato. »
ref_00568	casal_bruciato	capitolo_VIII	quer_pasticciaccio_adelphi	A 237	237		« Quale passaggio? » « Pe la strada de Castel de Leva, fino ar ponte: poi, a sinistra, fino ar passaggio a livello de Casal Bruciato. »
ref_00569	divino_amore	capitolo_VIII	quer_pasticciaccio_adelphi	A 237	237		Ripeté: « Su la strada der Divino Amore. Fino ar ponte, quasi. Poi a sinistra. »
ref_00570	ponte_divino_amore	capitolo_VIII	quer_pasticciaccio_adelphi	A 237	237		Ripeté: « Su la strada der Divino Amore. Fino ar ponte, quasi. Poi a sinistra. »
ref_00571	ponte_divino_amore	capitolo_VIII	quer_pasticciaccio_adelphi	A 237	237		mentre la di lei guardata la si acuminava nella cattiveria: « ar ponte del Divino Amore! » gridò.
ref_00572	ponte_divino_amore	capitolo_IX	quer_pasticciaccio_adelphi	A 238	238		Ar ponte del Divino Amore! è na parola! due chilometri emmezzo e pure più: quaranta minuti di cammino: e con la ragazza, e co quele scarpe che ciaveva.
ref_00573	via_appia	capitolo_IX	quer_pasticciaccio_adelphi	A 238	238		La strada era una sola, pe fortuna, salvo il primo pezzo però: la statale, l'Appia, poi ad angolo retto la deviazione della provinciale, pe Falcognana.
ref_00574	falcognana	capitolo_IX	quer_pasticciaccio_adelphi	A 238	238		La strada era una sola, pe fortuna, salvo il primo pezzo però: la statale, l'Appia, poi ad angolo retto la deviazione della provinciale, pe Falcognana.
ref_00575	tragitto_appia_falcognana	capitolo_IX	quer_pasticciaccio_adelphi	A 238	238		La strada era una sola, pe fortuna, salvo il primo pezzo però: la statale, l'Appia, poi ad angolo retto la deviazione della provinciale, pe Falcognana.
ref_00576	via_della_falcognana	capitolo_IX	quer_pasticciaccio_adelphi	A 238	238		Se veniva in su, la Camilla Mattonari, così disse Lavinia, l'avrebbero certamente incontrata, a scarpettare su l'asfalto, o almeno su l'asciutto, cioè precisamente su la strada di Falcognana.
ref_00577	bivio_falcognana_casal_bruciato	capitolo_IX	quer_pasticciaccio_adelphi	A 239	239		Pervennero a un bivio, col cavallo, già in vista del ponte detto del Divino Amore, con cui la provinciale sullodata soprappassa la ferrovia di Velletri.
ref_00578	divino_amore	capitolo_IX	quer_pasticciaccio_adelphi	A 239	239		Il Divino Amore propriamente detto, una chiesina d'antico tempo qua e là rimpiastricciata d'intonachi e due casipole appigionate al sole dal Lazio dei Principi guardiani.
ref_00579	castel_di_leva	capitolo_IX	quer_pasticciaccio_adelphi	A 239	239		e Castel di Leva che le accosta e sovrasta, e sguarda all'intorno con gli occhi vuoti del torracchio, e le ricinge o le ricingeva d'un muro.
ref_00580	ponte_divino_amore	capitolo_IX	quer_pasticciaccio_adelphi	A 239	239		distano dal ponte cinque chilometri emmezzo.
ref_00581	bivio_falcognana_casal_bruciato	capitolo_IX	quer_pasticciaccio_adelphi	A 239	239		Lì, al bivio, il Pestalozzi poté raggiungere in bicicletta i compagni di gita mandati innanzi.
ref_00582	via_della_falcognana	capitolo_IX	quer_pasticciaccio_adelphi	A 240	240		Dalla strada di Falcognana, che sorpassa col ponte del Divino Amore la mezza trincera della ferrovia qualche centinaio di metri più giù, si disgiungeva in quel punto la vicinale per Casal Bruciato.
ref_00583	ponte_divino_amore	capitolo_IX	quer_pasticciaccio_adelphi	A 240	240		Dalla strada di Falcognana, che sorpassa col ponte del Divino Amore la mezza trincera della ferrovia qualche centinaio di metri più giù, si disgiungeva in quel punto la vicinale per Casal Bruciato.
ref_00584	ferrovia_roma_velletri	capitolo_IX	quer_pasticciaccio_adelphi	A 240	240		Dalla strada di Falcognana, che sorpassa col ponte del Divino Amore la mezza trincera della ferrovia qualche centinaio di metri più giù, si disgiungeva in quel punto la vicinale per Casal Bruciato.
ref_00585	casal_bruciato	capitolo_IX	quer_pasticciaccio_adelphi	A 240	240		Dalla strada di Falcognana, che sorpassa col ponte del Divino Amore la mezza trincera della ferrovia qualche centinaio di metri più giù, si disgiungeva in quel punto la vicinale per Casal Bruciato.
ref_00586	casello_km_20_25	capitolo_IX	quer_pasticciaccio_adelphi	A 241	241		Arrivato, col fido Farafilio ro farà-figli-d'oro, al casello chilometro 20,25, furono accolti dai furibondi latrati d'un bastardaccio.
ref_00587	passaggio_livello_casal_bruciato	capitolo_IX	quer_pasticciaccio_adelphi	A 241	241		Una vecchia apparve, contro ogni credibile ipotesi in quel panorama di ferrovia sconsacrata, la si provò a rabbonirlo, a chetarlo, la si fece indi presso la barra
ref_00588	frattocchie	capitolo_IX	quer_pasticciaccio_adelphi	A 241	241		il quale difatti, già in ansimo, annunciava il lùbrico gioco de' manovellismi su su su fu fu fu da 'e Fattocchie, vincendo la implorazione lontana der cuccù.
ref_00589	casello_km_20_25	capitolo_IX	quer_pasticciaccio_adelphi	A 241	241		e al casello Km 20,25 sarebbe altresì vittorioso della livelletta: un prodigio dell'arte, una interminata livelletta 4% ma tutta curve e controcurve, del secondo ottocento.
ref_00590	casello_km_20_25	capitolo_IX	quer_pasticciaccio_adelphi	A 241	241		Al casello, detto da taluni di Casal Bruciato, lo si attendeva ogni giorno, una volta al giorno.
ref_00591	casello_km_20_25	capitolo_IX	quer_pasticciaccio_adelphi	A 242	242		non riuscì per altro se non allo sblocco d'un qualche gocciolone piuttosto fòbico, gnaffe, sulla banchina di Casal Bruciato.
ref_00592	casello_km_20_25	capitolo_IX	quer_pasticciaccio_adelphi	A 242	242		i carabinieri si avanzarono tacendo sulla banchina con passi gravi e chiodati fino alla porta del casello.
ref_00593	ciampino	capitolo_IX	quer_pasticciaccio_adelphi	A 243	243		Arrivava su da Ciampino tutto nero con un fare da pompiere incattivito, mandando al cielo cannonate di fumo bruno dalla tromba.
ref_00594	ponte_divino_amore	capitolo_IX	quer_pasticciaccio_adelphi	A 245	245		I pennacchi di fumo che s'era lasciato dietro dopo il ponte (del Divino Amore) e prima d'arrivare al casello
ref_00595	casello_km_20_25	capitolo_IX	quer_pasticciaccio_adelphi	A 245	245		I pennacchi di fumo che s'era lasciato dietro dopo il ponte (del Divino Amore) e prima d'arrivare al casello
ref_00596	laboratorio_zamira	capitolo_IX	quer_pasticciaccio_adelphi	A 247	247		Non c'era jettatura come alla bottega della maga, ma forse jactura: preterintenzionale.
ref_00597	due_santi	capitolo_IX	quer_pasticciaccio_adelphi	A 247	247		La ravvisò come una cucitrice dei Due Santi, non ne conosceva il nome: la meno eletta, la meno « simpatica ».
ref_00598	ciampino	capitolo_IX	quer_pasticciaccio_adelphi	A 248	248		« No. Mi' zio ha dovuto scegne a Ciampino dar sor capo. Er titolare è lui. »
ref_00599	casello_km_20_25	capitolo_IX	quer_pasticciaccio_adelphi	A 249	249		La tracagnotta, quasi che il brigadiere le avesse puntato una pistola sulla faccia, si scosse, giravoltò, camminò via da parere la sonnambula, entrò in casa, o casello invece che fosse.
ref_00600	camera_casello	capitolo_IX	quer_pasticciaccio_adelphi	A 249	249		salirono, per gradini di peperino grigio, al piano sopra, in una stanza più piccola, irregolare, quanto comportava la testata della scala.
ref_00601	marino	capitolo_IX	quer_pasticciaccio_adelphi	A 257	257		Il tempo, intanto, stringeva: la mattina stessa avanti mezzogiorno egli doveva ricondursi a Marino col topazio in tasca e con quanto gli era venuto fatto reperire.
ref_00602	tenenza_carabinieri_marino	capitolo_IX	quer_pasticciaccio_adelphi	A 258	258		il riconoscimento e la discriminazione dei pezzi singoli erano da effettuarsi in caserma, su a Marino, o forse a Roma a Santo Stefano del Cacco.
ref_00603	marino	capitolo_IX	quer_pasticciaccio_adelphi	A 258	258		il riconoscimento e la discriminazione dei pezzi singoli erano da effettuarsi in caserma, su a Marino, o forse a Roma a Santo Stefano del Cacco.
ref_00604	santo_stefano_del_cacco_celio_santo_stefano	capitolo_IX	quer_pasticciaccio_adelphi	A 258	258		il riconoscimento e la discriminazione dei pezzi singoli erano da effettuarsi in caserma, su a Marino, o forse a Roma a Santo Stefano del Cacco.
ref_00605	santo_stefano_del_cacco_celio_santo_stefano	capitolo_IX	quer_pasticciaccio_adelphi	A 259	259		Anche a Roma, il commissario, lo sa già pure lui.
ref_00606	tenenza_carabinieri_marino	capitolo_IX	quer_pasticciaccio_adelphi	A 259	259		Se non ti decidi a parlare qui, parlerai col maresciallo, a Marino
ref_00607	tenenza_carabinieri_marino	capitolo_IX	quer_pasticciaccio_adelphi	A 259	259		« Vieni in caserma, allora. E là vedrai che fai l'uovo. Ci scommettiamo che lo fai? Te lo fa fare il maresciallo. »
ref_00608	via_veneto	capitolo_IX	quer_pasticciaccio_adelphi	A 261	261		eccola, eccolo: se la spasseggiava com'un pollo, col fare, propiamente, d'un pollo: come un signore co li guanti gialli a via Veneto, cor vetro all'occhio, cor fiore bianco a l'occhiello.
ref_00609	ciampino	capitolo_IX	quer_pasticciaccio_adelphi	A 261	261		E nessuno lo mandava via, er zio stava a telegrafà a Ciampino o a la Cecchina, tàc tatatràc tàc, seduto a l'apparecchi.
ref_00610	cecchina	capitolo_IX	quer_pasticciaccio_adelphi	A 261	261		E nessuno lo mandava via, er zio stava a telegrafà a Ciampino o a la Cecchina, tàc tatatràc tàc, seduto a l'apparecchi.
ref_00611	casello_km_20_25	capitolo_IX	quer_pasticciaccio_adelphi	A 262	262		logora cintura, ora: che non separa l'indigenza domestica, al chilometro 20,25, dall'aperta accessione della campagna.
ref_00612	tenenza_carabinieri_marino	capitolo_IX	quer_pasticciaccio_adelphi	A 262	262		la Camilla era « convocata » dal signor maresciallo Santarella, così dissero: doveva « recarsi » a Marino per testimoniare: il casello rimaneva incustodito.
ref_00613	casello_km_20_25	capitolo_IX	quer_pasticciaccio_adelphi	A 262	262		la Camilla era « convocata » dal signor maresciallo Santarella, così dissero: doveva « recarsi » a Marino per testimoniare: il casello rimaneva incustodito.
ref_00614	casal_bruciato	capitolo_IX	quer_pasticciaccio_adelphi	A 262	262		Non commentò quel che gli lasciarono intendere. Era già sul punto di risalire a Casal Bruciato.
ref_00615	velletri	capitolo_IX	quer_pasticciaccio_adelphi	A 263	263		Avrebbe atteso del pari, nella pienezza delle attribuzioni ufficiali e nell'esclusivo manucupio del manganello verde, valevole a significare tira innanzi, quel trenuccio da Velletri delle dodici.
ref_00616	bivio_falcognana_casal_bruciato	capitolo_IX	quer_pasticciaccio_adelphi	A 263	263		La ragazza, si sarebbe detto una mùtola, ora, non meno della nonna, fu condotta al bivio: dove sostava, ad attendere i carabinieri di ritorno, il calesse.
ref_00617	regina_coeli	capitolo_IX	quer_pasticciaccio_adelphi	A 265	265		Le due cugine s'erano avvistate di lontano. I tre, la nuova speranzella di Regina Coeli, e i due angeloni un po' dietro e quasi ai fianchi, procedevano in gruppo.
ref_00618	tenenza_carabinieri_marino	capitolo_IX	quer_pasticciaccio_adelphi	A 266	266		« Io? » e alzò le spalle, « m'hanno pijata pure a me. Ce fanno fa na passeggiatina a Marino, pe testimonio. »
ref_00619	frattocchie	capitolo_IX	quer_pasticciaccio_adelphi	A 267	267		La donna è un gran mistero, diceva de domenica a le Frattocchie, dar marinese, seduto de traverso, e d'istate sotto frasca o fraschetta.
ref_00620	due_santi	capitolo_IX	quer_pasticciaccio_adelphi	A 268	268		Le donne bisogna studialle bene prima de comincià, sentenziava a li Du Santi, a metà il bicchiere, davanti al beveratoio di marmo bianco striato.
ref_00621	casello_km_20_25	capitolo_IX	quer_pasticciaccio_adelphi	A 269	269		dopo averla così tradita e spregiata, a lei, povera (e il pianto, quasi, era dolce), p'annà fino ar casello de Casal Bruciato a mette l'ori da la stronza.
ref_00622	santa_rita_invitacolo	capitolo_IX	quer_pasticciaccio_adelphi	A 270	270		Scarpinava, p'aritrovà un po' de minestra la sera, e un lettino, fino a Santa Rita Invitàcolo: troppo lontano, stava, e in luogo troppo aperto.
ref_00623	torraccio	capitolo_IX	quer_pasticciaccio_adelphi	A 270	270		fino al Torraccio, fino al Ponte, fino a Santa Palomba dove sono i pali della radio, e quarche volta, sì, fino a Santa Rita in Vitàcolo.
ref_00624	ponte_divino_amore	capitolo_IX	quer_pasticciaccio_adelphi	A 270	270		fino al Torraccio, fino al Ponte, fino a Santa Palomba dove sono i pali della radio, e quarche volta, sì, fino a Santa Rita in Vitàcolo.
ref_00625	santa_palomba	capitolo_IX	quer_pasticciaccio_adelphi	A 270	270		fino al Torraccio, fino al Ponte, fino a Santa Palomba dove sono i pali della radio, e quarche volta, sì, fino a Santa Rita in Vitàcolo.
ref_00626	santa_rita_invitacolo	capitolo_IX	quer_pasticciaccio_adelphi	A 270	270		fino al Torraccio, fino al Ponte, fino a Santa Palomba dove sono i pali della radio, e quarche volta, sì, fino a Santa Rita in Vitàcolo.
ref_00627	torraccio	capitolo_IX	quer_pasticciaccio_adelphi	A 271	271		l'ho veduti da quela casa rosa che se viene dar Torraccio, indove che vado a fa quarche servizzio 'gni tanto.
ref_00628	castelli_romani	capitolo_IX	quer_pasticciaccio_adelphi	A 273	273		L'immagine di quella campagna così desolata nel marzo, che con il ristare di scirocco e delle raminghe sue piove, dal lido, ora, approdava in una chiarìa tersa ai Castelli, a le case degli umani, lo fascinò ad un tratto come apparita di magia.
ref_00629	via_appia	capitolo_IX	quer_pasticciaccio_adelphi	A 273	273		Lungo le vie maggiori, come l'Appia o come la strada anziate, c'era sorveglianza: agenti motociclisti: pattuglie, forse, d'altre stazioni di carabinieri.
ref_00630	via_anziate	capitolo_IX	quer_pasticciaccio_adelphi	A 273	273		Lungo le vie maggiori, come l'Appia o come la strada anziate, c'era sorveglianza: agenti motociclisti: pattuglie, forse, d'altre stazioni di carabinieri.
ref_00631	casello_km_20_25	capitolo_IX	quer_pasticciaccio_adelphi	A 274	274		Posando invece anche un momento solo al casello, Iginio poteva poi raggiungere Casal Bruciato, superare o no l'ardeatina, svignarsela non veduto sotto gli spalti d'arenaria che fanno la sicurezza invisibile di Ardea.
ref_00632	casal_bruciato	capitolo_IX	quer_pasticciaccio_adelphi	A 274	274		Posando invece anche un momento solo al casello, Iginio poteva poi raggiungere Casal Bruciato, superare o no l'ardeatina, svignarsela non veduto sotto gli spalti d'arenaria che fanno la sicurezza invisibile di Ardea.
ref_00633	via_ardeatina	capitolo_IX	quer_pasticciaccio_adelphi	A 274	274		Posando invece anche un momento solo al casello, Iginio poteva poi raggiungere Casal Bruciato, superare o no l'ardeatina, svignarsela non veduto sotto gli spalti d'arenaria che fanno la sicurezza invisibile di Ardea.
ref_00634	ardea	capitolo_IX	quer_pasticciaccio_adelphi	A 274	274		Posando invece anche un momento solo al casello, Iginio poteva poi raggiungere Casal Bruciato, superare o no l'ardeatina, svignarsela non veduto sotto gli spalti d'arenaria che fanno la sicurezza invisibile di Ardea.
ref_00635	direttissima_roma_napoli	capitolo_IX	quer_pasticciaccio_adelphi	A 274	274		o in divergente ipotesi arrivare in ogni modo sulla Roma-Napoli a Santa Palomba Stazione: come un bracciante in cerca di lavoro, ad attendere il treno.
ref_00636	santa_palomba	capitolo_IX	quer_pasticciaccio_adelphi	A 274	274		o in divergente ipotesi arrivare in ogni modo sulla Roma-Napoli a Santa Palomba Stazione: come un bracciante in cerca di lavoro, ad attendere il treno.
ref_00637	solforata	capitolo_IX	quer_pasticciaccio_adelphi	A 274	274		se non aveva fiato e se non aveva soldi pel treno, buttarsi a la campagna verso la Solforata e la macchia grande del principe, in direzione di Pratica di Mare.
ref_00638	pratica_di_mare	capitolo_IX	quer_pasticciaccio_adelphi	A 274	274		se non aveva fiato e se non aveva soldi pel treno, buttarsi a la campagna verso la Solforata e la macchia grande del principe, in direzione di Pratica di Mare.
ref_00639	anzio	capitolo_IX	quer_pasticciaccio_adelphi	A 274	274		e per tappe, mendicando pane a le capanne, ridursi ad Ostia... o filarsela ad Anzio.
ref_00640	ostia	capitolo_IX	quer_pasticciaccio_adelphi	A 274	274		e per tappe, mendicando pane a le capanne, ridursi ad Ostia... o filarsela ad Anzio.
ref_00641	via_anziate	capitolo_IX	quer_pasticciaccio_adelphi	A 274	274		Così almanaccando s'avvide alfine della strada: erano quasi all'anziate.
ref_00642	casello_km_20_25	capitolo_IX	quer_pasticciaccio_adelphi	A 274	274		Il Retalli... ecco perché aveva lasciato la refurtiva al Casello. Era un posto... a cui nessuno, e forse neppure il maresciallo Santarella, sarebbe stato capace di pensare.
ref_00643	casello_km_20_25	capitolo_IX	quer_pasticciaccio_adelphi	A 275	275		c’era la fidanzata brutta, al casello: brutta e sicura.
ref_00644	santo_stefano_del_cacco_celio_santo_stefano	capitolo_IX	quer_pasticciaccio_adelphi	A 275	275		Il Retalli, in un genere più losco, doveva funzionare come quel biondo là della Ines, come il Ganimede Lanciani, ch'era stato il dio biondo e invisibile dell'interrogatorio a Santo Stefano.
ref_00645	torraccio	capitolo_X	quer_pasticciaccio_adelphi	A 278	278		Nelle stesse ore del mattino di quello stesso giorno, mercoledì 23 marzo, risultate vane le ricerche dell'Enea Retalli detto Iginio al Torraccio, dove abitava, allorché vi abitava.
ref_00646	marino	capitolo_X	quer_pasticciaccio_adelphi	A 278	278		il maresciallo Santarella cavalier Fabrizio era a percorrere sulla sua motocicletta la via provinciale da Marino ad Albano, così stupendamente alberata, o fiancheggiata d'alberi.
ref_00647	albano_laziale	capitolo_X	quer_pasticciaccio_adelphi	A 278	278		il maresciallo Santarella cavalier Fabrizio era a percorrere sulla sua motocicletta la via provinciale da Marino ad Albano, così stupendamente alberata, o fiancheggiata d'alberi.
ref_00648	tragitto_marino_albano_laziale	capitolo_X	quer_pasticciaccio_adelphi	A 278	278		il maresciallo Santarella cavalier Fabrizio era a percorrere sulla sua motocicletta la via provinciale da Marino ad Albano, così stupendamente alberata, o fiancheggiata d'alberi.
ref_00649	pavona	capitolo_X	quer_pasticciaccio_adelphi	A 278	278		v'era motivo a credere, o almeno a non escludere, che il ricercato giovanotto avesse preso (a un incirca) verso la Pavona e il Palazzo.
ref_00650	palazzo	capitolo_X	quer_pasticciaccio_adelphi	A 278	278		v'era motivo a credere, o almeno a non escludere, che il ricercato giovanotto avesse preso (a un incirca) verso la Pavona e il Palazzo.
ref_00651	stazione_carabinieri_castello	capitolo_X	quer_pasticciaccio_adelphi	A 279	279		Di due militi della stazione di Castello aveva chiesto il rinforzo alla stessa, e sapendoli provveduti di macchina, vale a dire bicicletta, li aveva comandati alla Pavona.
ref_00652	pavona	capitolo_X	quer_pasticciaccio_adelphi	A 279	279		Di due militi della stazione di Castello aveva chiesto il rinforzo alla stessa, e sapendoli provveduti di macchina, vale a dire bicicletta, li aveva comandati alla Pavona.
ref_00653	santa_maria_della_neve	capitolo_X	quer_pasticciaccio_adelphi	A 279	279		Le fontane, la basilica di Santa Maria della Neve, e gli archi e i fòrnici ne le mura superstiti, i cubi di peperino e d'arenaria.
ref_00654	santa_maria_maggiore	capitolo_X	quer_pasticciaccio_adelphi	A 280	280		Dopo la cantata larga e, più, dopo l'aria di chiusura della Ines, circa la benedizzione che la campana di Santa Maria Maggiore avea largito al furtarello di Ascanio.
ref_00655	esquilino	capitolo_X	quer_pasticciaccio_adelphi	A 280	280		« chisto guaglione ci hai penzà tu. Fatte na passeggiata a l'Esquilino, e poi a via Carlo Alberto, vacce un po' tu, che di sicuro a piazza Vittorio 'o pizzichi. »
ref_00656	via_carlo_alberto	capitolo_X	quer_pasticciaccio_adelphi	A 280	280		« chisto guaglione ci hai penzà tu. Fatte na passeggiata a l'Esquilino, e poi a via Carlo Alberto, vacce un po' tu, che di sicuro a piazza Vittorio 'o pizzichi. »
ref_00657	piazza_vittorio_emanuele	capitolo_X	quer_pasticciaccio_adelphi	A 280	280		« chisto guaglione ci hai penzà tu. Fatte na passeggiata a l'Esquilino, e poi a via Carlo Alberto, vacce un po' tu, che di sicuro a piazza Vittorio 'o pizzichi. »
ref_00658	piazza_vittorio_emanuele	capitolo_X	quer_pasticciaccio_adelphi	A 280	280		L'indomani alle dieci esatte il Biondone era in loco (dopo aver dato una giratina fra i palmizi).
ref_00659	santo_stefano_del_cacco_celio_santo_stefano	capitolo_X	quer_pasticciaccio_adelphi	A 284	284		Hai da venì un momento in questura: si stai zitto nessuno se n’accorge!
ref_00660	santo_stefano_del_cacco_celio_santo_stefano	capitolo_X	quer_pasticciaccio_adelphi	A 284	284		Aveva ordine di accompagnarlo in questura, le notificò in breve il Biondone, ed esibì una seconda volta la carta
ref_00661	grottaferrata	capitolo_X	quer_pasticciaccio_adelphi	A 284	284		Di Grottaferrata, ereno, concedè a malincuore la nonna: comune di Grottaferrata, na frazzione che se chiamava er Torraccio, dopo le Frattocchie.
ref_00662	torraccio	capitolo_X	quer_pasticciaccio_adelphi	A 284	284		Di Grottaferrata, ereno, concedè a malincuore la nonna: comune di Grottaferrata, na frazzione che se chiamava er Torraccio, dopo le Frattocchie.
ref_00663	frattocchie	capitolo_X	quer_pasticciaccio_adelphi	A 284	284		Di Grottaferrata, ereno, concedè a malincuore la nonna: comune di Grottaferrata, na frazzione che se chiamava er Torraccio, dopo le Frattocchie.
ref_00664	porta_latina	capitolo_X	quer_pasticciaccio_adelphi	A 284	284		ma da otto anni ereno venuti a sta a Roma, sì, fori de Porta Latina, in mezzo a l'erbaggi se po dì, una strada de campagna, che c'è appena un cartello che c'è scritto via Popolonia.
ref_00665	via_popolonia	capitolo_X	quer_pasticciaccio_adelphi	A 284	284		ma da otto anni ereno venuti a sta a Roma, sì, fori de Porta Latina, in mezzo a l'erbaggi se po dì, una strada de campagna, che c'è appena un cartello che c'è scritto via Popolonia.
ref_00666	via_della_caffarella	capitolo_X	quer_pasticciaccio_adelphi	A 285	285		« che de qua, » fece il gesto, « se scegne giù tra le canne fino a la marana de la Caffarella. »
ref_00667	via_mamiani	capitolo_X	quer_pasticciaccio_adelphi	A 285	285		Uscirono da la confusione verso via Mamiani o via Ricasoli: c'era un passaggio tra le bancarelle de li pesciaroli e de li pollaroli.
ref_00668	via_ricasoli	capitolo_X	quer_pasticciaccio_adelphi	A 285	285		Uscirono da la confusione verso via Mamiani o via Ricasoli: c'era un passaggio tra le bancarelle de li pesciaroli e de li pollaroli.
ref_00669	santa_maria_della_neve	capitolo_X	quer_pasticciaccio_adelphi	A 286	286		Un gocciolone di metallo fuso, il tocco, dall'orologio di Santa Maria della Neve.
ref_00670	benevento	capitolo_X	quer_pasticciaccio_adelphi	A 291	291		E aviva pure ottenuto de fa benzina, Ingravallo, bussa e striscia, e poi, tutt'a un tratto, pàc, la napoletana secca, li fregò quanti ce steveno: fece 'n pieno d'arrivà in gita a Benevento.
ref_00671	pensione_burgess	capitolo_X	quer_pasticciaccio_adelphi	A 291	291		Tre agenti armati, due di moschetto: non però lo Sgranfia, comandato a la pensione Burgess.
ref_00672	piazza_vittorio_emanuele	capitolo_X	quer_pasticciaccio_adelphi	A 291	291		e nemmeno er Biondone, comandato a Piazza Vittorio Manuele: ma invece tutto bello secco a baffi ritti il maresciallo Di Pietrantonio.
ref_00673	piazza_di_spagna	capitolo_X	quer_pasticciaccio_adelphi	A 292	292		Sicché nun ve dico quaa locomotiva. La barcaccia de piazza de Spagna che va a spasso.
ref_00674	via_lanza	capitolo_X	quer_pasticciaccio_adelphi	A 292	292		A via Giovanni Lanza, in riparazione, tangheggiò e rollò ne le pozze pe più de cento metri.
ref_00675	largo_brancaccio	capitolo_X	quer_pasticciaccio_adelphi	A 292	292		A largo Brancaccio, mentre che staveno svortando in via Merulana verso piazza San Giovanni, Ingravallo si volse, cupo, alla sua sinistra.
ref_00676	via_merulana	capitolo_X	quer_pasticciaccio_adelphi	A 292	292		A largo Brancaccio, mentre che staveno svortando in via Merulana verso piazza San Giovanni, Ingravallo si volse, cupo, alla sua sinistra.
ref_00677	piazza_san_giovanni	capitolo_X	quer_pasticciaccio_adelphi	A 292	292		A largo Brancaccio, mentre che staveno svortando in via Merulana verso piazza San Giovanni, Ingravallo si volse, cupo, alla sua sinistra.
ref_00678	tragitto_brancaccio_piazza_san_giovanni	capitolo_X	quer_pasticciaccio_adelphi	A 292	292		A largo Brancaccio, mentre che staveno svortando in via Merulana verso piazza San Giovanni, Ingravallo si volse, cupo, alla sua sinistra.
ref_00679	santa_maria_maggiore	capitolo_X	quer_pasticciaccio_adelphi	A 292	292		calò il vetro, Santa Maria Maggiore, dai tre fornici oscuri della loggia sopra il nartèce pareva seguire, con l'afflato della carità di sua plebe, una bara che le fosse uscita dai visceri.
ref_00680	viminale	capitolo_X	quer_pasticciaccio_adelphi	A 292	292		Enunciazione disegnata ed estrutta ad arte sulla sommità di quello che doveva essere stato nei lontani secoli il « monte », il Viminale, l'architettura secentesca della basilica.
ref_00681	via_merulana	capitolo_X	quer_pasticciaccio_adelphi	A 292	292		I platani e i rami della Merulana furon selva, allo svoltare, intrico, per lo sguardo, sul discendere parallelo dei fili, di cui si alimentavano i tramme.
ref_00682	marino	capitolo_X	quer_pasticciaccio_adelphi	A 294	294		Alcune facce incuriosite, di due o tre dinoccolati con le mani in tasca, accolsero e poi circondarono a Marino la macchina « de la polizzia romana ».
ref_00683	tenenza_carabinieri_marino	capitolo_X	quer_pasticciaccio_adelphi	A 294	294		quando la strombazzò due volte poh! poh! davanti al portone della rocca.
ref_00684	via_massimo_dazeglio	capitolo_X	quer_pasticciaccio_adelphi	A 294	294		Il selciato scivoloso. Una lastra al cantone: via Massimo Dazzélio.
ref_00685	due_santi	capitolo_X	quer_pasticciaccio_adelphi	A 295	295		Disse il milite: « Il signor maresciallo è in servizio di ricerca e di perlustrazione, il brigadiere è stato comandato alli Due Santi: per l'affare del dilitto. »
ref_00686	tor_di_gheppio	capitolo_X	quer_pasticciaccio_adelphi	A 295	295		« E pecché? Sapite addò sta? Conoscete la località, voglio dire? » « A Tor di Gheppio, ha detto il maresciallo. »
ref_00687	via_massimo_dazeglio	capitolo_X	quer_pasticciaccio_adelphi	A 296	296		a culo indietro e in curva stretta e in salita, da inagugliarsi poi nel toboga del Dazzélio a marcia avanti, occorsero più caràche, in senso inverso ai descritti.
ref_00688	torraccio	capitolo_X	quer_pasticciaccio_adelphi	A 297	297		Discesero ai Torraccio, dove la sciroccata spegnendosi intepidiva: o ppareva.
ref_00689	via_appia	capitolo_X	quer_pasticciaccio_adelphi	A 297	297		Svoltarono sull’Appia a li Due Santi, da doverla percorrere un buon chilometro a ritroso, cioè verso Roma, fino alla deviazione per Falcognana.
ref_00690	due_santi	capitolo_X	quer_pasticciaccio_adelphi	A 297	297		Svoltarono sull’Appia a li Due Santi, da doverla percorrere un buon chilometro a ritroso, cioè verso Roma, fino alla deviazione per Falcognana.
ref_00691	via_della_falcognana	capitolo_X	quer_pasticciaccio_adelphi	A 297	297		Svoltarono sull’Appia a li Due Santi, da doverla percorrere un buon chilometro a ritroso, cioè verso Roma, fino alla deviazione per Falcognana.
ref_00692	via_anziate	capitolo_X	quer_pasticciaccio_adelphi	A 297	297		Dopo un breve tratto di questa incontrarono l'anziate, e di nuovo svoltarono. Il vento cadde.
ref_00693	ponte_di_santa_fumia	capitolo_X	quer_pasticciaccio_adelphi	A 297	297		Per il ponte di Santa Fumia verso Tor di Gheppio e poi verso il Casale Abbrusciato.
ref_00694	tor_di_gheppio	capitolo_X	quer_pasticciaccio_adelphi	A 297	297		Per il ponte di Santa Fumia verso Tor di Gheppio e poi verso il Casale Abbrusciato.
ref_00695	casal_bruciato	capitolo_X	quer_pasticciaccio_adelphi	A 297	297		Per il ponte di Santa Fumia verso Tor di Gheppio e poi verso il Casale Abbrusciato.
ref_00696	ferrovia_roma_velletri	capitolo_X	quer_pasticciaccio_adelphi	A 297	297		Valicò invece il binario (della ferrovia di Velletri) a un passaggio, simile a quello ch'era due chilometri più a nord, presso il ponte del Divino Amore.
ref_00697	ponte_divino_amore	capitolo_X	quer_pasticciaccio_adelphi	A 297	297		Valicò invece il binario (della ferrovia di Velletri) a un passaggio, simile a quello ch'era due chilometri più a nord, presso il ponte del Divino Amore.
ref_00698	tragitto_torraccio_ponte_divino_amore	capitolo_X	quer_pasticciaccio_adelphi	A 297	297		Discesero ai Torraccio, dove la sciroccata spegnendosi intepidiva: o ppareva. […] Svoltarono sull’Appia a li Due Santi, da doverla percorrere un buon chilometro a ritroso, cioè verso Roma, fino alla deviazione per Falcognana. […] Dopo un breve tratto di questa incontrarono l'anziate, e di nuovo svoltarono. Il vento cadde. [...] Per il ponte di Santa Fumia verso Tor di Gheppio e poi verso il Casale Abbrusciato. [...] Valicò invece il binario (della ferrovia di Velletri) a un passaggio, simile a quello ch'era due chilometri più a nord, presso il ponte del Divino Amore.
ref_00699	tor_di_gheppio	capitolo_X	quer_pasticciaccio_adelphi	A 298	298		« Tor di Gheppio è là, » fece il volonteroso ometto indicando, « verso la masseria del Palazzo. »
ref_00700	palazzo	capitolo_X	quer_pasticciaccio_adelphi	A 298	298		« Tor di Gheppio è là, » fece il volonteroso ometto indicando, « verso la masseria del Palazzo. »
ref_00701	pavona	capitolo_X	quer_pasticciaccio_adelphi	A 298	298		« Lu paese della Pavona è chillu, è là sotto, vede? chella è la stazzione. »
ref_00702	stazione_pavona	capitolo_X	quer_pasticciaccio_adelphi	A 298	298		« Lu paese della Pavona è chillu, è là sotto, vede? chella è la stazzione. »
ref_00703	direttissima_roma_napoli	capitolo_X	quer_pasticciaccio_adelphi	A 298	298		« E la Roma-Napoli? » « Là, » e si voltò: « so' tre chilometri emmezzo puro quattro: nun c'è che d'annà avanti co la machina. »
ref_00704	tor_di_gheppio	capitolo_X	quer_pasticciaccio_adelphi	A 298	298		Quanto ar ritorno, poi, si è che lei, dopo Tor der Gheppio, avete d’annà puro a la Pavona, alora potressimo scegne fino a Casal Bruciato: a imboccà l’ardeatina, appunto.
ref_00705	pavona	capitolo_X	quer_pasticciaccio_adelphi	A 298	298		Quanto ar ritorno, poi, si è che lei, dopo Tor der Gheppio, avete d’annà puro a la Pavona, alora potressimo scegne fino a Casal Bruciato: a imboccà l’ardeatina, appunto.
ref_00706	casal_bruciato	capitolo_X	quer_pasticciaccio_adelphi	A 298	298		Quanto ar ritorno, poi, si è che lei, dopo Tor der Gheppio, avete d’annà puro a la Pavona, alora potressimo scegne fino a Casal Bruciato: a imboccà l’ardeatina, appunto.
ref_00707	via_ardeatina	capitolo_X	quer_pasticciaccio_adelphi	A 298	298		Quanto ar ritorno, poi, si è che lei, dopo Tor der Gheppio, avete d’annà puro a la Pavona, alora potressimo scegne fino a Casal Bruciato: a imboccà l’ardeatina, appunto.
ref_00708	ardea	capitolo_X	quer_pasticciaccio_adelphi	A 298	298		Prennenno su quella ne la dirizione d’Ardea s’aritrovamo subbito, saranno du chilometri nemmanco, a Santa Palomba là dove ce stanno chelle antenne (le additò) che se vedeno dapertutto, fino da Marino.
ref_00709	santa_palomba	capitolo_X	quer_pasticciaccio_adelphi	A 298	298		Prennenno su quella ne la dirizione d’Ardea s’aritrovamo subbito, saranno du chilometri nemmanco, a Santa Palomba là dove ce stanno chelle antenne (le additò) che se vedeno dapertutto, fino da Marino.
ref_00710	marino	capitolo_X	quer_pasticciaccio_adelphi	A 298	298		Prennenno su quella ne la dirizione d’Ardea s’aritrovamo subbito, saranno du chilometri nemmanco, a Santa Palomba là dove ce stanno chelle antenne (le additò) che se vedeno dapertutto, fino da Marino.
ref_00711	solforata	capitolo_X	quer_pasticciaccio_adelphi	A 298	298		Là, si lei volete, s’incrocia su la strada de la Solforata e de Pratica de Mare: sicché, p’er Palazzo, potemo venì su diritti fino a la Pavona che in tutto, da Casal Bruciato, saranno sei chilometri o sette, a dì tanto.
ref_00712	pratica_di_mare	capitolo_X	quer_pasticciaccio_adelphi	A 298	298		Là, si lei volete, s’incrocia su la strada de la Solforata e de Pratica de Mare: sicché, p’er Palazzo, potemo venì su diritti fino a la Pavona che in tutto, da Casal Bruciato, saranno sei chilometri o sette, a dì tanto.
ref_00713	palazzo	capitolo_X	quer_pasticciaccio_adelphi	A 298	298		Là, si lei volete, s’incrocia su la strada de la Solforata e de Pratica de Mare: sicché, p’er Palazzo, potemo venì su diritti fino a la Pavona che in tutto, da Casal Bruciato, saranno sei chilometri o sette, a dì tanto.
ref_00714	pavona	capitolo_X	quer_pasticciaccio_adelphi	A 298	298		Là, si lei volete, s’incrocia su la strada de la Solforata e de Pratica de Mare: sicché, p’er Palazzo, potemo venì su diritti fino a la Pavona che in tutto, da Casal Bruciato, saranno sei chilometri o sette, a dì tanto.
ref_00715	casal_bruciato	capitolo_X	quer_pasticciaccio_adelphi	A 298	298		Là, si lei volete, s’incrocia su la strada de la Solforata e de Pratica de Mare: sicché, p’er Palazzo, potemo venì su diritti fino a la Pavona che in tutto, da Casal Bruciato, saranno sei chilometri o sette, a dì tanto.
ref_00716	tor_di_gheppio	capitolo_X	quer_pasticciaccio_adelphi	A 298	298		« E va buò, » disse Ingravallo, a cui quella toponomastica aveva procurato du strizzatine de mascelle: « a Tor di Gheppio, ora. »
ref_00717	casa_crocchiapani	capitolo_X	quer_pasticciaccio_adelphi	A 299	299		« polizzia! dovemo entrà. Venite a uprì », la casa, la prima e più piccola, aveva un agente pe cantone.
ref_00718	casa_crocchiapani	capitolo_X	quer_pasticciaccio_adelphi	A 299	299		Questa, della Tina Crocchiapani, era una picola casa quadrata, un po' disgiunta dal branco: una porticina chiusa, col numero civico 3, a piano terra.
ref_00719	tor_di_gheppio	capitolo_X	quer_pasticciaccio_adelphi	A 302	302		« C'è una donna de qui, de Tor de Gheppio, che m'aiuta a stà intorno ar malato... si è che non vié quarche vicina, de chelle ch'avrete visto de fori. »
ref_00720	casa_crocchiapani	capitolo_X	quer_pasticciaccio_adelphi	A 302	302		« Fate passare, in ogni modo. Andiamo. Su. Devo far perquisire la casa. »
ref_00721	tor_di_gheppio	capitolo_X	quer_pasticciaccio_adelphi	A 302	302		La notizia orribile, forse, non era pervenuta a Tor di Gheppio se non troppo tardi, e in quella solitudine... il terrore aveva paralizzato una donnàcola.
ref_00722	tenenza_carabinieri_marino	capitolo_X	quer_pasticciaccio_adelphi	A 306	306		o t’ ’o farà sputare ’o brigadiere, in caserma, a Marino: ’o brigadiere Pestalozzi
