{"type": "FeatureCollection", "name": "GaddAtlas_real_10ch", "meta": {"ontology": "CHORA", "ontologyVersion": "1.0.0", "buildVersion": "4.3", "source": "gaddatlas-full.ttl", "tripleCount": 17203, "projection": {"type": "equirectangular", "center": [12.4964, 41.9028], "scale": 100000.0, "computedAt": "build-time"}, "densityBands": [{"min": 1, "max": 1, "class": "hapax"}, {"min": 2, "max": 3, "class": "raro"}, {"min": 4, "max": 5, "class": "ricorrente"}, {"min": 6, "max": 8, "class": "frequente"}, {"min": 9, "max": 13, "class": "nodale"}, {"min": 14, "max": null, "class": "hub"}], "reliefBands": {"logBase": 1.47, "maxBands": 9, "thresholds": [1, 2, 3, 4, 5, 7, 11, 15, 22]}, "countingRule": {"unit": "NarrativePlace", "plane": "PlaceReference distinti per tessera", "relief": "una SpatialInterpretation per riga, spacchettata per focalizzatore", "note": "un NarrativePlace con tessera propria non contribuisce al rilievo del GazetteerEntity che lo ancora"}, "tessellation": {"generatorBands": ["nazionale", "periurbano", "urbano"], "generatorCount": 222, "peripheralCount": 30, "excludedUnanchored": 0, "bbox": {"minX": -52088.754, "maxX": 85484.375, "minY": -53375.913, "maxY": 65002.493}, "center": [16697.81, 5813.29], "ringRadius": 90746.643}, "mergedVariants": 0, "excerptsIncluded": false, "voidSeeds": "frozen", "counts": {"gazetteer": 265, "narrativePlaces": 309, "interpretations": 962, "references": 722, "routes": 18, "chapters": 10, "agents": 83, "derivedSequences": 103, "reliefRows": 933, "ownTiles": 48}}, "paths": {"routes": [{"id": "tragitto_torraccio_ponte_divino_amore", "iri": "https://w3id.org/gaddatlas/id/route/tragitto_torraccio_ponte_divino_amore", "label": "torraccio ponte divino amore", "nodeCount": 47, "stepCount": 10, "isPartialOrder": true, "nodes": [{"order": 1, "interpretationId": "interp_00470", "narrativePlaceId": "torraccio", "gazetteerId": "gaz_torraccio", "targetId": "gaz_torraccio", "focalizerId": "santarella", "referenceId": "ref_00401", "page": 169}, {"order": 1, "interpretationId": "interp_00872", "narrativePlaceId": "torraccio", "gazetteerId": "gaz_torraccio", "targetId": "gaz_torraccio", "focalizerId": "ingravallo", "referenceId": "ref_00688", "page": 297}, {"order": 1, "interpretationId": "interp_00873", "narrativePlaceId": "torraccio", "gazetteerId": "gaz_torraccio", "targetId": "gaz_torraccio", "focalizerId": "maresciallo_di_pietrantonio", "referenceId": "ref_00688", "page": 297}, {"order": 1, "interpretationId": "interp_00874", "narrativePlaceId": "torraccio", "gazetteerId": "gaz_torraccio", "targetId": "gaz_torraccio", "focalizerId": "autista_questura", "referenceId": "ref_00688", "page": 297}, {"order": 1, "interpretationId": "interp_00875", "narrativePlaceId": "torraccio", "gazetteerId": "gaz_torraccio", "targetId": "gaz_torraccio", "focalizerId": "agente_runzato", "referenceId": "ref_00688", "page": 297}, {"order": 2, "interpretationId": "interp_00471", "narrativePlaceId": "frattocchie", "gazetteerId": "gaz_frattocchie", "targetId": "gaz_frattocchie", "focalizerId": "santarella", "referenceId": "ref_00402", "page": 169}, {"order": 2, "interpretationId": "interp_00876", "narrativePlaceId": "via_appia", "gazetteerId": "gaz_via_appia", "targetId": "gaz_via_appia", "focalizerId": "ingravallo", "referenceId": "ref_00689", "page": 297}, {"order": 2, "interpretationId": "interp_00877", "narrativePlaceId": "via_appia", "gazetteerId": "gaz_via_appia", "targetId": "gaz_via_appia", "focalizerId": "maresciallo_di_pietrantonio", "referenceId": "ref_00689", "page": 297}, {"order": 2, "interpretationId": "interp_00878", "narrativePlaceId": "via_appia", "gazetteerId": "gaz_via_appia", "targetId": "gaz_via_appia", "focalizerId": "autista_questura", "referenceId": "ref_00689", "page": 297}, {"order": 2, "interpretationId": "interp_00879", "narrativePlaceId": "via_appia", "gazetteerId": "gaz_via_appia", "targetId": "gaz_via_appia", "focalizerId": "agente_runzato", "referenceId": "ref_00689", "page": 297}, {"order": 3, "interpretationId": "interp_00472", "narrativePlaceId": "robine_vecchie", "gazetteerId": "gaz_frattocchie", "targetId": "robine_vecchie", "focalizerId": "santarella", "referenceId": "ref_00403", "page": 169}, {"order": 3, "interpretationId": "interp_00473", "narrativePlaceId": "robine_vecchie", "gazetteerId": "gaz_due_santi", "targetId": "robine_vecchie", "focalizerId": "santarella", "referenceId": "ref_00403", "page": 169}, {"order": 3, "interpretationId": "interp_00880", "narrativePlaceId": "due_santi", "gazetteerId": "gaz_due_santi", "targetId": "gaz_due_santi", "focalizerId": "ingravallo", "referenceId": "ref_00690", "page": 297}, {"order": 3, "interpretationId": "interp_00881", "narrativePlaceId": "due_santi", "gazetteerId": "gaz_due_santi", "targetId": "gaz_due_santi", "focalizerId": "maresciallo_di_pietrantonio", "referenceId": "ref_00690", "page": 297}, {"order": 3, "interpretationId": "interp_00882", "narrativePlaceId": "due_santi", "gazetteerId": "gaz_due_santi", "targetId": "gaz_due_santi", "focalizerId": "autista_questura", "referenceId": "ref_00690", "page": 297}, {"order": 3, "interpretationId": "interp_00883", "narrativePlaceId": "due_santi", "gazetteerId": "gaz_due_santi", "targetId": "gaz_due_santi", "focalizerId": "agente_runzato", "referenceId": "ref_00690", "page": 297}, {"order": 4, "interpretationId": "interp_00474", "narrativePlaceId": "cassero", "gazetteerId": "gaz_frattocchie", "targetId": "cassero", "focalizerId": "santarella", "referenceId": "ref_00404", "page": 169}, {"order": 4, "interpretationId": "interp_00475", "narrativePlaceId": "cassero", "gazetteerId": "gaz_pavona", "targetId": "cassero", "focalizerId": "santarella", "referenceId": "ref_00404", "page": 169}, {"order": 4, "interpretationId": "interp_00884", "narrativePlaceId": "via_della_falcognana", "gazetteerId": "gaz_via_della_falcognana", "targetId": "gaz_via_della_falcognana", "focalizerId": "ingravallo", "referenceId": "ref_00691", "page": 297}, {"order": 4, "interpretationId": "interp_00885", "narrativePlaceId": "via_della_falcognana", "gazetteerId": "gaz_via_della_falcognana", "targetId": "gaz_via_della_falcognana", "focalizerId": "maresciallo_di_pietrantonio", "referenceId": "ref_00691", "page": 297}, {"order": 4, "interpretationId": "interp_00886", "narrativePlaceId": "via_della_falcognana", "gazetteerId": "gaz_via_della_falcognana", "targetId": "gaz_via_della_falcognana", "focalizerId": "autista_questura", "referenceId": "ref_00691", "page": 297}, {"order": 4, "interpretationId": "interp_00887", "narrativePlaceId": "via_della_falcognana", "gazetteerId": "gaz_via_della_falcognana", "targetId": "gaz_via_della_falcognana", "focalizerId": "agente_runzato", "referenceId": "ref_00691", "page": 297}, {"order": 5, "interpretationId": "interp_00476", "narrativePlaceId": "ponte_divino_amore", "gazetteerId": "gaz_ponte_divino_amore", "targetId": "ponte_divino_amore", "focalizerId": "santarella", "referenceId": "ref_00405", "page": 169}, {"order": 5, "interpretationId": "interp_00888", "narrativePlaceId": "via_anziate", "gazetteerId": "gaz_via_anziate", "targetId": "gaz_via_anziate", "focalizerId": "ingravallo", "referenceId": "ref_00692", "page": 297}, {"order": 5, "interpretationId": "interp_00889", "narrativePlaceId": "via_anziate", "gazetteerId": "gaz_via_anziate", "targetId": "gaz_via_anziate", "focalizerId": "maresciallo_di_pietrantonio", "referenceId": "ref_00692", "page": 297}, {"order": 5, "interpretationId": "interp_00890", "narrativePlaceId": "via_anziate", "gazetteerId": "gaz_via_anziate", "targetId": "gaz_via_anziate", "focalizerId": "autista_questura", "referenceId": "ref_00692", "page": 297}, {"order": 5, "interpretationId": "interp_00891", "narrativePlaceId": "via_anziate", "gazetteerId": "gaz_via_anziate", "targetId": "gaz_via_anziate", "focalizerId": "agente_runzato", "referenceId": "ref_00692", "page": 297}, {"order": 6, "interpretationId": "interp_00892", "narrativePlaceId": "ponte_di_santa_fumia", "gazetteerId": "gaz_quarto_di_santa_fumia", "targetId": "ponte_di_santa_fumia", "focalizerId": "ingravallo", "referenceId": "ref_00693", "page": 297}, {"order": 6, "interpretationId": "interp_00893", "narrativePlaceId": "ponte_di_santa_fumia", "gazetteerId": "gaz_quarto_di_santa_fumia", "targetId": "ponte_di_santa_fumia", "focalizerId": "maresciallo_di_pietrantonio", "referenceId": "ref_00693", "page": 297}, {"order": 6, "interpretationId": "interp_00894", "narrativePlaceId": "ponte_di_santa_fumia", "gazetteerId": "gaz_quarto_di_santa_fumia", "targetId": "ponte_di_santa_fumia", "focalizerId": "autista_questura", "referenceId": "ref_00693", "page": 297}, {"order": 6, "interpretationId": "interp_00895", "narrativePlaceId": "ponte_di_santa_fumia", "gazetteerId": "gaz_quarto_di_santa_fumia", "targetId": "ponte_di_santa_fumia", "focalizerId": "agente_runzato", "referenceId": "ref_00693", "page": 297}, {"order": 7, "interpretationId": "interp_00896", "narrativePlaceId": "tor_di_gheppio", "gazetteerId": "gaz_quarto_di_santa_fumia", "targetId": "tor_di_gheppio", "focalizerId": "ingravallo", "referenceId": "ref_00694", "page": 297}, {"order": 7, "interpretationId": "interp_00897", "narrativePlaceId": "tor_di_gheppio", "gazetteerId": "gaz_quarto_di_santa_fumia", "targetId": "tor_di_gheppio", "focalizerId": "maresciallo_di_pietrantonio", "referenceId": "ref_00694", "page": 297}, {"order": 7, "interpretationId": "interp_00898", "narrativePlaceId": "tor_di_gheppio", "gazetteerId": "gaz_quarto_di_santa_fumia", "targetId": "tor_di_gheppio", "focalizerId": "autista_questura", "referenceId": "ref_00694", "page": 297}, {"order": 7, "interpretationId": "interp_00899", "narrativePlaceId": "tor_di_gheppio", "gazetteerId": "gaz_quarto_di_santa_fumia", "targetId": "tor_di_gheppio", "focalizerId": "agente_runzato", "referenceId": "ref_00694", "page": 297}, {"order": 8, "interpretationId": "interp_00900", "narrativePlaceId": "casal_bruciato", "gazetteerId": "gaz_casal_bruciato", "targetId": "gaz_casal_bruciato", "focalizerId": "ingravallo", "referenceId": "ref_00695", "page": 297}, {"order": 8, "interpretationId": "interp_00901", "narrativePlaceId": "casal_bruciato", "gazetteerId": "gaz_casal_bruciato", "targetId": "gaz_casal_bruciato", "focalizerId": "maresciallo_di_pietrantonio", "referenceId": "ref_00695", "page": 297}, {"order": 8, "interpretationId": "interp_00902", "narrativePlaceId": "casal_bruciato", "gazetteerId": "gaz_casal_bruciato", "targetId": "gaz_casal_bruciato", "focalizerId": "autista_questura", "referenceId": "ref_00695", "page": 297}, {"order": 8, "interpretationId": "interp_00903", "narrativePlaceId": "casal_bruciato", "gazetteerId": "gaz_casal_bruciato", "targetId": "gaz_casal_bruciato", "focalizerId": "agente_runzato", "referenceId": "ref_00695", "page": 297}, {"order": 9, "interpretationId": "interp_00904", "narrativePlaceId": "ferrovia_roma_velletri", "gazetteerId": "gaz_ferrovia_roma_velletri", "targetId": "gaz_ferrovia_roma_velletri", "focalizerId": "ingravallo", "referenceId": "ref_00696", "page": 297}, {"order": 9, "interpretationId": "interp_00905", "narrativePlaceId": "ferrovia_roma_velletri", "gazetteerId": "gaz_ferrovia_roma_velletri", "targetId": "gaz_ferrovia_roma_velletri", "focalizerId": "maresciallo_di_pietrantonio", "referenceId": "ref_00696", "page": 297}, {"order": 9, "interpretationId": "interp_00906", "narrativePlaceId": "ferrovia_roma_velletri", "gazetteerId": "gaz_ferrovia_roma_velletri", "targetId": "gaz_ferrovia_roma_velletri", "focalizerId": "autista_questura", "referenceId": "ref_00696", "page": 297}, {"order": 9, "interpretationId": "interp_00907", "narrativePlaceId": "ferrovia_roma_velletri", "gazetteerId": "gaz_ferrovia_roma_velletri", "targetId": "gaz_ferrovia_roma_velletri", "focalizerId": "agente_runzato", "referenceId": "ref_00696", "page": 297}, {"order": 10, "interpretationId": "interp_00908", "narrativePlaceId": "ponte_divino_amore", "gazetteerId": "gaz_ponte_divino_amore", "targetId": "ponte_divino_amore", "focalizerId": "ingravallo", "referenceId": "ref_00697", "page": 297}, {"order": 10, "interpretationId": "interp_00909", "narrativePlaceId": "ponte_divino_amore", "gazetteerId": "gaz_ponte_divino_amore", "targetId": "ponte_divino_amore", "focalizerId": "maresciallo_di_pietrantonio", "referenceId": "ref_00697", "page": 297}, {"order": 10, "interpretationId": "interp_00910", "narrativePlaceId": "ponte_divino_amore", "gazetteerId": "gaz_ponte_divino_amore", "targetId": "ponte_divino_amore", "focalizerId": "autista_questura", "referenceId": "ref_00697", "page": 297}, {"order": 10, "interpretationId": "interp_00911", "narrativePlaceId": "ponte_divino_amore", "gazetteerId": "gaz_ponte_divino_amore", "targetId": "ponte_divino_amore", "focalizerId": "agente_runzato", "referenceId": "ref_00697", "page": 297}], "steps": [{"order": 1, "targetIds": ["gaz_torraccio"], "focalizerIds": ["agente_runzato", "autista_questura", "ingravallo", "maresciallo_di_pietrantonio", "santarella"], "interpretationIds": ["interp_00470", "interp_00872", "interp_00873", "interp_00874", "interp_00875"]}, {"order": 2, "targetIds": ["gaz_frattocchie", "gaz_via_appia"], "focalizerIds": ["agente_runzato", "autista_questura", "ingravallo", "maresciallo_di_pietrantonio", "santarella"], "interpretationIds": ["interp_00471", "interp_00876", "interp_00877", "interp_00878", "interp_00879"]}, {"order": 3, "targetIds": ["gaz_due_santi", "robine_vecchie"], "focalizerIds": ["agente_runzato", "autista_questura", "ingravallo", "maresciallo_di_pietrantonio", "santarella"], "interpretationIds": ["interp_00472", "interp_00473", "interp_00880", "interp_00881", "interp_00882", "interp_00883"]}, {"order": 4, "targetIds": ["cassero", "gaz_via_della_falcognana"], "focalizerIds": ["agente_runzato", "autista_questura", "ingravallo", "maresciallo_di_pietrantonio", "santarella"], "interpretationIds": ["interp_00474", "interp_00475", "interp_00884", "interp_00885", "interp_00886", "interp_00887"]}, {"order": 5, "targetIds": ["gaz_via_anziate", "ponte_divino_amore"], "focalizerIds": ["agente_runzato", "autista_questura", "ingravallo", "maresciallo_di_pietrantonio", "santarella"], "interpretationIds": ["interp_00476", "interp_00888", "interp_00889", "interp_00890", "interp_00891"]}, {"order": 6, "targetIds": ["ponte_di_santa_fumia"], "focalizerIds": ["agente_runzato", "autista_questura", "ingravallo", "maresciallo_di_pietrantonio"], "interpretationIds": ["interp_00892", "interp_00893", "interp_00894", "interp_00895"]}, {"order": 7, "targetIds": ["tor_di_gheppio"], "focalizerIds": ["agente_runzato", "autista_questura", "ingravallo", "maresciallo_di_pietrantonio"], "interpretationIds": ["interp_00896", "interp_00897", "interp_00898", "interp_00899"]}, {"order": 8, "targetIds": ["gaz_casal_bruciato"], "focalizerIds": ["agente_runzato", "autista_questura", "ingravallo", "maresciallo_di_pietrantonio"], "interpretationIds": ["interp_00900", "interp_00901", "interp_00902", "interp_00903"]}, {"order": 9, "targetIds": ["gaz_ferrovia_roma_velletri"], "focalizerIds": ["agente_runzato", "autista_questura", "ingravallo", "maresciallo_di_pietrantonio"], "interpretationIds": ["interp_00904", "interp_00905", "interp_00906", "interp_00907"]}, {"order": 10, "targetIds": ["ponte_divino_amore"], "focalizerIds": ["agente_runzato", "autista_questura", "ingravallo", "maresciallo_di_pietrantonio"], "interpretationIds": ["interp_00908", "interp_00909", "interp_00910", "interp_00911"]}], "carrierRoles": ["Route"], "focalizerIds": ["agente_runzato", "autista_questura", "ingravallo", "maresciallo_di_pietrantonio", "santarella"], "nodeFocalizerIds": ["agente_runzato", "autista_questura", "ingravallo", "maresciallo_di_pietrantonio", "santarella"]}, {"id": "tragitto_tenenza_due_santi", "iri": "https://w3id.org/gaddatlas/id/route/tragitto_tenenza_due_santi", "label": "tenenza due santi", "nodeCount": 10, "stepCount": 5, "isPartialOrder": false, "nodes": [{"order": 1, "interpretationId": "interp_00617", "narrativePlaceId": "tenenza_carabinieri_marino", "gazetteerId": "gaz_marino", "targetId": "tenenza_carabinieri_marino", "focalizerId": "pestalozzi", "referenceId": "ref_00515", "page": 208}, {"order": 1, "interpretationId": "interp_00618", "narrativePlaceId": "tenenza_carabinieri_marino", "gazetteerId": "gaz_marino", "targetId": "tenenza_carabinieri_marino", "focalizerId": "cocullo", "referenceId": "ref_00515", "page": 208}, {"order": 2, "interpretationId": "interp_00619", "narrativePlaceId": "porta_borgo_marino", "gazetteerId": "gaz_marino", "targetId": "porta_borgo_marino", "focalizerId": "pestalozzi", "referenceId": "ref_00516", "page": 210}, {"order": 2, "interpretationId": "interp_00620", "narrativePlaceId": "porta_borgo_marino", "gazetteerId": "gaz_marino", "targetId": "porta_borgo_marino", "focalizerId": "cocullo", "referenceId": "ref_00516", "page": 210}, {"order": 3, "interpretationId": "interp_00621", "narrativePlaceId": "via_appia", "gazetteerId": "gaz_via_appia", "targetId": "gaz_via_appia", "focalizerId": "pestalozzi", "referenceId": "ref_00517", "page": 210}, {"order": 3, "interpretationId": "interp_00622", "narrativePlaceId": "via_appia", "gazetteerId": "gaz_via_appia", "targetId": "gaz_via_appia", "focalizerId": "cocullo", "referenceId": "ref_00517", "page": 210}, {"order": 4, "interpretationId": "interp_00634", "narrativePlaceId": "fontana_di_papa", "gazetteerId": "gaz_fontana_di_papa", "targetId": "gaz_fontana_di_papa", "focalizerId": "pestalozzi", "referenceId": "ref_00529", "page": 211}, {"order": 4, "interpretationId": "interp_00635", "narrativePlaceId": "fontana_di_papa", "gazetteerId": "gaz_fontana_di_papa", "targetId": "gaz_fontana_di_papa", "focalizerId": "cocullo", "referenceId": "ref_00529", "page": 211}, {"order": 5, "interpretationId": "interp_00651", "narrativePlaceId": "due_santi", "gazetteerId": "gaz_due_santi", "targetId": "gaz_due_santi", "focalizerId": "pestalozzi", "referenceId": "ref_00543", "page": 215}, {"order": 5, "interpretationId": "interp_00652", "narrativePlaceId": "due_santi", "gazetteerId": "gaz_due_santi", "targetId": "gaz_due_santi", "focalizerId": "cocullo", "referenceId": "ref_00543", "page": 215}], "steps": [{"order": 1, "targetIds": ["tenenza_carabinieri_marino"], "focalizerIds": ["cocullo", "pestalozzi"], "interpretationIds": ["interp_00617", "interp_00618"]}, {"order": 2, "targetIds": ["porta_borgo_marino"], "focalizerIds": ["cocullo", "pestalozzi"], "interpretationIds": ["interp_00619", "interp_00620"]}, {"order": 3, "targetIds": ["gaz_via_appia"], "focalizerIds": ["cocullo", "pestalozzi"], "interpretationIds": ["interp_00621", "interp_00622"]}, {"order": 4, "targetIds": ["gaz_fontana_di_papa"], "focalizerIds": ["cocullo", "pestalozzi"], "interpretationIds": ["interp_00634", "interp_00635"]}, {"order": 5, "targetIds": ["gaz_due_santi"], "focalizerIds": ["cocullo", "pestalozzi"], "interpretationIds": ["interp_00651", "interp_00652"]}], "carrierRoles": ["Route"], "focalizerIds": ["cocullo", "pestalozzi"], "nodeFocalizerIds": ["cocullo", "pestalozzi"]}, {"id": "tragitto_brancaccio_piazza_san_giovanni", "iri": "https://w3id.org/gaddatlas/id/route/tragitto_brancaccio_piazza_san_giovanni", "label": "brancaccio piazza san giovanni", "nodeCount": 9, "stepCount": 3, "isPartialOrder": false, "nodes": [{"order": 1, "interpretationId": "interp_00842", "narrativePlaceId": "largo_brancaccio", "gazetteerId": "gaz_largo_brancaccio", "targetId": "gaz_largo_brancaccio", "focalizerId": "ingravallo", "referenceId": "ref_00675", "page": 292}, {"order": 1, "interpretationId": "interp_00843", "narrativePlaceId": "largo_brancaccio", "gazetteerId": "gaz_largo_brancaccio", "targetId": "gaz_largo_brancaccio", "focalizerId": "maresciallo_di_pietrantonio", "referenceId": "ref_00675", "page": 292}, {"order": 1, "interpretationId": "interp_00844", "narrativePlaceId": "largo_brancaccio", "gazetteerId": "gaz_largo_brancaccio", "targetId": "gaz_largo_brancaccio", "focalizerId": "autista_questura", "referenceId": "ref_00675", "page": 292}, {"order": 2, "interpretationId": "interp_00845", "narrativePlaceId": "via_merulana", "gazetteerId": "gaz_via_merulana", "targetId": "gaz_via_merulana", "focalizerId": "ingravallo", "referenceId": "ref_00676", "page": 292}, {"order": 2, "interpretationId": "interp_00846", "narrativePlaceId": "via_merulana", "gazetteerId": "gaz_via_merulana", "targetId": "gaz_via_merulana", "focalizerId": "maresciallo_di_pietrantonio", "referenceId": "ref_00676", "page": 292}, {"order": 2, "interpretationId": "interp_00847", "narrativePlaceId": "via_merulana", "gazetteerId": "gaz_via_merulana", "targetId": "gaz_via_merulana", "focalizerId": "autista_questura", "referenceId": "ref_00676", "page": 292}, {"order": 3, "interpretationId": "interp_00848", "narrativePlaceId": "piazza_san_giovanni", "gazetteerId": "gaz_piazza_san_giovanni", "targetId": "gaz_piazza_san_giovanni", "focalizerId": "ingravallo", "referenceId": "ref_00677", "page": 292}, {"order": 3, "interpretationId": "interp_00849", "narrativePlaceId": "piazza_san_giovanni", "gazetteerId": "gaz_piazza_san_giovanni", "targetId": "gaz_piazza_san_giovanni", "focalizerId": "maresciallo_di_pietrantonio", "referenceId": "ref_00677", "page": 292}, {"order": 3, "interpretationId": "interp_00850", "narrativePlaceId": "piazza_san_giovanni", "gazetteerId": "gaz_piazza_san_giovanni", "targetId": "gaz_piazza_san_giovanni", "focalizerId": "autista_questura", "referenceId": "ref_00677", "page": 292}], "steps": [{"order": 1, "targetIds": ["gaz_largo_brancaccio"], "focalizerIds": ["autista_questura", "ingravallo", "maresciallo_di_pietrantonio"], "interpretationIds": ["interp_00842", "interp_00843", "interp_00844"]}, {"order": 2, "targetIds": ["gaz_via_merulana"], "focalizerIds": ["autista_questura", "ingravallo", "maresciallo_di_pietrantonio"], "interpretationIds": ["interp_00845", "interp_00846", "interp_00847"]}, {"order": 3, "targetIds": ["gaz_piazza_san_giovanni"], "focalizerIds": ["autista_questura", "ingravallo", "maresciallo_di_pietrantonio"], "interpretationIds": ["interp_00848", "interp_00849", "interp_00850"]}], "carrierRoles": ["Route"], "focalizerIds": ["autista_questura", "ingravallo", "maresciallo_di_pietrantonio"], "nodeFocalizerIds": ["autista_questura", "ingravallo", "maresciallo_di_pietrantonio"]}, {"id": "tragitto_viminale_merulana", "iri": "https://w3id.org/gaddatlas/id/route/tragitto_viminale_merulana", "label": "viminale merulana", "nodeCount": 9, "stepCount": 3, "isPartialOrder": false, "nodes": [{"order": 1, "interpretationId": "interp_00035", "narrativePlaceId": "viminale", "gazetteerId": "gaz_viminale", "targetId": "gaz_viminale", "focalizerId": "ingravallo", "referenceId": "ref_00034", "page": 25}, {"order": 1, "interpretationId": "interp_00036", "narrativePlaceId": "viminale", "gazetteerId": "gaz_viminale", "targetId": "gaz_viminale", "focalizerId": "gaudenzio", "referenceId": "ref_00034", "page": 25}, {"order": 1, "interpretationId": "interp_00037", "narrativePlaceId": "viminale", "gazetteerId": "gaz_viminale", "targetId": "gaz_viminale", "focalizerId": "pompeo", "referenceId": "ref_00034", "page": 25}, {"order": 2, "interpretationId": "interp_00038", "narrativePlaceId": "san_giovanni_in_laterano", "gazetteerId": "gaz_san_giovanni_in_laterano", "targetId": "gaz_san_giovanni_in_laterano", "focalizerId": "ingravallo", "referenceId": "ref_00035", "page": 25}, {"order": 2, "interpretationId": "interp_00039", "narrativePlaceId": "san_giovanni_in_laterano", "gazetteerId": "gaz_san_giovanni_in_laterano", "targetId": "gaz_san_giovanni_in_laterano", "focalizerId": "gaudenzio", "referenceId": "ref_00035", "page": 25}, {"order": 2, "interpretationId": "interp_00040", "narrativePlaceId": "san_giovanni_in_laterano", "gazetteerId": "gaz_san_giovanni_in_laterano", "targetId": "gaz_san_giovanni_in_laterano", "focalizerId": "pompeo", "referenceId": "ref_00035", "page": 25}, {"order": 3, "interpretationId": "interp_00041", "narrativePlaceId": "palazzo_219", "gazetteerId": "gaz_via_merulana", "targetId": "palazzo_219", "focalizerId": "ingravallo", "referenceId": "ref_00036", "page": 25}, {"order": 3, "interpretationId": "interp_00042", "narrativePlaceId": "palazzo_219", "gazetteerId": "gaz_via_merulana", "targetId": "palazzo_219", "focalizerId": "gaudenzio", "referenceId": "ref_00036", "page": 25}, {"order": 3, "interpretationId": "interp_00043", "narrativePlaceId": "palazzo_219", "gazetteerId": "gaz_via_merulana", "targetId": "palazzo_219", "focalizerId": "pompeo", "referenceId": "ref_00036", "page": 25}], "steps": [{"order": 1, "targetIds": ["gaz_viminale"], "focalizerIds": ["gaudenzio", "ingravallo", "pompeo"], "interpretationIds": ["interp_00035", "interp_00036", "interp_00037"]}, {"order": 2, "targetIds": ["gaz_san_giovanni_in_laterano"], "focalizerIds": ["gaudenzio", "ingravallo", "pompeo"], "interpretationIds": ["interp_00038", "interp_00039", "interp_00040"]}, {"order": 3, "targetIds": ["palazzo_219"], "focalizerIds": ["gaudenzio", "ingravallo", "pompeo"], "interpretationIds": ["interp_00041", "interp_00042", "interp_00043"]}], "carrierRoles": ["Route"], "focalizerIds": ["gaudenzio", "ingravallo", "pompeo"], "nodeFocalizerIds": ["gaudenzio", "ingravallo", "pompeo"]}, {"id": "tragitto_appia_falcognana", "iri": "https://w3id.org/gaddatlas/id/route/tragitto_appia_falcognana", "label": "appia falcognana", "nodeCount": 6, "stepCount": 2, "isPartialOrder": false, "nodes": [{"order": 1, "interpretationId": "interp_00688", "narrativePlaceId": "via_appia", "gazetteerId": "gaz_via_appia", "targetId": "gaz_via_appia", "focalizerId": "lavinia_mattonari", "referenceId": "ref_00573", "page": 238}, {"order": 1, "interpretationId": "interp_00689", "narrativePlaceId": "via_appia", "gazetteerId": "gaz_via_appia", "targetId": "gaz_via_appia", "focalizerId": "pestalozzi", "referenceId": "ref_00573", "page": 238}, {"order": 1, "interpretationId": "interp_00690", "narrativePlaceId": "via_appia", "gazetteerId": "gaz_via_appia", "targetId": "gaz_via_appia", "focalizerId": "cocullo", "referenceId": "ref_00573", "page": 238}, {"order": 2, "interpretationId": "interp_00691", "narrativePlaceId": "falcognana", "gazetteerId": "gaz_falcognana", "targetId": "gaz_falcognana", "focalizerId": "lavinia_mattonari", "referenceId": "ref_00574", "page": 238}, {"order": 2, "interpretationId": "interp_00692", "narrativePlaceId": "falcognana", "gazetteerId": "gaz_falcognana", "targetId": "gaz_falcognana", "focalizerId": "pestalozzi", "referenceId": "ref_00574", "page": 238}, {"order": 2, "interpretationId": "interp_00693", "narrativePlaceId": "falcognana", "gazetteerId": "gaz_falcognana", "targetId": "gaz_falcognana", "focalizerId": "cocullo", "referenceId": "ref_00574", "page": 238}], "steps": [{"order": 1, "targetIds": ["gaz_via_appia"], "focalizerIds": ["cocullo", "lavinia_mattonari", "pestalozzi"], "interpretationIds": ["interp_00688", "interp_00689", "interp_00690"]}, {"order": 2, "targetIds": ["gaz_falcognana"], "focalizerIds": ["cocullo", "lavinia_mattonari", "pestalozzi"], "interpretationIds": ["interp_00691", "interp_00692", "interp_00693"]}], "carrierRoles": ["Route"], "focalizerIds": ["cocullo", "lavinia_mattonari", "pestalozzi"], "nodeFocalizerIds": ["cocullo", "lavinia_mattonari", "pestalozzi"]}, {"id": "tragitto_agostino_aquiro", "iri": "https://w3id.org/gaddatlas/id/route/tragitto_agostino_aquiro", "label": "agostino aquiro", "nodeCount": 5, "stepCount": 5, "isPartialOrder": false, "nodes": [{"order": 1, "interpretationId": "interp_00076", "narrativePlaceId": "santagostino", "gazetteerId": "gaz_santagostino", "targetId": "gaz_santagostino", "focalizerId": "commendador_angeloni", "referenceId": "ref_00063", "page": 40}, {"order": 2, "interpretationId": "interp_00077", "narrativePlaceId": "via_della_scrofa", "gazetteerId": "gaz_via_della_scrofa", "targetId": "gaz_via_della_scrofa", "focalizerId": "commendador_angeloni", "referenceId": "ref_00064", "page": 40}, {"order": 3, "interpretationId": "interp_00078", "narrativePlaceId": "via_delle_coppelle", "gazetteerId": "gaz_via_delle_coppelle", "targetId": "gaz_via_delle_coppelle", "focalizerId": "commendador_angeloni", "referenceId": "ref_00065", "page": 40}, {"order": 4, "interpretationId": "interp_00079", "narrativePlaceId": "pozzo_delle_cornacchie", "gazetteerId": "gaz_pozzo_delle_cornacchie", "targetId": "gaz_pozzo_delle_cornacchie", "focalizerId": "commendador_angeloni", "referenceId": "ref_00066", "page": 40}, {"order": 5, "interpretationId": "interp_00080", "narrativePlaceId": "santa_maria_in_aquiro", "gazetteerId": "gaz_santa_maria_in_aquiro", "targetId": "gaz_santa_maria_in_aquiro", "focalizerId": "commendador_angeloni", "referenceId": "ref_00067", "page": 40}], "steps": [{"order": 1, "targetIds": ["gaz_santagostino"], "focalizerIds": ["commendador_angeloni"], "interpretationIds": ["interp_00076"]}, {"order": 2, "targetIds": ["gaz_via_della_scrofa"], "focalizerIds": ["commendador_angeloni"], "interpretationIds": ["interp_00077"]}, {"order": 3, "targetIds": ["gaz_via_delle_coppelle"], "focalizerIds": ["commendador_angeloni"], "interpretationIds": ["interp_00078"]}, {"order": 4, "targetIds": ["gaz_pozzo_delle_cornacchie"], "focalizerIds": ["commendador_angeloni"], "interpretationIds": ["interp_00079"]}, {"order": 5, "targetIds": ["gaz_santa_maria_in_aquiro"], "focalizerIds": ["commendador_angeloni"], "interpretationIds": ["interp_00080"]}], "carrierRoles": ["Route"], "focalizerIds": ["commendador_angeloni"], "nodeFocalizerIds": ["commendador_angeloni"]}, {"id": "tragitto_cecchina_anziate", "iri": "https://w3id.org/gaddatlas/id/route/tragitto_cecchina_anziate", "label": "cecchina anziate", "nodeCount": 5, "stepCount": 5, "isPartialOrder": false, "nodes": [{"order": 1, "interpretationId": "interp_00491", "narrativePlaceId": "cecchina", "gazetteerId": "gaz_cecchina", "targetId": "gaz_cecchina", "focalizerId": "santarella", "referenceId": "ref_00420", "page": 173}, {"order": 2, "interpretationId": "interp_00492", "narrativePlaceId": "santa_palomba", "gazetteerId": "gaz_santa_palomba", "targetId": "gaz_santa_palomba", "focalizerId": "santarella", "referenceId": "ref_00421", "page": 173}, {"order": 3, "interpretationId": "interp_00493", "narrativePlaceId": "campoleone", "gazetteerId": "gaz_campoleone", "targetId": "gaz_campoleone", "focalizerId": "santarella", "referenceId": "ref_00422", "page": 173}, {"order": 4, "interpretationId": "interp_00494", "narrativePlaceId": "via_ardeatina", "gazetteerId": "gaz_via_ardeatina", "targetId": "gaz_via_ardeatina", "focalizerId": "santarella", "referenceId": "ref_00423", "page": 173}, {"order": 5, "interpretationId": "interp_00495", "narrativePlaceId": "via_anziate", "gazetteerId": "gaz_via_anziate", "targetId": "gaz_via_anziate", "focalizerId": "santarella", "referenceId": "ref_00424", "page": 173}], "steps": [{"order": 1, "targetIds": ["gaz_cecchina"], "focalizerIds": ["santarella"], "interpretationIds": ["interp_00491"]}, {"order": 2, "targetIds": ["gaz_santa_palomba"], "focalizerIds": ["santarella"], "interpretationIds": ["interp_00492"]}, {"order": 3, "targetIds": ["gaz_campoleone"], "focalizerIds": ["santarella"], "interpretationIds": ["interp_00493"]}, {"order": 4, "targetIds": ["gaz_via_ardeatina"], "focalizerIds": ["santarella"], "interpretationIds": ["interp_00494"]}, {"order": 5, "targetIds": ["gaz_via_anziate"], "focalizerIds": ["santarella"], "interpretationIds": ["interp_00495"]}], "carrierRoles": ["Route"], "focalizerIds": ["santarella"], "nodeFocalizerIds": ["santarella"]}, {"id": "tragitto_colonna_treccani", "iri": "https://w3id.org/gaddatlas/id/route/tragitto_colonna_treccani", "label": "colonna treccani", "nodeCount": 5, "stepCount": 5, "isPartialOrder": false, "nodes": [{"order": 1, "interpretationId": "interp_00082", "narrativePlaceId": "via_colonna_vittoria", "gazetteerId": "gaz_via_colonna_vittoria", "targetId": "gaz_via_colonna_vittoria", "focalizerId": "commendador_angeloni", "referenceId": "ref_00069", "page": 40}, {"order": 2, "interpretationId": "interp_00083", "narrativePlaceId": "piazza_di_pietra", "gazetteerId": "gaz_piazza_di_pietra", "targetId": "gaz_piazza_di_pietra", "focalizerId": "commendador_angeloni", "referenceId": "ref_00070", "page": 40}, {"order": 3, "interpretationId": "interp_00084", "narrativePlaceId": "via_di_pietra", "gazetteerId": "gaz_via_di_pietra", "targetId": "gaz_via_di_pietra", "focalizerId": "commendador_angeloni", "referenceId": "ref_00071", "page": 40}, {"order": 4, "interpretationId": "interp_00085", "narrativePlaceId": "via_del_corso", "gazetteerId": "gaz_via_del_corso", "targetId": "gaz_via_del_corso", "focalizerId": "commendador_angeloni", "referenceId": "ref_00072", "page": 40}, {"order": 5, "interpretationId": "interp_00086", "narrativePlaceId": "istituto_dellenciclopedia_treccani", "gazetteerId": "gaz_istituto_dellenciclopedia_treccani", "targetId": "gaz_istituto_dellenciclopedia_treccani", "focalizerId": "commendador_angeloni", "referenceId": "ref_00073", "page": 40}], "steps": [{"order": 1, "targetIds": ["gaz_via_colonna_vittoria"], "focalizerIds": ["commendador_angeloni"], "interpretationIds": ["interp_00082"]}, {"order": 2, "targetIds": ["gaz_piazza_di_pietra"], "focalizerIds": ["commendador_angeloni"], "interpretationIds": ["interp_00083"]}, {"order": 3, "targetIds": ["gaz_via_di_pietra"], "focalizerIds": ["commendador_angeloni"], "interpretationIds": ["interp_00084"]}, {"order": 4, "targetIds": ["gaz_via_del_corso"], "focalizerIds": ["commendador_angeloni"], "interpretationIds": ["interp_00085"]}, {"order": 5, "targetIds": ["gaz_istituto_dellenciclopedia_treccani"], "focalizerIds": ["commendador_angeloni"], "interpretationIds": ["interp_00086"]}], "carrierRoles": ["Route"], "focalizerIds": ["commendador_angeloni"], "nodeFocalizerIds": ["commendador_angeloni"]}, {"id": "tragitto_frattocchie_ciampino", "iri": "https://w3id.org/gaddatlas/id/route/tragitto_frattocchie_ciampino", "label": "frattocchie ciampino", "nodeCount": 5, "stepCount": 5, "isPartialOrder": false, "nodes": [{"order": 1, "interpretationId": "interp_00497", "narrativePlaceId": "frattocchie", "gazetteerId": "gaz_frattocchie", "targetId": "gaz_frattocchie", "focalizerId": "santarella", "referenceId": "ref_00426", "page": 174}, {"order": 2, "interpretationId": "interp_00498", "narrativePlaceId": "via_appia", "gazetteerId": "gaz_via_appia", "targetId": "gaz_via_appia", "focalizerId": "santarella", "referenceId": "ref_00427", "page": 174}, {"order": 3, "interpretationId": "interp_00499", "narrativePlaceId": "ca_francesi", "gazetteerId": "gaz_ca_francesi", "targetId": "ca_francesi", "focalizerId": "santarella", "referenceId": "ref_00428", "page": 174}, {"order": 4, "interpretationId": "interp_00500", "narrativePlaceId": "tor_ser_paolo", "gazetteerId": "gaz_tor_ser_paolo", "targetId": "gaz_tor_ser_paolo", "focalizerId": "santarella", "referenceId": "ref_00429", "page": 174}, {"order": 5, "interpretationId": "interp_00501", "narrativePlaceId": "ciampino", "gazetteerId": "gaz_ciampino", "targetId": "gaz_ciampino", "focalizerId": "santarella", "referenceId": "ref_00430", "page": 174}], "steps": [{"order": 1, "targetIds": ["gaz_frattocchie"], "focalizerIds": ["santarella"], "interpretationIds": ["interp_00497"]}, {"order": 2, "targetIds": ["gaz_via_appia"], "focalizerIds": ["santarella"], "interpretationIds": ["interp_00498"]}, {"order": 3, "targetIds": ["ca_francesi"], "focalizerIds": ["santarella"], "interpretationIds": ["interp_00499"]}, {"order": 4, "targetIds": ["gaz_tor_ser_paolo"], "focalizerIds": ["santarella"], "interpretationIds": ["interp_00500"]}, {"order": 5, "targetIds": ["gaz_ciampino"], "focalizerIds": ["santarella"], "interpretationIds": ["interp_00501"]}], "carrierRoles": ["Route"], "focalizerIds": ["santarella"], "nodeFocalizerIds": ["santarella"]}, {"id": "tragitto_monti_piazza_esedra", "iri": "https://w3id.org/gaddatlas/id/route/tragitto_monti_piazza_esedra", "label": "monti piazza esedra", "nodeCount": 4, "stepCount": 4, "isPartialOrder": false, "nodes": [{"order": 1, "interpretationId": "interp_00538", "narrativePlaceId": "monti", "gazetteerId": "gaz_monti", "targetId": "gaz_monti", "focalizerId": "diomede", "referenceId": "ref_00454", "page": 182}, {"order": 2, "interpretationId": "interp_00539", "narrativePlaceId": "trastevere", "gazetteerId": "gaz_trastevere", "targetId": "gaz_trastevere", "focalizerId": "diomede", "referenceId": "ref_00455", "page": 182}, {"order": 3, "interpretationId": "interp_00540", "narrativePlaceId": "piazza_colonna", "gazetteerId": "gaz_piazza_colonna", "targetId": "gaz_piazza_colonna", "focalizerId": "diomede", "referenceId": "ref_00456", "page": 182}, {"order": 4, "interpretationId": "interp_00541", "narrativePlaceId": "piazza_esedra", "gazetteerId": "gaz_piazza_esedra", "targetId": "gaz_piazza_esedra", "focalizerId": "diomede", "referenceId": "ref_00457", "page": 182}], "steps": [{"order": 1, "targetIds": ["gaz_monti"], "focalizerIds": ["diomede"], "interpretationIds": ["interp_00538"]}, {"order": 2, "targetIds": ["gaz_trastevere"], "focalizerIds": ["diomede"], "interpretationIds": ["interp_00539"]}, {"order": 3, "targetIds": ["gaz_piazza_colonna"], "focalizerIds": ["diomede"], "interpretationIds": ["interp_00540"]}, {"order": 4, "targetIds": ["gaz_piazza_esedra"], "focalizerIds": ["diomede"], "interpretationIds": ["interp_00541"]}], "carrierRoles": ["Route"], "focalizerIds": ["diomede"], "nodeFocalizerIds": ["diomede"]}, {"id": "tragitto_rocca_di_papa_monte_nuncupale", "iri": "https://w3id.org/gaddatlas/id/route/tragitto_rocca_di_papa_monte_nuncupale", "label": "rocca di papa monte nuncupale", "nodeCount": 4, "stepCount": 4, "isPartialOrder": false, "nodes": [{"order": 1, "interpretationId": "interp_00483", "narrativePlaceId": "rocca_di_papa", "gazetteerId": "gaz_rocca_di_papa", "targetId": "gaz_rocca_di_papa", "focalizerId": "santarella", "referenceId": "ref_00412", "page": 173}, {"order": 2, "interpretationId": "interp_00484", "narrativePlaceId": "castel_savello", "gazetteerId": "gaz_castel_savello", "targetId": "gaz_castel_savello", "focalizerId": "santarella", "referenceId": "ref_00413", "page": 173}, {"order": 3, "interpretationId": "interp_00485", "narrativePlaceId": "rocca_orsina", "gazetteerId": "gaz_rocca_orsina", "targetId": "gaz_rocca_orsina", "focalizerId": "santarella", "referenceId": "ref_00414", "page": 173}, {"order": 4, "interpretationId": "interp_00486", "narrativePlaceId": "monte_nuncupale", "gazetteerId": "gaz_colli_albani", "targetId": "monte_nuncupale", "focalizerId": "santarella", "referenceId": "ref_00415", "page": 173}], "steps": [{"order": 1, "targetIds": ["gaz_rocca_di_papa"], "focalizerIds": ["santarella"], "interpretationIds": ["interp_00483"]}, {"order": 2, "targetIds": ["gaz_castel_savello"], "focalizerIds": ["santarella"], "interpretationIds": ["interp_00484"]}, {"order": 3, "targetIds": ["gaz_rocca_orsina"], "focalizerIds": ["santarella"], "interpretationIds": ["interp_00485"]}, {"order": 4, "targetIds": ["monte_nuncupale"], "focalizerIds": ["santarella"], "interpretationIds": ["interp_00486"]}], "carrierRoles": ["Route"], "focalizerIds": ["santarella"], "nodeFocalizerIds": ["santarella"]}, {"id": "tragitto_chiara_pantheon", "iri": "https://w3id.org/gaddatlas/id/route/tragitto_chiara_pantheon", "label": "chiara pantheon", "nodeCount": 3, "stepCount": 3, "isPartialOrder": false, "nodes": [{"order": 1, "interpretationId": "interp_00089", "narrativePlaceId": "santa_chiara", "gazetteerId": "gaz_santa_chiara", "targetId": "gaz_santa_chiara", "focalizerId": "commendador_angeloni", "referenceId": "ref_00076", "page": 41}, {"order": 2, "interpretationId": "interp_00090", "narrativePlaceId": "via_della_palombella", "gazetteerId": "gaz_via_della_palombella", "targetId": "gaz_via_della_palombella", "focalizerId": "commendador_angeloni", "referenceId": "ref_00077", "page": 41}, {"order": 3, "interpretationId": "interp_00091", "narrativePlaceId": "pantheon", "gazetteerId": "gaz_pantheon", "targetId": "gaz_pantheon", "focalizerId": "commendador_angeloni", "referenceId": "ref_00078", "page": 41}], "steps": [{"order": 1, "targetIds": ["gaz_santa_chiara"], "focalizerIds": ["commendador_angeloni"], "interpretationIds": ["interp_00089"]}, {"order": 2, "targetIds": ["gaz_via_della_palombella"], "focalizerIds": ["commendador_angeloni"], "interpretationIds": ["interp_00090"]}, {"order": 3, "targetIds": ["gaz_pantheon"], "focalizerIds": ["commendador_angeloni"], "interpretationIds": ["interp_00091"]}], "carrierRoles": ["Route"], "focalizerIds": ["commendador_angeloni"], "nodeFocalizerIds": ["commendador_angeloni"]}, {"id": "tragitto_duesanti_frattocchie", "iri": "https://w3id.org/gaddatlas/id/route/tragitto_duesanti_frattocchie", "label": "duesanti frattocchie", "nodeCount": 3, "stepCount": 3, "isPartialOrder": false, "nodes": [{"order": 1, "interpretationId": "interp_00152", "narrativePlaceId": "due_santi", "gazetteerId": "gaz_due_santi", "targetId": "gaz_due_santi", "focalizerId": "bigliettaio_merlani", "referenceId": "ref_00129", "page": 56}, {"order": 2, "interpretationId": "interp_00153", "narrativePlaceId": "torraccio", "gazetteerId": "gaz_torraccio", "targetId": "gaz_torraccio", "focalizerId": "bigliettaio_merlani", "referenceId": "ref_00130", "page": 56}, {"order": 3, "interpretationId": "interp_00154", "narrativePlaceId": "frattocchie", "gazetteerId": "gaz_frattocchie", "targetId": "gaz_frattocchie", "focalizerId": "bigliettaio_merlani", "referenceId": "ref_00131", "page": 56}], "steps": [{"order": 1, "targetIds": ["gaz_due_santi"], "focalizerIds": ["bigliettaio_merlani"], "interpretationIds": ["interp_00152"]}, {"order": 2, "targetIds": ["gaz_torraccio"], "focalizerIds": ["bigliettaio_merlani"], "interpretationIds": ["interp_00153"]}, {"order": 3, "targetIds": ["gaz_frattocchie"], "focalizerIds": ["bigliettaio_merlani"], "interpretationIds": ["interp_00154"]}], "carrierRoles": ["Route"], "focalizerIds": ["bigliettaio_merlani"], "nodeFocalizerIds": ["bigliettaio_merlani"]}, {"id": "tragitto_policlinico_san_lorenzo_al_verano", "iri": "https://w3id.org/gaddatlas/id/route/tragitto_policlinico_san_lorenzo_al_verano", "label": "policlinico san lorenzo al verano", "nodeCount": 3, "stepCount": 3, "isPartialOrder": false, "nodes": [{"order": 1, "interpretationId": "interp_00350", "narrativePlaceId": "policlinico", "gazetteerId": "gaz_policlinico", "targetId": "gaz_policlinico", "focalizerId": "corteo_funebre", "referenceId": "ref_00301", "page": 139}, {"order": 2, "interpretationId": "interp_00351", "narrativePlaceId": "viale_regina_margherita", "gazetteerId": "gaz_viale_regina_margherita", "targetId": "gaz_viale_regina_margherita", "focalizerId": "corteo_funebre", "referenceId": "ref_00302", "page": 140}, {"order": 3, "interpretationId": "interp_00352", "narrativePlaceId": "san_lorenzo_al_verano", "gazetteerId": "gaz_san_lorenzo_al_verano", "targetId": "gaz_san_lorenzo_al_verano", "focalizerId": "corteo_funebre", "referenceId": "ref_00303", "page": 140}], "steps": [{"order": 1, "targetIds": ["gaz_policlinico"], "focalizerIds": ["corteo_funebre"], "interpretationIds": ["interp_00350"]}, {"order": 2, "targetIds": ["gaz_viale_regina_margherita"], "focalizerIds": ["corteo_funebre"], "interpretationIds": ["interp_00351"]}, {"order": 3, "targetIds": ["gaz_san_lorenzo_al_verano"], "focalizerIds": ["corteo_funebre"], "interpretationIds": ["interp_00352"]}], "carrierRoles": ["Route"], "focalizerIds": ["corteo_funebre"], "nodeFocalizerIds": ["corteo_funebre"]}, {"id": "tragitto_marino_albano_laziale", "iri": "https://w3id.org/gaddatlas/id/route/tragitto_marino_albano_laziale", "label": "marino albano laziale", "nodeCount": 2, "stepCount": 2, "isPartialOrder": false, "nodes": [{"order": 1, "interpretationId": "interp_00794", "narrativePlaceId": "marino", "gazetteerId": "gaz_marino", "targetId": "gaz_marino", "focalizerId": "santarella", "referenceId": "ref_00646", "page": 278}, {"order": 2, "interpretationId": "interp_00795", "narrativePlaceId": "albano_laziale", "gazetteerId": "gaz_albano_laziale", "targetId": "gaz_albano_laziale", "focalizerId": "santarella", "referenceId": "ref_00647", "page": 278}], "steps": [{"order": 1, "targetIds": ["gaz_marino"], "focalizerIds": ["santarella"], "interpretationIds": ["interp_00794"]}, {"order": 2, "targetIds": ["gaz_albano_laziale"], "focalizerIds": ["santarella"], "interpretationIds": ["interp_00795"]}], "carrierRoles": ["Route"], "focalizerIds": ["santarella"], "nodeFocalizerIds": ["santarella"]}, {"id": "tragitto_marino_due_santi", "iri": "https://w3id.org/gaddatlas/id/route/tragitto_marino_due_santi", "label": "marino due santi", "nodeCount": 2, "stepCount": 2, "isPartialOrder": false, "nodes": [{"order": 1, "interpretationId": "interp_00603", "narrativePlaceId": "tenenza_carabinieri_marino", "gazetteerId": "gaz_marino", "targetId": "tenenza_carabinieri_marino", "focalizerId": "pestalozzi", "referenceId": "ref_00507", "page": 206}, {"order": 2, "interpretationId": "interp_00604", "narrativePlaceId": "laboratorio_zamira", "gazetteerId": "gaz_due_santi", "targetId": "laboratorio_zamira", "focalizerId": "pestalozzi", "referenceId": "ref_00508", "page": 206}], "steps": [{"order": 1, "targetIds": ["tenenza_carabinieri_marino"], "focalizerIds": ["pestalozzi"], "interpretationIds": ["interp_00603"]}, {"order": 2, "targetIds": ["laboratorio_zamira"], "focalizerIds": ["pestalozzi"], "interpretationIds": ["interp_00604"]}], "carrierRoles": ["Route"], "focalizerIds": ["pestalozzi"], "nodeFocalizerIds": ["pestalozzi"]}, {"id": "tragitto_marino_santo_stefano", "iri": "https://w3id.org/gaddatlas/id/route/tragitto_marino_santo_stefano", "label": "marino santo stefano", "nodeCount": 2, "stepCount": 2, "isPartialOrder": false, "nodes": [{"order": 1, "interpretationId": "interp_00405", "narrativePlaceId": "santo_stefano_del_cacco_celio_santo_stefano", "gazetteerId": "gaz_santo_stefano_del_cacco_celio_santo_stefano", "targetId": "gaz_santo_stefano_del_cacco_celio_santo_stefano", "focalizerId": "pestalozzi", "referenceId": "ref_00347", "page": 153}, {"order": 2, "interpretationId": "interp_00406", "narrativePlaceId": "tenenza_carabinieri_marino", "gazetteerId": "gaz_marino", "targetId": "tenenza_carabinieri_marino", "focalizerId": "pestalozzi", "referenceId": "ref_00348", "page": 153}], "steps": [{"order": 1, "targetIds": ["gaz_santo_stefano_del_cacco_celio_santo_stefano"], "focalizerIds": ["pestalozzi"], "interpretationIds": ["interp_00405"]}, {"order": 2, "targetIds": ["tenenza_carabinieri_marino"], "focalizerIds": ["pestalozzi"], "interpretationIds": ["interp_00406"]}], "carrierRoles": ["Route"], "focalizerIds": ["pestalozzi"], "nodeFocalizerIds": ["pestalozzi"]}, {"id": "tragitto_merulana_policlinico", "iri": "https://w3id.org/gaddatlas/id/route/tragitto_merulana_policlinico", "label": "merulana policlinico", "nodeCount": 2, "stepCount": 2, "isPartialOrder": false, "nodes": [{"order": 1, "interpretationId": "interp_00249", "narrativePlaceId": "via_merulana", "gazetteerId": "gaz_via_merulana", "targetId": "gaz_via_merulana", "focalizerId": "liliana", "referenceId": "ref_00219", "page": 93}, {"order": 2, "interpretationId": "interp_00250", "narrativePlaceId": "policlinico", "gazetteerId": "gaz_policlinico", "targetId": "gaz_policlinico", "focalizerId": "liliana", "referenceId": "ref_00220", "page": 93}], "steps": [{"order": 1, "targetIds": ["gaz_via_merulana"], "focalizerIds": ["liliana"], "interpretationIds": ["interp_00249"]}, {"order": 2, "targetIds": ["gaz_policlinico"], "focalizerIds": ["liliana"], "interpretationIds": ["interp_00250"]}], "carrierRoles": ["Route"], "focalizerIds": ["liliana"], "nodeFocalizerIds": ["liliana"]}], "sequences": [{"agentId": "ingravallo", "agentName": "Ingravallo", "chapterId": "capitolo_I", "chapter": 1, "length": 28, "distinctTargets": 20, "dispersion": 0.714, "pageRange": [11, 44], "steps": [{"page": 11, "referenceId": "ref_00001", "targetId": "gaz_molise", "narrativePlaceId": "collina_molisana", "gazetteerId": "gaz_molise", "interpretationId": "interp_00001", "role": "ProjectedSpace", "simultaneous": false}, {"page": 14, "referenceId": "ref_00003", "targetId": "gaz_collegio_romano", "narrativePlaceId": "collegio_romano", "gazetteerId": "gaz_collegio_romano", "interpretationId": "interp_00003", "role": "Marker", "simultaneous": true}, {"page": 14, "referenceId": "ref_00004", "targetId": "gaz_santo_stefano_del_cacco_celio_santo_stefano", "narrativePlaceId": "santo_stefano_del_cacco_celio_santo_stefano", "gazetteerId": "gaz_santo_stefano_del_cacco_celio_santo_stefano", "interpretationId": "interp_00004", "role": "Setting", "simultaneous": true}, {"page": 14, "referenceId": "ref_00005", "targetId": "barbiere", "narrativePlaceId": "barbiere", "gazetteerId": "gaz_roma", "interpretationId": "interp_00005", "role": "Marker", "simultaneous": true}, {"page": 20, "referenceId": "ref_00013", "targetId": "gaz_lazio", "narrativePlaceId": "lazio", "gazetteerId": "gaz_lazio", "interpretationId": "interp_00013", "role": "ProjectedSpace", "simultaneous": true}, {"page": 20, "referenceId": "ref_00014", "targetId": "gaz_marsica", "narrativePlaceId": "marsica", "gazetteerId": "gaz_marsica", "interpretationId": "interp_00014", "role": "ProjectedSpace", "simultaneous": true}, {"page": 20, "referenceId": "ref_00015", "targetId": "gaz_piceno", "narrativePlaceId": "piceno", "gazetteerId": "gaz_piceno", "interpretationId": "interp_00015", "role": "ProjectedSpace", "simultaneous": true}, {"page": 20, "referenceId": "ref_00016", "targetId": "gaz_sannio", "narrativePlaceId": "sannio", "gazetteerId": "gaz_sannio", "interpretationId": "interp_00016", "role": "ProjectedSpace", "simultaneous": true}, {"page": 20, "referenceId": "ref_00017", "targetId": "gaz_molise", "narrativePlaceId": "collina_molisana", "gazetteerId": "gaz_molise", "interpretationId": "interp_00017", "role": "ProjectedSpace", "simultaneous": true}, {"page": 20, "referenceId": "ref_00021", "targetId": "gaz_santa_maria_in_porta_paradisi", "narrativePlaceId": "santa_maria_in_porta_paradisi", "gazetteerId": "gaz_santa_maria_in_porta_paradisi", "interpretationId": "interp_00021", "role": "Marker", "simultaneous": true}, {"page": 21, "referenceId": "ref_00024", "targetId": "gaz_anzio", "narrativePlaceId": "anzio", "gazetteerId": "gaz_anzio", "interpretationId": "interp_00024", "role": "Marker", "simultaneous": false}, {"page": 22, "referenceId": "ref_00028", "targetId": "via_delle_oche", "narrativePlaceId": "via_delle_oche", "gazetteerId": "gaz_milano", "interpretationId": "interp_00028", "role": "ProjectedSpace", "simultaneous": true}, {"page": 22, "referenceId": "ref_00028", "targetId": "via_delle_oche", "narrativePlaceId": "via_delle_oche", "gazetteerId": "gaz_bologna", "interpretationId": "interp_00029", "role": "ProjectedSpace", "simultaneous": true}, {"page": 24, "referenceId": "ref_00029", "targetId": "gaz_via_merulana", "narrativePlaceId": "via_merulana", "gazetteerId": "gaz_via_merulana", "interpretationId": "interp_00030", "role": "Setting", "simultaneous": true}, {"page": 24, "referenceId": "ref_00030", "targetId": "palazzo_219", "narrativePlaceId": "palazzo_219", "gazetteerId": "gaz_via_merulana", "interpretationId": "interp_00031", "role": "Setting", "simultaneous": true}, {"page": 25, "referenceId": "ref_00031", "targetId": "gaz_via_merulana", "narrativePlaceId": "via_merulana", "gazetteerId": "gaz_via_merulana", "interpretationId": "interp_00032", "role": "Setting", "simultaneous": true}, {"page": 25, "referenceId": "ref_00034", "targetId": "gaz_viminale", "narrativePlaceId": "viminale", "gazetteerId": "gaz_viminale", "interpretationId": "interp_00035", "role": null, "simultaneous": true}, {"page": 25, "referenceId": "ref_00035", "targetId": "gaz_san_giovanni_in_laterano", "narrativePlaceId": "san_giovanni_in_laterano", "gazetteerId": "gaz_san_giovanni_in_laterano", "interpretationId": "interp_00038", "role": null, "simultaneous": true}, {"page": 25, "referenceId": "ref_00036", "targetId": "palazzo_219", "narrativePlaceId": "palazzo_219", "gazetteerId": "gaz_via_merulana", "interpretationId": "interp_00041", "role": null, "simultaneous": true}, {"page": 25, "referenceId": "ref_00038", "targetId": "palazzo_219", "narrativePlaceId": "palazzo_219", "gazetteerId": "gaz_via_merulana", "interpretationId": "interp_00047", "role": "Setting", "simultaneous": true}, {"page": 26, "referenceId": "ref_00039", "targetId": "palazzo_219", "narrativePlaceId": "palazzo_219", "gazetteerId": "gaz_via_merulana", "interpretationId": "interp_00050", "role": "Setting", "simultaneous": true}, {"page": 26, "referenceId": "ref_00040", "targetId": "palazzo_219", "narrativePlaceId": "palazzo_219", "gazetteerId": "gaz_via_merulana", "interpretationId": "interp_00051", "role": "Setting", "simultaneous": true}, {"page": 27, "referenceId": "ref_00043", "targetId": "scala_a", "narrativePlaceId": "scala_a", "gazetteerId": null, "interpretationId": "interp_00056", "role": "Setting", "simultaneous": false}, {"page": 36, "referenceId": "ref_00053", "targetId": "gaz_tranvie_dei_castelli", "narrativePlaceId": "tranvie_dei_castelli", "gazetteerId": "gaz_tranvie_dei_castelli", "interpretationId": "interp_00066", "role": "Marker", "simultaneous": true}, {"page": 36, "referenceId": "ref_00054", "targetId": "gaz_due_santi", "narrativePlaceId": "due_santi", "gazetteerId": "gaz_due_santi", "interpretationId": "interp_00067", "role": "Marker", "simultaneous": true}, {"page": 43, "referenceId": "ref_00084", "targetId": "gaz_santo_stefano_del_cacco_celio_santo_stefano", "narrativePlaceId": "santo_stefano_del_cacco_celio_santo_stefano", "gazetteerId": "gaz_santo_stefano_del_cacco_celio_santo_stefano", "interpretationId": "interp_00098", "role": "ProjectedSpace", "simultaneous": false}, {"page": 44, "referenceId": "ref_00088", "targetId": "gaz_tevere", "narrativePlaceId": "tevere_biferno", "gazetteerId": "gaz_tevere", "interpretationId": "interp_00102", "role": "ProjectedSpace", "simultaneous": true}, {"page": 44, "referenceId": "ref_00088", "targetId": "gaz_biferno", "narrativePlaceId": "tevere_biferno", "gazetteerId": "gaz_biferno", "interpretationId": "interp_00103", "role": "ProjectedSpace", "simultaneous": true}]}, {"agentId": "narrator", "agentName": "narrator", "chapterId": "capitolo_I", "chapter": 1, "length": 27, "distinctTargets": 19, "dispersion": 0.704, "pageRange": [16, 54], "steps": [{"page": 16, "referenceId": "ref_00007", "targetId": "palazzo_219", "narrativePlaceId": "palazzo_219", "gazetteerId": "gaz_via_merulana", "interpretationId": "interp_00007", "role": "Setting", "simultaneous": true}, {"page": 16, "referenceId": "ref_00008", "targetId": "palazzo_219", "narrativePlaceId": "palazzo_219", "gazetteerId": "gaz_via_merulana", "interpretationId": "interp_00008", "role": "Setting", "simultaneous": true}, {"page": 16, "referenceId": "ref_00009", "targetId": "scale", "narrativePlaceId": "scale", "gazetteerId": null, "interpretationId": "interp_00009", "role": "Setting", "simultaneous": true}, {"page": 16, "referenceId": "ref_00010", "targetId": "scala_a", "narrativePlaceId": "scala_a", "gazetteerId": null, "interpretationId": "interp_00010", "role": "Setting", "simultaneous": true}, {"page": 17, "referenceId": "ref_00018", "targetId": "gaz_santagnese_in_agone", "narrativePlaceId": "santagnese_in_agone", "gazetteerId": "gaz_santagnese_in_agone", "interpretationId": "interp_00018", "role": "Marker", "simultaneous": true}, {"page": 17, "referenceId": "ref_00019", "targetId": "gaz_santa_maria_in_porta_paradisi", "narrativePlaceId": "santa_maria_in_porta_paradisi", "gazetteerId": "gaz_santa_maria_in_porta_paradisi", "interpretationId": "interp_00019", "role": "Marker", "simultaneous": true}, {"page": 21, "referenceId": "ref_00022", "targetId": "gaz_salsomaggiore", "narrativePlaceId": "salsomaggiore", "gazetteerId": "gaz_salsomaggiore", "interpretationId": "interp_00022", "role": "Marker", "simultaneous": false}, {"page": 22, "referenceId": "ref_00026", "targetId": "gaz_via_merulana", "narrativePlaceId": "via_merulana", "gazetteerId": "gaz_via_merulana", "interpretationId": "interp_00026", "role": "Setting", "simultaneous": true}, {"page": 22, "referenceId": "ref_00027", "targetId": "palazzo_219", "narrativePlaceId": "palazzo_219", "gazetteerId": "gaz_via_merulana", "interpretationId": "interp_00027", "role": "Setting", "simultaneous": true}, {"page": 26, "referenceId": "ref_00042", "targetId": "gaz_san_giovanni", "narrativePlaceId": "san_giovanni", "gazetteerId": "gaz_san_giovanni", "interpretationId": "interp_00055", "role": "Marker", "simultaneous": false}, {"page": 30, "referenceId": "ref_00045", "targetId": "piani_alti_219", "narrativePlaceId": "piani_alti_219", "gazetteerId": null, "interpretationId": "interp_00058", "role": "Setting", "simultaneous": false}, {"page": 32, "referenceId": "ref_00046", "targetId": "palazzo_219", "narrativePlaceId": "palazzo_219", "gazetteerId": "gaz_via_merulana", "interpretationId": "interp_00059", "role": "Setting", "simultaneous": true}, {"page": 32, "referenceId": "ref_00047", "targetId": "scale", "narrativePlaceId": "scale", "gazetteerId": null, "interpretationId": "interp_00060", "role": "Setting", "simultaneous": true}, {"page": 32, "referenceId": "ref_00048", "targetId": "scala_a", "narrativePlaceId": "scala_a", "gazetteerId": null, "interpretationId": "interp_00061", "role": "Setting", "simultaneous": true}, {"page": 36, "referenceId": "ref_00051", "targetId": "gaz_via_valadier", "narrativePlaceId": "via_valadier", "gazetteerId": "gaz_via_valadier", "interpretationId": "interp_00064", "role": "ProjectedSpace", "simultaneous": true}, {"page": 36, "referenceId": "ref_00052", "targetId": "gaz_via_montebello", "narrativePlaceId": "via_montebello", "gazetteerId": "gaz_via_montebello", "interpretationId": "interp_00065", "role": "ProjectedSpace", "simultaneous": true}, {"page": 49, "referenceId": "ref_00097", "targetId": "palazzo_219", "narrativePlaceId": "palazzo_219", "gazetteerId": "gaz_via_merulana", "interpretationId": "interp_00112", "role": "Setting", "simultaneous": false}, {"page": 52, "referenceId": "ref_00101", "targetId": "terzo_piano_219", "narrativePlaceId": "terzo_piano_219", "gazetteerId": null, "interpretationId": "interp_00123", "role": "Setting", "simultaneous": true}, {"page": 52, "referenceId": "ref_00102", "targetId": "scala_a", "narrativePlaceId": "scala_a", "gazetteerId": null, "interpretationId": "interp_00124", "role": "Setting", "simultaneous": true}, {"page": 52, "referenceId": "ref_00103", "targetId": "scala_b", "narrativePlaceId": "scala_b", "gazetteerId": null, "interpretationId": "interp_00125", "role": "Setting", "simultaneous": true}, {"page": 52, "referenceId": "ref_00104", "targetId": "gaz_san_clemente", "narrativePlaceId": "san_clemente", "gazetteerId": "gaz_san_clemente", "interpretationId": "interp_00126", "role": "Marker", "simultaneous": true}, {"page": 52, "referenceId": "ref_00105", "targetId": "gaz_santantonio_da_padova", "narrativePlaceId": "santantonio_da_padova", "gazetteerId": "gaz_santantonio_da_padova", "interpretationId": "interp_00127", "role": "Marker", "simultaneous": true}, {"page": 52, "referenceId": "ref_00106", "targetId": "gaz_santi_quattro_coronati", "narrativePlaceId": "santi_quattro_coronati", "gazetteerId": "gaz_santi_quattro_coronati", "interpretationId": "interp_00128", "role": "Marker", "simultaneous": true}, {"page": 52, "referenceId": "ref_00107", "targetId": "gaz_via_labbricana", "narrativePlaceId": "via_labbricana", "gazetteerId": "gaz_via_labbricana", "interpretationId": "interp_00129", "role": "Setting", "simultaneous": true}, {"page": 52, "referenceId": "ref_00108", "targetId": "gaz_via_merulana", "narrativePlaceId": "via_merulana", "gazetteerId": "gaz_via_merulana", "interpretationId": "interp_00130", "role": "Setting", "simultaneous": true}, {"page": 54, "referenceId": "ref_00120", "targetId": "gaz_via_frangipane", "narrativePlaceId": "via_frangipane", "gazetteerId": "gaz_via_frangipane", "interpretationId": "interp_00142", "role": "Marker", "simultaneous": true}, {"page": 54, "referenceId": "ref_00121", "targetId": "gaz_santa_croce_in_gerusalemme", "narrativePlaceId": "santa_croce_in_gerusalemme", "gazetteerId": "gaz_santa_croce_in_gerusalemme", "interpretationId": "interp_00143", "role": "Marker", "simultaneous": true}]}, {"agentId": "commendador_angeloni", "agentName": "Commendador Angeloni", "chapterId": "capitolo_I", "chapter": 1, "length": 24, "distinctTargets": 23, "dispersion": 0.958, "pageRange": [40, 48], "steps": [{"page": 40, "referenceId": "ref_00061", "targetId": "gaz_san_luigi_de_francesi", "narrativePlaceId": "san_luigi_de_francesi", "gazetteerId": "gaz_san_luigi_de_francesi", "interpretationId": "interp_00074", "role": "Marker", "simultaneous": true}, {"page": 40, "referenceId": "ref_00062", "targetId": "gaz_santa_maria_sopra_minerva", "narrativePlaceId": "santa_maria_sopra_minerva", "gazetteerId": "gaz_santa_maria_sopra_minerva", "interpretationId": "interp_00075", "role": "Marker", "simultaneous": true}, {"page": 40, "referenceId": "ref_00063", "targetId": "gaz_santagostino", "narrativePlaceId": "santagostino", "gazetteerId": "gaz_santagostino", "interpretationId": "interp_00076", "role": null, "simultaneous": true}, {"page": 40, "referenceId": "ref_00064", "targetId": "gaz_via_della_scrofa", "narrativePlaceId": "via_della_scrofa", "gazetteerId": "gaz_via_della_scrofa", "interpretationId": "interp_00077", "role": null, "simultaneous": true}, {"page": 40, "referenceId": "ref_00065", "targetId": "gaz_via_delle_coppelle", "narrativePlaceId": "via_delle_coppelle", "gazetteerId": "gaz_via_delle_coppelle", "interpretationId": "interp_00078", "role": null, "simultaneous": true}, {"page": 40, "referenceId": "ref_00066", "targetId": "gaz_pozzo_delle_cornacchie", "narrativePlaceId": "pozzo_delle_cornacchie", "gazetteerId": "gaz_pozzo_delle_cornacchie", "interpretationId": "interp_00079", "role": null, "simultaneous": true}, {"page": 40, "referenceId": "ref_00067", "targetId": "gaz_santa_maria_in_aquiro", "narrativePlaceId": "santa_maria_in_aquiro", "gazetteerId": "gaz_santa_maria_in_aquiro", "interpretationId": "interp_00080", "role": null, "simultaneous": true}, {"page": 40, "referenceId": "ref_00069", "targetId": "gaz_via_colonna_vittoria", "narrativePlaceId": "via_colonna_vittoria", "gazetteerId": "gaz_via_colonna_vittoria", "interpretationId": "interp_00082", "role": null, "simultaneous": true}, {"page": 40, "referenceId": "ref_00070", "targetId": "gaz_piazza_di_pietra", "narrativePlaceId": "piazza_di_pietra", "gazetteerId": "gaz_piazza_di_pietra", "interpretationId": "interp_00083", "role": null, "simultaneous": true}, {"page": 40, "referenceId": "ref_00071", "targetId": "gaz_via_di_pietra", "narrativePlaceId": "via_di_pietra", "gazetteerId": "gaz_via_di_pietra", "interpretationId": "interp_00084", "role": null, "simultaneous": true}, {"page": 40, "referenceId": "ref_00072", "targetId": "gaz_via_del_corso", "narrativePlaceId": "via_del_corso", "gazetteerId": "gaz_via_del_corso", "interpretationId": "interp_00085", "role": null, "simultaneous": true}, {"page": 40, "referenceId": "ref_00073", "targetId": "gaz_istituto_dellenciclopedia_treccani", "narrativePlaceId": "istituto_dellenciclopedia_treccani", "gazetteerId": "gaz_istituto_dellenciclopedia_treccani", "interpretationId": "interp_00086", "role": null, "simultaneous": true}, {"page": 40, "referenceId": "ref_00074", "targetId": "gioielliere_catellani", "narrativePlaceId": "gioielliere_catellani", "gazetteerId": "gaz_roma", "interpretationId": "interp_00087", "role": "Marker", "simultaneous": true}, {"page": 41, "referenceId": "ref_00076", "targetId": "gaz_santa_chiara", "narrativePlaceId": "santa_chiara", "gazetteerId": "gaz_santa_chiara", "interpretationId": "interp_00089", "role": null, "simultaneous": true}, {"page": 41, "referenceId": "ref_00077", "targetId": "gaz_via_della_palombella", "narrativePlaceId": "via_della_palombella", "gazetteerId": "gaz_via_della_palombella", "interpretationId": "interp_00090", "role": null, "simultaneous": true}, {"page": 41, "referenceId": "ref_00078", "targetId": "gaz_pantheon", "narrativePlaceId": "pantheon", "gazetteerId": "gaz_pantheon", "interpretationId": "interp_00091", "role": null, "simultaneous": true}, {"page": 41, "referenceId": "ref_00080", "targetId": "gaz_via_campo_marzio", "narrativePlaceId": "via_campo_marzio", "gazetteerId": "gaz_via_campo_marzio", "interpretationId": "interp_00093", "role": "Marker", "simultaneous": true}, {"page": 41, "referenceId": "ref_00081", "targetId": "gaz_via_del_parlamento", "narrativePlaceId": "via_del_parlamento", "gazetteerId": "gaz_via_del_parlamento", "interpretationId": "interp_00094", "role": "Marker", "simultaneous": true}, {"page": 41, "referenceId": "ref_00082", "targetId": "gaz_via_merulana", "narrativePlaceId": "via_merulana", "gazetteerId": "gaz_via_merulana", "interpretationId": "interp_00095", "role": "Setting", "simultaneous": true}, {"page": 41, "referenceId": "ref_00083", "targetId": "palazzo_219", "narrativePlaceId": "palazzo_219", "gazetteerId": "gaz_via_merulana", "interpretationId": "interp_00096", "role": "Setting", "simultaneous": true}, {"page": 43, "referenceId": "ref_00084", "targetId": "gaz_santo_stefano_del_cacco_celio_santo_stefano", "narrativePlaceId": "santo_stefano_del_cacco_celio_santo_stefano", "gazetteerId": "gaz_santo_stefano_del_cacco_celio_santo_stefano", "interpretationId": "interp_00097", "role": "ProjectedSpace", "simultaneous": false}, {"page": 44, "referenceId": "ref_00089", "targetId": "gaz_via_venti_settembre", "narrativePlaceId": "via_venti_settembre", "gazetteerId": "gaz_via_venti_settembre", "interpretationId": "interp_00104", "role": "ProjectedSpace", "simultaneous": false}, {"page": 45, "referenceId": "ref_00090", "targetId": "gaz_via_panisperna", "narrativePlaceId": "via_panisperna", "gazetteerId": "gaz_via_panisperna", "interpretationId": "interp_00105", "role": "Marker", "simultaneous": false}, {"page": 48, "referenceId": "ref_00096", "targetId": "gaz_via_panisperna", "narrativePlaceId": "via_panisperna", "gazetteerId": "gaz_via_panisperna", "interpretationId": "interp_00111", "role": "ProjectedSpace", "simultaneous": false}]}, {"agentId": "gaudenzio", "agentName": "Gaudenzio", "chapterId": "capitolo_I", "chapter": 1, "length": 9, "distinctTargets": 6, "dispersion": 0.667, "pageRange": [25, 45], "steps": [{"page": 25, "referenceId": "ref_00034", "targetId": "gaz_viminale", "narrativePlaceId": "viminale", "gazetteerId": "gaz_viminale", "interpretationId": "interp_00036", "role": null, "simultaneous": true}, {"page": 25, "referenceId": "ref_00035", "targetId": "gaz_san_giovanni_in_laterano", "narrativePlaceId": "san_giovanni_in_laterano", "gazetteerId": "gaz_san_giovanni_in_laterano", "interpretationId": "interp_00039", "role": null, "simultaneous": true}, {"page": 25, "referenceId": "ref_00036", "targetId": "palazzo_219", "narrativePlaceId": "palazzo_219", "gazetteerId": "gaz_via_merulana", "interpretationId": "interp_00042", "role": null, "simultaneous": true}, {"page": 25, "referenceId": "ref_00038", "targetId": "palazzo_219", "narrativePlaceId": "palazzo_219", "gazetteerId": "gaz_via_merulana", "interpretationId": "interp_00048", "role": "Setting", "simultaneous": true}, {"page": 26, "referenceId": "ref_00040", "targetId": "palazzo_219", "narrativePlaceId": "palazzo_219", "gazetteerId": "gaz_via_merulana", "interpretationId": "interp_00052", "role": "Setting", "simultaneous": false}, {"page": 36, "referenceId": "ref_00055", "targetId": "gaz_torraccio", "narrativePlaceId": "torraccio", "gazetteerId": "gaz_torraccio", "interpretationId": "interp_00068", "role": "Setting", "simultaneous": false}, {"page": 45, "referenceId": "ref_00091", "targetId": "gaz_via_dei_serpenti", "narrativePlaceId": "via_dei_serpenti", "gazetteerId": "gaz_via_dei_serpenti", "interpretationId": "interp_00106", "role": "Marker", "simultaneous": true}, {"page": 45, "referenceId": "ref_00092", "targetId": "gaz_via_dei_serpenti", "narrativePlaceId": "via_dei_serpenti", "gazetteerId": "gaz_via_dei_serpenti", "interpretationId": "interp_00107", "role": "Marker", "simultaneous": true}, {"page": 45, "referenceId": "ref_00093", "targetId": "gaz_via_panisperna", "narrativePlaceId": "via_panisperna", "gazetteerId": "gaz_via_panisperna", "interpretationId": "interp_00108", "role": "Marker", "simultaneous": true}]}, {"agentId": "pompeo", "agentName": "Pompeo", "chapterId": "capitolo_I", "chapter": 1, "length": 7, "distinctTargets": 5, "dispersion": 0.714, "pageRange": [25, 43], "steps": [{"page": 25, "referenceId": "ref_00034", "targetId": "gaz_viminale", "narrativePlaceId": "viminale", "gazetteerId": "gaz_viminale", "interpretationId": "interp_00037", "role": null, "simultaneous": true}, {"page": 25, "referenceId": "ref_00035", "targetId": "gaz_san_giovanni_in_laterano", "narrativePlaceId": "san_giovanni_in_laterano", "gazetteerId": "gaz_san_giovanni_in_laterano", "interpretationId": "interp_00040", "role": null, "simultaneous": true}, {"page": 25, "referenceId": "ref_00036", "targetId": "palazzo_219", "narrativePlaceId": "palazzo_219", "gazetteerId": "gaz_via_merulana", "interpretationId": "interp_00043", "role": null, "simultaneous": true}, {"page": 25, "referenceId": "ref_00038", "targetId": "palazzo_219", "narrativePlaceId": "palazzo_219", "gazetteerId": "gaz_via_merulana", "interpretationId": "interp_00049", "role": "Setting", "simultaneous": true}, {"page": 26, "referenceId": "ref_00040", "targetId": "palazzo_219", "narrativePlaceId": "palazzo_219", "gazetteerId": "gaz_via_merulana", "interpretationId": "interp_00053", "role": "Setting", "simultaneous": false}, {"page": 43, "referenceId": "ref_00085", "targetId": "gaz_maccheronaro", "narrativePlaceId": "maccheronaro", "gazetteerId": "gaz_maccheronaro", "interpretationId": "interp_00099", "role": "Marker", "simultaneous": true}, {"page": 43, "referenceId": "ref_00086", "targetId": "gaz_via_del_gesu", "narrativePlaceId": "via_del_gesu", "gazetteerId": "gaz_via_del_gesu", "interpretationId": "interp_00100", "role": "Marker", "simultaneous": true}]}, {"agentId": "ines_cionini", "agentName": "Ines Cionini", "chapterId": "capitolo_I", "chapter": 1, "length": 6, "distinctTargets": 5, "dispersion": 0.833, "pageRange": [53, 54], "steps": [{"page": 53, "referenceId": "ref_00113", "targetId": "gaz_celio", "narrativePlaceId": "celio", "gazetteerId": "gaz_celio", "interpretationId": "interp_00135", "role": "ProjectedSpace", "simultaneous": true}, {"page": 53, "referenceId": "ref_00114", "targetId": "gaz_torraccio", "narrativePlaceId": "torraccio", "gazetteerId": "gaz_torraccio", "interpretationId": "interp_00136", "role": "ProjectedSpace", "simultaneous": true}, {"page": 54, "referenceId": "ref_00116", "targetId": "gaz_torraccio", "narrativePlaceId": "torraccio", "gazetteerId": "gaz_torraccio", "interpretationId": "interp_00138", "role": "Setting", "simultaneous": true}, {"page": 54, "referenceId": "ref_00117", "targetId": "gaz_san_giovanni", "narrativePlaceId": "san_giovanni", "gazetteerId": "gaz_san_giovanni", "interpretationId": "interp_00139", "role": "ProjectedSpace", "simultaneous": true}, {"page": 54, "referenceId": "ref_00118", "targetId": "gaz_santo_stefano_del_cacco_celio_santo_stefano", "narrativePlaceId": "santo_stefano_del_cacco_celio_santo_stefano", "gazetteerId": "gaz_santo_stefano_del_cacco_celio_santo_stefano", "interpretationId": "interp_00140", "role": "ProjectedSpace", "simultaneous": true}, {"page": 54, "referenceId": "ref_00119", "targetId": "gaz_santo_stefano_rotondo", "narrativePlaceId": "santo_stefano_rotondo", "gazetteerId": "gaz_santo_stefano_rotondo", "interpretationId": "interp_00141", "role": "Marker", "simultaneous": true}]}, {"agentId": "menegazzi", "agentName": "Menegazzi", "chapterId": "capitolo_I", "chapter": 1, "length": 5, "distinctTargets": 5, "dispersion": 1.0, "pageRange": [49, 53], "steps": [{"page": 49, "referenceId": "ref_00098", "targetId": "scala_a", "narrativePlaceId": "scala_a", "gazetteerId": null, "interpretationId": "interp_00114", "role": "Setting", "simultaneous": false}, {"page": 53, "referenceId": "ref_00109", "targetId": "cobianchi", "narrativePlaceId": "cobianchi", "gazetteerId": "gaz_piazza_san_lorenzo_in_lucina", "interpretationId": "interp_00131", "role": "Marker", "simultaneous": true}, {"page": 53, "referenceId": "ref_00110", "targetId": "gaz_piazza_san_lorenzo_in_lucina", "narrativePlaceId": "piazza_san_lorenzo_in_lucina", "gazetteerId": "gaz_piazza_san_lorenzo_in_lucina", "interpretationId": "interp_00132", "role": "Marker", "simultaneous": true}, {"page": 53, "referenceId": "ref_00111", "targetId": "gaz_palazzo_ruspoli", "narrativePlaceId": "palazzo_ruspoli", "gazetteerId": "gaz_palazzo_ruspoli", "interpretationId": "interp_00133", "role": "Marker", "simultaneous": true}, {"page": 53, "referenceId": "ref_00112", "targetId": "gaz_san_silvestro_in_capite", "narrativePlaceId": "san_silvestro_in_capite", "gazetteerId": "gaz_san_silvestro_in_capite", "interpretationId": "interp_00134", "role": "Marker", "simultaneous": true}]}, {"agentId": "assunta", "agentName": "Assunta Crocchiapani", "chapterId": "capitolo_I", "chapter": 1, "length": 3, "distinctTargets": 3, "dispersion": 1.0, "pageRange": [17, 51], "steps": [{"page": 17, "referenceId": "ref_00011", "targetId": "gaz_frascati", "narrativePlaceId": "frascati", "gazetteerId": "gaz_frascati", "interpretationId": "interp_00011", "role": "Marker", "simultaneous": true}, {"page": 17, "referenceId": "ref_00012", "targetId": "gaz_tivoli", "narrativePlaceId": "tiburtino", "gazetteerId": "gaz_tivoli", "interpretationId": "interp_00012", "role": "Marker", "simultaneous": true}, {"page": 51, "referenceId": "ref_00100", "targetId": "gaz_san_giovanni_in_laterano", "narrativePlaceId": "san_giovanni_in_laterano", "gazetteerId": "gaz_san_giovanni_in_laterano", "interpretationId": "interp_00122", "role": "Marker", "simultaneous": false}]}, {"agentId": "dottor_fumi", "agentName": "Dottor Fumi", "chapterId": "capitolo_I", "chapter": 1, "length": 3, "distinctTargets": 3, "dispersion": 1.0, "pageRange": [25, 54], "steps": [{"page": 25, "referenceId": "ref_00032", "targetId": "gaz_via_botteghe_oscure", "narrativePlaceId": "via_botteghe_oscure", "gazetteerId": "gaz_via_botteghe_oscure", "interpretationId": "interp_00033", "role": "ProjectedSpace", "simultaneous": true}, {"page": 25, "referenceId": "ref_00033", "targetId": "gaz_viale_liegi", "narrativePlaceId": "viale_liegi", "gazetteerId": "gaz_viale_liegi", "interpretationId": "interp_00034", "role": "ProjectedSpace", "simultaneous": true}, {"page": 54, "referenceId": "ref_00115", "targetId": "gaz_torraccio", "narrativePlaceId": "torraccio", "gazetteerId": "gaz_torraccio", "interpretationId": "interp_00137", "role": "ProjectedSpace", "simultaneous": false}]}, {"agentId": "portinaia", "agentName": "Portinaia", "chapterId": "capitolo_I", "chapter": 1, "length": 3, "distinctTargets": 2, "dispersion": 0.667, "pageRange": [34, 47], "steps": [{"page": 34, "referenceId": "ref_00050", "targetId": "palazzo_219", "narrativePlaceId": "palazzo_219", "gazetteerId": "gaz_via_merulana", "interpretationId": "interp_00063", "role": "Setting", "simultaneous": false}, {"page": 39, "referenceId": "ref_00060", "targetId": "palazzo_219", "narrativePlaceId": "palazzo_219", "gazetteerId": "gaz_via_merulana", "interpretationId": "interp_00073", "role": "Setting", "simultaneous": false}, {"page": 47, "referenceId": "ref_00095", "targetId": "gaz_via_merulana", "narrativePlaceId": "via_merulana", "gazetteerId": "gaz_via_merulana", "interpretationId": "interp_00110", "role": "ProjectedSpace", "simultaneous": false}]}, {"agentId": "cencia", "agentName": "Cencia", "chapterId": "capitolo_I", "chapter": 1, "length": 3, "distinctTargets": 3, "dispersion": 1.0, "pageRange": [37, 37], "steps": [{"page": 37, "referenceId": "ref_00056", "targetId": "gaz_marino", "narrativePlaceId": "marino", "gazetteerId": "gaz_marino", "interpretationId": "interp_00069", "role": "ZoneOfAction", "simultaneous": true}, {"page": 37, "referenceId": "ref_00057", "targetId": "gaz_via_de_querceti", "narrativePlaceId": "via_de_querceti", "gazetteerId": "gaz_via_de_querceti", "interpretationId": "interp_00070", "role": "Marker", "simultaneous": true}, {"page": 37, "referenceId": "ref_00058", "targetId": "gaz_santi_quattro_coronati", "narrativePlaceId": "santi_quattro_coronati", "gazetteerId": "gaz_santi_quattro_coronati", "interpretationId": "interp_00071", "role": "Marker", "simultaneous": true}]}, {"agentId": "sor_manuela", "agentName": "Sor Manuela", "chapterId": "capitolo_I", "chapter": 1, "length": 3, "distinctTargets": 3, "dispersion": 1.0, "pageRange": [43, 49], "steps": [{"page": 43, "referenceId": "ref_00087", "targetId": "gaz_santo_stefano_del_cacco_celio_santo_stefano", "narrativePlaceId": "santo_stefano_del_cacco_celio_santo_stefano", "gazetteerId": "gaz_santo_stefano_del_cacco_celio_santo_stefano", "interpretationId": "interp_00101", "role": "Setting", "simultaneous": false}, {"page": 49, "referenceId": "ref_00098", "targetId": "scala_a", "narrativePlaceId": "scala_a", "gazetteerId": null, "interpretationId": "interp_00113", "role": "Setting", "simultaneous": true}, {"page": 49, "referenceId": "ref_00099", "targetId": "scala_b", "narrativePlaceId": "scala_b", "gazetteerId": null, "interpretationId": "interp_00118", "role": "Setting", "simultaneous": true}]}, {"agentId": "remo_balducci", "agentName": "Remo Balducci", "chapterId": "capitolo_I", "chapter": 1, "length": 2, "distinctTargets": 2, "dispersion": 1.0, "pageRange": [14, 16], "steps": [{"page": 14, "referenceId": "ref_00002", "targetId": "gaz_san_martino_ai_monti", "narrativePlaceId": "san_martino_ai_monti", "gazetteerId": "gaz_san_martino_ai_monti", "interpretationId": "interp_00002", "role": "Marker", "simultaneous": false}, {"page": 16, "referenceId": "ref_00006", "targetId": "gaz_vicenza", "narrativePlaceId": "vicenza", "gazetteerId": "gaz_vicenza", "interpretationId": "interp_00006", "role": "Marker", "simultaneous": false}]}, {"agentId": "don_lorenzo_corpi", "agentName": "Don Lorenzo Corpi", "chapterId": "capitolo_I", "chapter": 1, "length": 2, "distinctTargets": 1, "dispersion": 0.5, "pageRange": [19, 37], "steps": [{"page": 19, "referenceId": "ref_00020", "targetId": "gaz_santi_quattro_coronati", "narrativePlaceId": "santi_quattro_coronati", "gazetteerId": "gaz_santi_quattro_coronati", "interpretationId": "interp_00020", "role": "Marker", "simultaneous": false}, {"page": 37, "referenceId": "ref_00059", "targetId": "gaz_santi_quattro_coronati", "narrativePlaceId": "santi_quattro_coronati", "gazetteerId": "gaz_santi_quattro_coronati", "interpretationId": "interp_00072", "role": "Marker", "simultaneous": false}]}, {"agentId": "ingravallo", "agentName": "Ingravallo", "chapterId": "capitolo_II", "chapter": 2, "length": 24, "distinctTargets": 18, "dispersion": 0.75, "pageRange": [55, 75], "steps": [{"page": 55, "referenceId": "ref_00122", "targetId": "gaz_marino", "narrativePlaceId": "marino", "gazetteerId": "gaz_marino", "interpretationId": "interp_00144", "role": "ZoneOfAction", "simultaneous": true}, {"page": 55, "referenceId": "ref_00123", "targetId": "gaz_viminale", "narrativePlaceId": "viminale", "gazetteerId": "gaz_viminale", "interpretationId": "interp_00145", "role": "Setting", "simultaneous": true}, {"page": 55, "referenceId": "ref_00124", "targetId": "gaz_marino", "narrativePlaceId": "marino", "gazetteerId": "gaz_marino", "interpretationId": "interp_00147", "role": "ZoneOfAction", "simultaneous": true}, {"page": 55, "referenceId": "ref_00125", "targetId": "grotta_de_sor_pippo", "narrativePlaceId": "grotta_de_sor_pippo", "gazetteerId": "gaz_marino", "interpretationId": "interp_00148", "role": "ProjectedSpace", "simultaneous": true}, {"page": 56, "referenceId": "ref_00126", "targetId": "gaz_via_merulana", "narrativePlaceId": "via_merulana", "gazetteerId": "gaz_via_merulana", "interpretationId": "interp_00149", "role": "Setting", "simultaneous": true}, {"page": 56, "referenceId": "ref_00127", "targetId": "gaz_tranvie_dei_castelli", "narrativePlaceId": "tranvie_dei_castelli", "gazetteerId": "gaz_tranvie_dei_castelli", "interpretationId": "interp_00150", "role": "Setting", "simultaneous": true}, {"page": 56, "referenceId": "ref_00133", "targetId": "gaz_via_dazeglio", "narrativePlaceId": "via_dazeglio", "gazetteerId": "gaz_via_dazeglio", "interpretationId": "interp_00156", "role": "Marker", "simultaneous": true}, {"page": 58, "referenceId": "ref_00140", "targetId": "gaz_via_dazeglio", "narrativePlaceId": "via_dazeglio", "gazetteerId": "gaz_via_dazeglio", "interpretationId": "interp_00163", "role": "Setting", "simultaneous": false}, {"page": 59, "referenceId": "ref_00143", "targetId": "gaz_via_merulana", "narrativePlaceId": "via_merulana", "gazetteerId": "gaz_via_merulana", "interpretationId": "interp_00166", "role": "Setting", "simultaneous": false}, {"page": 61, "referenceId": "ref_00144", "targetId": "gaz_dosso_faiti", "narrativePlaceId": "dosso_faiti", "gazetteerId": "gaz_dosso_faiti", "interpretationId": "interp_00168", "role": "ProjectedSpace", "simultaneous": true}, {"page": 61, "referenceId": "ref_00145", "targetId": "gaz_monte_cengio", "narrativePlaceId": "monte_cengio", "gazetteerId": "gaz_monte_cengio", "interpretationId": "interp_00169", "role": "ProjectedSpace", "simultaneous": true}, {"page": 67, "referenceId": "ref_00159", "targetId": "cantinone_albano", "narrativePlaceId": "cantinone_albano", "gazetteerId": "gaz_albano_laziale", "interpretationId": "interp_00183", "role": "ProjectedSpace", "simultaneous": false}, {"page": 68, "referenceId": "ref_00160", "targetId": "cantinone_albano", "narrativePlaceId": "cantinone_albano", "gazetteerId": "gaz_albano_laziale", "interpretationId": "interp_00185", "role": "ProjectedSpace", "simultaneous": true}, {"page": 68, "referenceId": "ref_00161", "targetId": "gaz_monte_matese", "narrativePlaceId": "monte_matese", "gazetteerId": "gaz_monte_matese", "interpretationId": "interp_00187", "role": "ProjectedSpace", "simultaneous": true}, {"page": 73, "referenceId": "ref_00167", "targetId": "gaz_tranvie_dei_castelli", "narrativePlaceId": "tranvie_dei_castelli", "gazetteerId": "gaz_tranvie_dei_castelli", "interpretationId": "interp_00193", "role": "ProjectedSpace", "simultaneous": true}, {"page": 73, "referenceId": "ref_00168", "targetId": "gaz_torraccio", "narrativePlaceId": "torraccio", "gazetteerId": "gaz_torraccio", "interpretationId": "interp_00194", "role": "ProjectedSpace", "simultaneous": true}, {"page": 74, "referenceId": "ref_00169", "targetId": "scala_a", "narrativePlaceId": "scala_a", "gazetteerId": null, "interpretationId": "interp_00195", "role": "ProjectedSpace", "simultaneous": true}, {"page": 74, "referenceId": "ref_00170", "targetId": "gaz_via_dei_serpenti", "narrativePlaceId": "via_dei_serpenti", "gazetteerId": "gaz_via_dei_serpenti", "interpretationId": "interp_00196", "role": "ProjectedSpace", "simultaneous": true}, {"page": 74, "referenceId": "ref_00171", "targetId": "gaz_via_panisperna", "narrativePlaceId": "via_panisperna", "gazetteerId": "gaz_via_panisperna", "interpretationId": "interp_00198", "role": "ProjectedSpace", "simultaneous": true}, {"page": 75, "referenceId": "ref_00172", "targetId": "gaz_via_merulana", "narrativePlaceId": "via_de_merli", "gazetteerId": "gaz_via_merulana", "interpretationId": "interp_00200", "role": "Setting", "simultaneous": true}, {"page": 75, "referenceId": "ref_00173", "targetId": "gaz_san_giovanni_in_laterano", "narrativePlaceId": "san_giovanni_in_laterano", "gazetteerId": "gaz_san_giovanni_in_laterano", "interpretationId": "interp_00201", "role": "ProjectedSpace", "simultaneous": true}, {"page": 75, "referenceId": "ref_00174", "targetId": "gaz_porta_maggiore", "narrativePlaceId": "porta_maggiore", "gazetteerId": "gaz_porta_maggiore", "interpretationId": "interp_00202", "role": "ProjectedSpace", "simultaneous": true}, {"page": 75, "referenceId": "ref_00175", "targetId": "gaz_celio", "narrativePlaceId": "celio", "gazetteerId": "gaz_celio", "interpretationId": "interp_00203", "role": "ProjectedSpace", "simultaneous": true}, {"page": 75, "referenceId": "ref_00176", "targetId": "gaz_suburra", "narrativePlaceId": "suburra", "gazetteerId": "gaz_suburra", "interpretationId": "interp_00204", "role": "ProjectedSpace", "simultaneous": true}]}, {"agentId": "narrator", "agentName": "narrator", "chapterId": "capitolo_II", "chapter": 2, "length": 9, "distinctTargets": 8, "dispersion": 0.889, "pageRange": [56, 67], "steps": [{"page": 56, "referenceId": "ref_00128", "targetId": "gaz_torraccio", "narrativePlaceId": "torraccio", "gazetteerId": "gaz_torraccio", "interpretationId": "interp_00151", "role": "Setting", "simultaneous": true}, {"page": 56, "referenceId": "ref_00134", "targetId": "gaz_pincio", "narrativePlaceId": "pincio", "gazetteerId": "gaz_pincio", "interpretationId": "interp_00157", "role": "Marker", "simultaneous": true}, {"page": 56, "referenceId": "ref_00135", "targetId": "gaz_gianicolo", "narrativePlaceId": "gianicolo", "gazetteerId": "gaz_gianicolo", "interpretationId": "interp_00158", "role": "Marker", "simultaneous": true}, {"page": 57, "referenceId": "ref_00136", "targetId": "gaz_collegio_romano", "narrativePlaceId": "collegio_romano", "gazetteerId": "gaz_collegio_romano", "interpretationId": "interp_00159", "role": "Marker", "simultaneous": true}, {"page": 57, "referenceId": "ref_00137", "targetId": "gaz_molo_beverello", "narrativePlaceId": "molo_beverello", "gazetteerId": "gaz_molo_beverello", "interpretationId": "interp_00160", "role": "Marker", "simultaneous": true}, {"page": 58, "referenceId": "ref_00139", "targetId": "gaz_collegio_romano", "narrativePlaceId": "collegio_romano", "gazetteerId": "gaz_collegio_romano", "interpretationId": "interp_00162", "role": "Marker", "simultaneous": false}, {"page": 62, "referenceId": "ref_00146", "targetId": "gaz_ostia", "narrativePlaceId": "ostia", "gazetteerId": "gaz_ostia", "interpretationId": "interp_00170", "role": "Marker", "simultaneous": true}, {"page": 62, "referenceId": "ref_00147", "targetId": "gaz_forte_de_marmi", "narrativePlaceId": "forte_de_marmi", "gazetteerId": "gaz_forte_de_marmi", "interpretationId": "interp_00171", "role": "Marker", "simultaneous": true}, {"page": 67, "referenceId": "ref_00156", "targetId": "gaz_corso_umberto", "narrativePlaceId": "corso_umberto", "gazetteerId": "gaz_corso_umberto", "interpretationId": "interp_00180", "role": "Marker", "simultaneous": false}]}, {"agentId": "giuliano_valdarena", "agentName": "Giuliano Valdarena", "chapterId": "capitolo_II", "chapter": 2, "length": 7, "distinctTargets": 6, "dispersion": 0.857, "pageRange": [59, 69], "steps": [{"page": 59, "referenceId": "ref_00142", "targetId": "gaz_via_merulana", "narrativePlaceId": "via_merulana", "gazetteerId": "gaz_via_merulana", "interpretationId": "interp_00165", "role": "Setting", "simultaneous": false}, {"page": 63, "referenceId": "ref_00148", "targetId": "gaz_genova", "narrativePlaceId": "genova", "gazetteerId": "gaz_genova", "interpretationId": "interp_00172", "role": "ProjectedSpace", "simultaneous": true}, {"page": 63, "referenceId": "ref_00149", "targetId": "gaz_via_nicotera", "narrativePlaceId": "via_nicotera", "gazetteerId": "gaz_via_nicotera", "interpretationId": "interp_00173", "role": "Marker", "simultaneous": true}, {"page": 67, "referenceId": "ref_00157", "targetId": "gaz_vado_ligure", "narrativePlaceId": "vado_ligure", "gazetteerId": "gaz_vado_ligure", "interpretationId": "interp_00181", "role": "ProjectedSpace", "simultaneous": true}, {"page": 67, "referenceId": "ref_00158", "targetId": "gaz_genova", "narrativePlaceId": "genova", "gazetteerId": "gaz_genova", "interpretationId": "interp_00182", "role": "ProjectedSpace", "simultaneous": true}, {"page": 69, "referenceId": "ref_00162", "targetId": "gaz_via_dei_banchi_vecchi", "narrativePlaceId": "via_dei_banchi_vecchi", "gazetteerId": "gaz_via_dei_banchi_vecchi", "interpretationId": "interp_00188", "role": "ProjectedSpace", "simultaneous": true}, {"page": 69, "referenceId": "ref_00163", "targetId": "gaz_regina_coeli", "narrativePlaceId": "regina_coeli", "gazetteerId": "gaz_regina_coeli", "interpretationId": "interp_00189", "role": "Marker", "simultaneous": true}]}, {"agentId": "remo_balducci", "agentName": "Remo Balducci", "chapterId": "capitolo_II", "chapter": 2, "length": 7, "distinctTargets": 5, "dispersion": 0.714, "pageRange": [65, 70], "steps": [{"page": 65, "referenceId": "ref_00152", "targetId": "gaz_milano", "narrativePlaceId": "milano", "gazetteerId": "gaz_milano", "interpretationId": "interp_00176", "role": "ProjectedSpace", "simultaneous": true}, {"page": 65, "referenceId": "ref_00153", "targetId": "gaz_verona", "narrativePlaceId": "verona", "gazetteerId": "gaz_verona", "interpretationId": "interp_00177", "role": "ProjectedSpace", "simultaneous": true}, {"page": 67, "referenceId": "ref_00159", "targetId": "cantinone_albano", "narrativePlaceId": "cantinone_albano", "gazetteerId": "gaz_albano_laziale", "interpretationId": "interp_00184", "role": "ProjectedSpace", "simultaneous": false}, {"page": 68, "referenceId": "ref_00160", "targetId": "cantinone_albano", "narrativePlaceId": "cantinone_albano", "gazetteerId": "gaz_albano_laziale", "interpretationId": "interp_00186", "role": "ProjectedSpace", "simultaneous": false}, {"page": 70, "referenceId": "ref_00164", "targetId": "gaz_milano", "narrativePlaceId": "milano", "gazetteerId": "gaz_milano", "interpretationId": "interp_00190", "role": "ProjectedSpace", "simultaneous": true}, {"page": 70, "referenceId": "ref_00165", "targetId": "gaz_padova", "narrativePlaceId": "padova", "gazetteerId": "gaz_padova", "interpretationId": "interp_00191", "role": "ProjectedSpace", "simultaneous": true}, {"page": 70, "referenceId": "ref_00166", "targetId": "gaz_bologna", "narrativePlaceId": "bologna", "gazetteerId": "gaz_bologna", "interpretationId": "interp_00192", "role": "ProjectedSpace", "simultaneous": true}]}, {"agentId": "bigliettaio_merlani", "agentName": "Bigliettaio Merlani", "chapterId": "capitolo_II", "chapter": 2, "length": 3, "distinctTargets": 3, "dispersion": 1.0, "pageRange": [56, 56], "steps": [{"page": 56, "referenceId": "ref_00129", "targetId": "gaz_due_santi", "narrativePlaceId": "due_santi", "gazetteerId": "gaz_due_santi", "interpretationId": "interp_00152", "role": null, "simultaneous": true}, {"page": 56, "referenceId": "ref_00130", "targetId": "gaz_torraccio", "narrativePlaceId": "torraccio", "gazetteerId": "gaz_torraccio", "interpretationId": "interp_00153", "role": null, "simultaneous": true}, {"page": 56, "referenceId": "ref_00131", "targetId": "gaz_frattocchie", "narrativePlaceId": "frattocchie", "gazetteerId": "gaz_frattocchie", "interpretationId": "interp_00154", "role": null, "simultaneous": true}]}, {"agentId": "luigia_zanchetti", "agentName": "Luigia Zanchetti", "chapterId": "capitolo_II", "chapter": 2, "length": 2, "distinctTargets": 1, "dispersion": 0.5, "pageRange": [65, 66], "steps": [{"page": 65, "referenceId": "ref_00151", "targetId": "gaz_sacro_cuore", "narrativePlaceId": "sacro_cuore", "gazetteerId": "gaz_sacro_cuore", "interpretationId": "interp_00175", "role": "Marker", "simultaneous": false}, {"page": 66, "referenceId": "ref_00155", "targetId": "gaz_sacro_cuore", "narrativePlaceId": "sacro_cuore", "gazetteerId": "gaz_sacro_cuore", "interpretationId": "interp_00179", "role": "Marker", "simultaneous": false}]}, {"agentId": "commendador_angeloni", "agentName": "Commendador Angeloni", "chapterId": "capitolo_II", "chapter": 2, "length": 2, "distinctTargets": 2, "dispersion": 1.0, "pageRange": [74, 74], "steps": [{"page": 74, "referenceId": "ref_00170", "targetId": "gaz_via_dei_serpenti", "narrativePlaceId": "via_dei_serpenti", "gazetteerId": "gaz_via_dei_serpenti", "interpretationId": "interp_00197", "role": "ProjectedSpace", "simultaneous": true}, {"page": 74, "referenceId": "ref_00171", "targetId": "gaz_via_panisperna", "narrativePlaceId": "via_panisperna", "gazetteerId": "gaz_via_panisperna", "interpretationId": "interp_00199", "role": "ProjectedSpace", "simultaneous": true}]}, {"agentId": "pompeo", "agentName": "Pompeo", "chapterId": "capitolo_III", "chapter": 3, "length": 15, "distinctTargets": 15, "dispersion": 1.0, "pageRange": [81, 81], "steps": [{"page": 81, "referenceId": "ref_00190", "targetId": "gaz_via_capo_dafrica", "narrativePlaceId": "via_capo_dafrica", "gazetteerId": "gaz_via_capo_dafrica", "interpretationId": "interp_00219", "role": "Marker", "simultaneous": true}, {"page": 81, "referenceId": "ref_00191", "targetId": "gaz_via_frangipane", "narrativePlaceId": "via_frangipane", "gazetteerId": "gaz_via_frangipane", "interpretationId": "interp_00220", "role": "Marker", "simultaneous": true}, {"page": 81, "referenceId": "ref_00192", "targetId": "gaz_via_degli_zingari", "narrativePlaceId": "via_degli_zingari", "gazetteerId": "gaz_via_degli_zingari", "interpretationId": "interp_00221", "role": "Marker", "simultaneous": true}, {"page": 81, "referenceId": "ref_00193", "targetId": "gaz_via_dei_capocci", "narrativePlaceId": "via_dei_capocci", "gazetteerId": "gaz_via_dei_capocci", "interpretationId": "interp_00222", "role": "Marker", "simultaneous": true}, {"page": 81, "referenceId": "ref_00194", "targetId": "gaz_vicolo_ciancaleoni", "narrativePlaceId": "vicolo_ciancaleoni", "gazetteerId": "gaz_vicolo_ciancaleoni", "interpretationId": "interp_00223", "role": "Marker", "simultaneous": true}, {"page": 81, "referenceId": "ref_00195", "targetId": "gaz_piazza_montanara", "narrativePlaceId": "piazza_montanara", "gazetteerId": "gaz_piazza_montanara", "interpretationId": "interp_00224", "role": "Marker", "simultaneous": true}, {"page": 81, "referenceId": "ref_00196", "targetId": "gaz_via_monte_caprino", "narrativePlaceId": "via_monte_caprino", "gazetteerId": "gaz_via_monte_caprino", "interpretationId": "interp_00225", "role": "Marker", "simultaneous": true}, {"page": 81, "referenceId": "ref_00197", "targetId": "gaz_vicolo_della_bucimazza", "narrativePlaceId": "vicolo_della_bucimazza", "gazetteerId": "gaz_vicolo_della_bucimazza", "interpretationId": "interp_00226", "role": "Marker", "simultaneous": true}, {"page": 81, "referenceId": "ref_00198", "targetId": "gaz_via_dei_fienili", "narrativePlaceId": "via_dei_fienili", "gazetteerId": "gaz_via_dei_fienili", "interpretationId": "interp_00227", "role": "Marker", "simultaneous": true}, {"page": 81, "referenceId": "ref_00199", "targetId": "gaz_palazzo_pio", "narrativePlaceId": "palazzo_pio", "gazetteerId": "gaz_palazzo_pio", "interpretationId": "interp_00228", "role": "Marker", "simultaneous": true}, {"page": 81, "referenceId": "ref_00200", "targetId": "gaz_santandrea_della_valle", "narrativePlaceId": "santandrea_della_valle", "gazetteerId": "gaz_santandrea_della_valle", "interpretationId": "interp_00229", "role": "Marker", "simultaneous": true}, {"page": 81, "referenceId": "ref_00201", "targetId": "gaz_via_di_grotta_pinta", "narrativePlaceId": "via_di_grotta_pinta", "gazetteerId": "gaz_via_di_grotta_pinta", "interpretationId": "interp_00230", "role": "Marker", "simultaneous": true}, {"page": 81, "referenceId": "ref_00202", "targetId": "gaz_via_di_ferro", "narrativePlaceId": "via_di_ferro", "gazetteerId": "gaz_via_di_ferro", "interpretationId": "interp_00231", "role": "Marker", "simultaneous": true}, {"page": 81, "referenceId": "ref_00203", "targetId": "gaz_vicolo_delle_grotte_del_teatro", "narrativePlaceId": "vicolo_delle_grotte_del_teatro", "gazetteerId": "gaz_vicolo_delle_grotte_del_teatro", "interpretationId": "interp_00232", "role": "Marker", "simultaneous": true}, {"page": 81, "referenceId": "ref_00204", "targetId": "gaz_piazza_pollarola", "narrativePlaceId": "piazza_pollarola", "gazetteerId": "gaz_piazza_pollarola", "interpretationId": "interp_00233", "role": "Marker", "simultaneous": true}]}, {"agentId": "narrator", "agentName": "narrator", "chapterId": "capitolo_III", "chapter": 3, "length": 7, "distinctTargets": 6, "dispersion": 0.857, "pageRange": [76, 90], "steps": [{"page": 76, "referenceId": "ref_00177", "targetId": "gaz_via_merulana", "narrativePlaceId": "via_merulana", "gazetteerId": "gaz_via_merulana", "interpretationId": "interp_00205", "role": "Setting", "simultaneous": true}, {"page": 76, "referenceId": "ref_00178", "targetId": "gaz_santo_stefano_rotondo", "narrativePlaceId": "santo_stefano_rotondo", "gazetteerId": "gaz_santo_stefano_rotondo", "interpretationId": "interp_00206", "role": "Setting", "simultaneous": true}, {"page": 76, "referenceId": "ref_00179", "targetId": "gaz_piazza_vittorio_emanuele", "narrativePlaceId": "piazza_vittorio_emanuele", "gazetteerId": "gaz_piazza_vittorio_emanuele", "interpretationId": "interp_00207", "role": "Marker", "simultaneous": true}, {"page": 77, "referenceId": "ref_00181", "targetId": "gaz_lungara", "narrativePlaceId": "lungara", "gazetteerId": "gaz_lungara", "interpretationId": "interp_00209", "role": "Marker", "simultaneous": false}, {"page": 83, "referenceId": "ref_00205", "targetId": "gaz_regina_coeli", "narrativePlaceId": "regina_coeli", "gazetteerId": "gaz_regina_coeli", "interpretationId": "interp_00234", "role": "Marker", "simultaneous": false}, {"page": 87, "referenceId": "ref_00209", "targetId": "gaz_via_merulana", "narrativePlaceId": "via_merulana", "gazetteerId": "gaz_via_merulana", "interpretationId": "interp_00239", "role": "Setting", "simultaneous": false}, {"page": 90, "referenceId": "ref_00212", "targetId": "gaz_via_dei_greci", "narrativePlaceId": "via_dei_greci", "gazetteerId": "gaz_via_dei_greci", "interpretationId": "interp_00242", "role": "Marker", "simultaneous": false}]}, {"agentId": "nerovestite", "agentName": "Nerovestite", "chapterId": "capitolo_III", "chapter": 3, "length": 6, "distinctTargets": 6, "dispersion": 1.0, "pageRange": [77, 77], "steps": [{"page": 77, "referenceId": "ref_00182", "targetId": "gaz_borgo_pio", "narrativePlaceId": "borgo_pio", "gazetteerId": "gaz_borgo_pio", "interpretationId": "interp_00210", "role": "Marker", "simultaneous": true}, {"page": 77, "referenceId": "ref_00183", "targetId": "gaz_borgo_vecchio", "narrativePlaceId": "borgo_vecchio", "gazetteerId": "gaz_borgo_vecchio", "interpretationId": "interp_00211", "role": "Marker", "simultaneous": true}, {"page": 77, "referenceId": "ref_00184", "targetId": "gaz_piazza_rusticucci", "narrativePlaceId": "piazza_rusticucci", "gazetteerId": "gaz_piazza_rusticucci", "interpretationId": "interp_00212", "role": "Marker", "simultaneous": true}, {"page": 77, "referenceId": "ref_00185", "targetId": "gaz_porta_angelica", "narrativePlaceId": "porta_angelica", "gazetteerId": "gaz_porta_angelica", "interpretationId": "interp_00213", "role": "Marker", "simultaneous": true}, {"page": 77, "referenceId": "ref_00186", "targetId": "gaz_santanna", "narrativePlaceId": "santanna", "gazetteerId": "gaz_santanna", "interpretationId": "interp_00214", "role": "Marker", "simultaneous": true}, {"page": 77, "referenceId": "ref_00187", "targetId": "gaz_piazza_san_pietro", "narrativePlaceId": "colonnato_san_pietro", "gazetteerId": "gaz_piazza_san_pietro", "interpretationId": "interp_00215", "role": "Marker", "simultaneous": true}]}, {"agentId": "giuliano_valdarena", "agentName": "Giuliano Valdarena", "chapterId": "capitolo_III", "chapter": 3, "length": 2, "distinctTargets": 2, "dispersion": 1.0, "pageRange": [83, 83], "steps": [{"page": 83, "referenceId": "ref_00206", "targetId": "gaz_genova", "narrativePlaceId": "genova", "gazetteerId": "gaz_genova", "interpretationId": "interp_00235", "role": "ProjectedSpace", "simultaneous": true}, {"page": 83, "referenceId": "ref_00207", "targetId": "gaz_via_nicotera", "narrativePlaceId": "via_nicotera", "gazetteerId": "gaz_via_nicotera", "interpretationId": "interp_00236", "role": "Marker", "simultaneous": true}]}, {"agentId": "commendador_angeloni", "agentName": "Commendador Angeloni", "chapterId": "capitolo_III", "chapter": 3, "length": 2, "distinctTargets": 2, "dispersion": 1.0, "pageRange": [87, 87], "steps": [{"page": 87, "referenceId": "ref_00210", "targetId": "gaz_santo_stefano_del_cacco_celio_santo_stefano", "narrativePlaceId": "santo_stefano_del_cacco_celio_santo_stefano", "gazetteerId": "gaz_santo_stefano_del_cacco_celio_santo_stefano", "interpretationId": "interp_00240", "role": "Setting", "simultaneous": true}, {"page": 87, "referenceId": "ref_00211", "targetId": "gaz_lungara", "narrativePlaceId": "lungara", "gazetteerId": "gaz_lungara", "interpretationId": "interp_00241", "role": "Setting", "simultaneous": true}]}, {"agentId": "liliana", "agentName": "Liliana Balducci", "chapterId": "capitolo_IV", "chapter": 4, "length": 20, "distinctTargets": 12, "dispersion": 0.6, "pageRange": [93, 126], "steps": [{"page": 93, "referenceId": "ref_00218", "targetId": "gaz_policlinico", "narrativePlaceId": "policlinico", "gazetteerId": "gaz_policlinico", "interpretationId": "interp_00248", "role": "Marker", "simultaneous": true}, {"page": 93, "referenceId": "ref_00219", "targetId": "gaz_via_merulana", "narrativePlaceId": "via_merulana", "gazetteerId": "gaz_via_merulana", "interpretationId": "interp_00249", "role": null, "simultaneous": true}, {"page": 93, "referenceId": "ref_00220", "targetId": "gaz_policlinico", "narrativePlaceId": "policlinico", "gazetteerId": "gaz_policlinico", "interpretationId": "interp_00250", "role": null, "simultaneous": true}, {"page": 95, "referenceId": "ref_00224", "targetId": "gaz_banca_commerciale_italiana", "narrativePlaceId": "banca_commerciale_italiana", "gazetteerId": "gaz_banca_commerciale_italiana", "interpretationId": "interp_00255", "role": "Marker", "simultaneous": true}, {"page": 95, "referenceId": "ref_00225", "targetId": "gaz_banco_di_santo_spirito", "narrativePlaceId": "banco_di_santo_spirito", "gazetteerId": "gaz_banco_di_santo_spirito", "interpretationId": "interp_00256", "role": "Marker", "simultaneous": true}, {"page": 97, "referenceId": "ref_00227", "targetId": "gaz_santi_quattro_coronati", "narrativePlaceId": "santi_quattro_coronati", "gazetteerId": "gaz_santi_quattro_coronati", "interpretationId": "interp_00258", "role": "ProjectedSpace", "simultaneous": false}, {"page": 102, "referenceId": "ref_00231", "targetId": "gaz_campo_de_fiori", "narrativePlaceId": "campo_de_fiori", "gazetteerId": "gaz_campo_de_fiori", "interpretationId": "interp_00263", "role": "ProjectedSpace", "simultaneous": false}, {"page": 103, "referenceId": "ref_00232", "targetId": "gaz_banca_commerciale_italiana", "narrativePlaceId": "banca_commerciale_italiana", "gazetteerId": "gaz_banca_commerciale_italiana", "interpretationId": "interp_00264", "role": "ProjectedSpace", "simultaneous": true}, {"page": 103, "referenceId": "ref_00233", "targetId": "gaz_piazza_vittorio_emanuele", "narrativePlaceId": "piazza_vittorio_emanuele", "gazetteerId": "gaz_piazza_vittorio_emanuele", "interpretationId": "interp_00265", "role": "Marker", "simultaneous": true}, {"page": 103, "referenceId": "ref_00234", "targetId": "gaz_via_carlo_alberto", "narrativePlaceId": "via_carlo_alberto", "gazetteerId": "gaz_via_carlo_alberto", "interpretationId": "interp_00266", "role": "Marker", "simultaneous": true}, {"page": 103, "referenceId": "ref_00235", "targetId": "gaz_banco_di_santo_spirito", "narrativePlaceId": "banco_di_santo_spirito", "gazetteerId": "gaz_banco_di_santo_spirito", "interpretationId": "interp_00267", "role": "ProjectedSpace", "simultaneous": true}, {"page": 103, "referenceId": "ref_00236", "targetId": "gaz_corso_umberto", "narrativePlaceId": "corso_umberto", "gazetteerId": "gaz_corso_umberto", "interpretationId": "interp_00268", "role": "Marker", "simultaneous": true}, {"page": 104, "referenceId": "ref_00237", "targetId": "palazzo_219", "narrativePlaceId": "palazzo_219", "gazetteerId": "gaz_via_merulana", "interpretationId": "interp_00269", "role": "ProjectedSpace", "simultaneous": true}, {"page": 104, "referenceId": "ref_00238", "targetId": "palazzo_219", "narrativePlaceId": "palazzo_219", "gazetteerId": "gaz_via_merulana", "interpretationId": "interp_00272", "role": "ProjectedSpace", "simultaneous": true}, {"page": 105, "referenceId": "ref_00240", "targetId": "palazzo_219", "narrativePlaceId": "palazzo_219", "gazetteerId": "gaz_via_merulana", "interpretationId": "interp_00274", "role": "ProjectedSpace", "simultaneous": true}, {"page": 105, "referenceId": "ref_00241", "targetId": "gaz_santi_quattro_coronati", "narrativePlaceId": "santi_quattro_coronati", "gazetteerId": "gaz_santi_quattro_coronati", "interpretationId": "interp_00276", "role": "ProjectedSpace", "simultaneous": true}, {"page": 107, "referenceId": "ref_00253", "targetId": "gaz_policlinico", "narrativePlaceId": "policlinico", "gazetteerId": "gaz_policlinico", "interpretationId": "interp_00291", "role": "ProjectedSpace", "simultaneous": false}, {"page": 126, "referenceId": "ref_00276", "targetId": "gaz_campo_marzio", "narrativePlaceId": "campo_marzio", "gazetteerId": "gaz_campo_marzio", "interpretationId": "interp_00318", "role": "Marker", "simultaneous": true}, {"page": 126, "referenceId": "ref_00277", "targetId": "gaz_campo_marzio", "narrativePlaceId": "campo_marzio", "gazetteerId": "gaz_campo_marzio", "interpretationId": "interp_00319", "role": "ProjectedSpace", "simultaneous": true}, {"page": 126, "referenceId": "ref_00278", "targetId": "gaz_piazza_san_lorenzo_in_lucina", "narrativePlaceId": "piazza_san_lorenzo_in_lucina", "gazetteerId": "gaz_piazza_san_lorenzo_in_lucina", "interpretationId": "interp_00321", "role": "ProjectedSpace", "simultaneous": true}]}, {"agentId": "remo_balducci", "agentName": "Remo Balducci", "chapterId": "capitolo_IV", "chapter": 4, "length": 17, "distinctTargets": 12, "dispersion": 0.706, "pageRange": [92, 119], "steps": [{"page": 92, "referenceId": "ref_00213", "targetId": "gaz_milano", "narrativePlaceId": "milano", "gazetteerId": "gaz_milano", "interpretationId": "interp_00243", "role": "ProjectedSpace", "simultaneous": true}, {"page": 92, "referenceId": "ref_00214", "targetId": "gaz_bologna", "narrativePlaceId": "bologna", "gazetteerId": "gaz_bologna", "interpretationId": "interp_00244", "role": "ProjectedSpace", "simultaneous": true}, {"page": 92, "referenceId": "ref_00215", "targetId": "gaz_vicenza", "narrativePlaceId": "vicenza", "gazetteerId": "gaz_vicenza", "interpretationId": "interp_00245", "role": "ProjectedSpace", "simultaneous": true}, {"page": 92, "referenceId": "ref_00216", "targetId": "gaz_padova", "narrativePlaceId": "padova", "gazetteerId": "gaz_padova", "interpretationId": "interp_00246", "role": "ProjectedSpace", "simultaneous": true}, {"page": 92, "referenceId": "ref_00217", "targetId": "gaz_termini", "narrativePlaceId": "termini", "gazetteerId": "gaz_termini", "interpretationId": "interp_00247", "role": "Marker", "simultaneous": true}, {"page": 95, "referenceId": "ref_00226", "targetId": "gaz_termini", "narrativePlaceId": "termini", "gazetteerId": "gaz_termini", "interpretationId": "interp_00257", "role": "Marker", "simultaneous": false}, {"page": 97, "referenceId": "ref_00227", "targetId": "gaz_santi_quattro_coronati", "narrativePlaceId": "santi_quattro_coronati", "gazetteerId": "gaz_santi_quattro_coronati", "interpretationId": "interp_00259", "role": "ProjectedSpace", "simultaneous": false}, {"page": 102, "referenceId": "ref_00230", "targetId": "gaz_santo_stefano_del_cacco_celio_santo_stefano", "narrativePlaceId": "santo_stefano_del_cacco_celio_santo_stefano", "gazetteerId": "gaz_santo_stefano_del_cacco_celio_santo_stefano", "interpretationId": "interp_00262", "role": "Setting", "simultaneous": false}, {"page": 104, "referenceId": "ref_00238", "targetId": "palazzo_219", "narrativePlaceId": "palazzo_219", "gazetteerId": "gaz_via_merulana", "interpretationId": "interp_00271", "role": "ProjectedSpace", "simultaneous": true}, {"page": 104, "referenceId": "ref_00239", "targetId": "gaz_via_merulana", "narrativePlaceId": "via_merulana", "gazetteerId": "gaz_via_merulana", "interpretationId": "interp_00273", "role": "ProjectedSpace", "simultaneous": true}, {"page": 105, "referenceId": "ref_00240", "targetId": "palazzo_219", "narrativePlaceId": "palazzo_219", "gazetteerId": "gaz_via_merulana", "interpretationId": "interp_00275", "role": "ProjectedSpace", "simultaneous": true}, {"page": 105, "referenceId": "ref_00241", "targetId": "gaz_santi_quattro_coronati", "narrativePlaceId": "santi_quattro_coronati", "gazetteerId": "gaz_santi_quattro_coronati", "interpretationId": "interp_00277", "role": "ProjectedSpace", "simultaneous": true}, {"page": 105, "referenceId": "ref_00242", "targetId": "palazzo_219", "narrativePlaceId": "palazzo_219", "gazetteerId": "gaz_via_merulana", "interpretationId": "interp_00278", "role": "ProjectedSpace", "simultaneous": true}, {"page": 105, "referenceId": "ref_00243", "targetId": "gaz_prati_di_castello", "narrativePlaceId": "quartierino_prati", "gazetteerId": "gaz_prati_di_castello", "interpretationId": "interp_00279", "role": "ProjectedSpace", "simultaneous": true}, {"page": 105, "referenceId": "ref_00244", "targetId": "villino_lungotevere", "narrativePlaceId": "villino_lungotevere", "gazetteerId": "gaz_lungotevere_prati", "interpretationId": "interp_00280", "role": "ProjectedSpace", "simultaneous": true}, {"page": 105, "referenceId": "ref_00245", "targetId": "gaz_dazeglio", "narrativePlaceId": "dazeglio", "gazetteerId": "gaz_dazeglio", "interpretationId": "interp_00281", "role": "Marker", "simultaneous": true}, {"page": 119, "referenceId": "ref_00273", "targetId": "gaz_santo_stefano_del_cacco_celio_santo_stefano", "narrativePlaceId": "santo_stefano_del_cacco_celio_santo_stefano", "gazetteerId": "gaz_santo_stefano_del_cacco_celio_santo_stefano", "interpretationId": "interp_00313", "role": "Setting", "simultaneous": false}]}, {"agentId": "giuliano_valdarena", "agentName": "Giuliano Valdarena", "chapterId": "capitolo_IV", "chapter": 4, "length": 9, "distinctTargets": 6, "dispersion": 0.667, "pageRange": [98, 128], "steps": [{"page": 98, "referenceId": "ref_00229", "targetId": "gaz_collegio_romano", "narrativePlaceId": "collegio_romano", "gazetteerId": "gaz_collegio_romano", "interpretationId": "interp_00261", "role": "Setting", "simultaneous": false}, {"page": 116, "referenceId": "ref_00270", "targetId": "gaz_prati", "narrativePlaceId": "prati", "gazetteerId": "gaz_prati", "interpretationId": "interp_00308", "role": "Marker", "simultaneous": true}, {"page": 116, "referenceId": "ref_00271", "targetId": "gaz_via_nicotera", "narrativePlaceId": "via_nicotera", "gazetteerId": "gaz_via_nicotera", "interpretationId": "interp_00309", "role": "Marker", "simultaneous": true}, {"page": 116, "referenceId": "ref_00271", "targetId": "gaz_via_nicotera", "narrativePlaceId": "via_nicotera", "gazetteerId": "gaz_via_nicotera", "interpretationId": "interp_00310", "role": "Setting", "simultaneous": true}, {"page": 119, "referenceId": "ref_00274", "targetId": "gaz_via_nicotera", "narrativePlaceId": "via_nicotera", "gazetteerId": "gaz_via_nicotera", "interpretationId": "interp_00314", "role": "Setting", "simultaneous": false}, {"page": 121, "referenceId": "ref_00275", "targetId": "gaz_via_del_corso", "narrativePlaceId": "via_del_corso", "gazetteerId": "gaz_via_del_corso", "interpretationId": "interp_00317", "role": "ProjectedSpace", "simultaneous": false}, {"page": 126, "referenceId": "ref_00277", "targetId": "gaz_campo_marzio", "narrativePlaceId": "campo_marzio", "gazetteerId": "gaz_campo_marzio", "interpretationId": "interp_00320", "role": "ProjectedSpace", "simultaneous": true}, {"page": 126, "referenceId": "ref_00278", "targetId": "gaz_piazza_san_lorenzo_in_lucina", "narrativePlaceId": "piazza_san_lorenzo_in_lucina", "gazetteerId": "gaz_piazza_san_lorenzo_in_lucina", "interpretationId": "interp_00322", "role": "ProjectedSpace", "simultaneous": true}, {"page": 128, "referenceId": "ref_00279", "targetId": "gaz_campo_marzio", "narrativePlaceId": "campo_marzio", "gazetteerId": "gaz_campo_marzio", "interpretationId": "interp_00323", "role": "ProjectedSpace", "simultaneous": false}]}, {"agentId": "don_lorenzo_corpi", "agentName": "Don Lorenzo Corpi", "chapterId": "capitolo_IV", "chapter": 4, "length": 9, "distinctTargets": 9, "dispersion": 1.0, "pageRange": [106, 107], "steps": [{"page": 106, "referenceId": "ref_00246", "targetId": "gaz_via_merulana", "narrativePlaceId": "via_merulana", "gazetteerId": "gaz_via_merulana", "interpretationId": "interp_00282", "role": "ProjectedSpace", "simultaneous": true}, {"page": 106, "referenceId": "ref_00247", "targetId": "gaz_santo_stefano_del_cacco_celio_santo_stefano", "narrativePlaceId": "santo_stefano_del_cacco_celio_santo_stefano", "gazetteerId": "gaz_santo_stefano_del_cacco_celio_santo_stefano", "interpretationId": "interp_00284", "role": "Setting", "simultaneous": true}, {"page": 106, "referenceId": "ref_00248", "targetId": "gaz_aventino", "narrativePlaceId": "aventino", "gazetteerId": "gaz_aventino", "interpretationId": "interp_00285", "role": "Marker", "simultaneous": true}, {"page": 106, "referenceId": "ref_00249", "targetId": "gaz_celio", "narrativePlaceId": "celio", "gazetteerId": "gaz_celio", "interpretationId": "interp_00286", "role": "Marker", "simultaneous": true}, {"page": 107, "referenceId": "ref_00250", "targetId": "roccafringoli", "narrativePlaceId": "roccafringoli", "gazetteerId": "gaz_monte_manno", "interpretationId": "interp_00287", "role": "ProjectedSpace", "simultaneous": true}, {"page": 107, "referenceId": "ref_00251", "targetId": "gaz_monte_manno", "narrativePlaceId": "monte_manno", "gazetteerId": "gaz_monte_manno", "interpretationId": "interp_00288", "role": "ProjectedSpace", "simultaneous": true}, {"page": 107, "referenceId": "ref_00252", "targetId": "gaz_palestrina", "narrativePlaceId": "palestrina", "gazetteerId": "gaz_palestrina", "interpretationId": "interp_00289", "role": "ProjectedSpace", "simultaneous": true}, {"page": 107, "referenceId": "ref_00253", "targetId": "gaz_policlinico", "narrativePlaceId": "policlinico", "gazetteerId": "gaz_policlinico", "interpretationId": "interp_00290", "role": "ProjectedSpace", "simultaneous": true}, {"page": 107, "referenceId": "ref_00254", "targetId": "gaz_banco_di_santo_spirito", "narrativePlaceId": "banco_di_santo_spirito", "gazetteerId": "gaz_banco_di_santo_spirito", "interpretationId": "interp_00292", "role": "ProjectedSpace", "simultaneous": true}]}, {"agentId": "irene_spinaci", "agentName": "Irene Spinaci", "chapterId": "capitolo_IV", "chapter": 4, "length": 5, "distinctTargets": 4, "dispersion": 0.8, "pageRange": [109, 111], "steps": [{"page": 109, "referenceId": "ref_00258", "targetId": "gaz_tivoli", "narrativePlaceId": "tivoli", "gazetteerId": "gaz_tivoli", "interpretationId": "interp_00296", "role": "Marker", "simultaneous": true}, {"page": 109, "referenceId": "ref_00259", "targetId": "gaz_zagarolo", "narrativePlaceId": "zagarolo", "gazetteerId": "gaz_zagarolo", "interpretationId": "interp_00297", "role": "Marker", "simultaneous": true}, {"page": 109, "referenceId": "ref_00260", "targetId": "gaz_zagarolo", "narrativePlaceId": "zagarolo", "gazetteerId": "gaz_zagarolo", "interpretationId": "interp_00298", "role": "Marker", "simultaneous": true}, {"page": 110, "referenceId": "ref_00261", "targetId": "gaz_villa_deste", "narrativePlaceId": "villa_deste", "gazetteerId": "gaz_villa_deste", "interpretationId": "interp_00299", "role": "Marker", "simultaneous": false}, {"page": 111, "referenceId": "ref_00262", "targetId": "gaz_villa_gregoriana", "narrativePlaceId": "villa_gregoriana", "gazetteerId": "gaz_villa_gregoriana", "interpretationId": "interp_00300", "role": "Marker", "simultaneous": false}]}, {"agentId": "padre_domenico", "agentName": "Padre Domenico", "chapterId": "capitolo_IV", "chapter": 4, "length": 4, "distinctTargets": 3, "dispersion": 0.75, "pageRange": [110, 110], "steps": [{"page": 110, "referenceId": "ref_00263", "targetId": "gaz_aniene", "narrativePlaceId": "aniene", "gazetteerId": "gaz_aniene", "interpretationId": "interp_00301", "role": "ProjectedSpace", "simultaneous": true}, {"page": 110, "referenceId": "ref_00264", "targetId": "gaz_aniene", "narrativePlaceId": "aniene", "gazetteerId": "gaz_aniene", "interpretationId": "interp_00302", "role": "ProjectedSpace", "simultaneous": true}, {"page": 110, "referenceId": "ref_00265", "targetId": "gaz_filettino", "narrativePlaceId": "filettino", "gazetteerId": "gaz_filettino", "interpretationId": "interp_00303", "role": "ProjectedSpace", "simultaneous": true}, {"page": 110, "referenceId": "ref_00266", "targetId": "gaz_villa_gregoriana", "narrativePlaceId": "villa_gregoriana", "gazetteerId": "gaz_villa_gregoriana", "interpretationId": "interp_00304", "role": "ProjectedSpace", "simultaneous": true}]}, {"agentId": "mussolini", "agentName": "Mussolini", "chapterId": "capitolo_IV", "chapter": 4, "length": 3, "distinctTargets": 1, "dispersion": 0.333, "pageRange": [93, 115], "steps": [{"page": 93, "referenceId": "ref_00222", "targetId": "gaz_palazzo_chigi", "narrativePlaceId": "palazzo_chigi", "gazetteerId": "gaz_palazzo_chigi", "interpretationId": "interp_00252", "role": "Marker", "simultaneous": false}, {"page": 97, "referenceId": "ref_00228", "targetId": "gaz_palazzo_chigi", "narrativePlaceId": "palazzo_chigi", "gazetteerId": "gaz_palazzo_chigi", "interpretationId": "interp_00260", "role": "Marker", "simultaneous": false}, {"page": 115, "referenceId": "ref_00269", "targetId": "gaz_palazzo_chigi", "narrativePlaceId": "palazzo_chigi", "gazetteerId": "gaz_palazzo_chigi", "interpretationId": "interp_00307", "role": "Marker", "simultaneous": false}]}, {"agentId": "luigia_zanchetti", "agentName": "Luigia Zanchetti", "chapterId": "capitolo_IV", "chapter": 4, "length": 2, "distinctTargets": 1, "dispersion": 0.5, "pageRange": [108, 108], "steps": [{"page": 108, "referenceId": "ref_00256", "targetId": "gaz_zagarolo", "narrativePlaceId": "zagarolo", "gazetteerId": "gaz_zagarolo", "interpretationId": "interp_00294", "role": "ProjectedSpace", "simultaneous": true}, {"page": 108, "referenceId": "ref_00257", "targetId": "gaz_zagarolo", "narrativePlaceId": "zagarolo", "gazetteerId": "gaz_zagarolo", "interpretationId": "interp_00295", "role": "Marker", "simultaneous": true}]}, {"agentId": "maresciallo_di_pietrantonio", "agentName": "Maresciallo Di Pietrantonio", "chapterId": "capitolo_IV", "chapter": 4, "length": 2, "distinctTargets": 1, "dispersion": 0.5, "pageRange": [116, 119], "steps": [{"page": 116, "referenceId": "ref_00272", "targetId": "gaz_via_nicotera", "narrativePlaceId": "via_nicotera", "gazetteerId": "gaz_via_nicotera", "interpretationId": "interp_00311", "role": "Setting", "simultaneous": false}, {"page": 119, "referenceId": "ref_00274", "targetId": "gaz_via_nicotera", "narrativePlaceId": "via_nicotera", "gazetteerId": "gaz_via_nicotera", "interpretationId": "interp_00315", "role": "Setting", "simultaneous": false}]}, {"agentId": "agente_paolillo", "agentName": "Agente Paolillo", "chapterId": "capitolo_IV", "chapter": 4, "length": 2, "distinctTargets": 1, "dispersion": 0.5, "pageRange": [116, 119], "steps": [{"page": 116, "referenceId": "ref_00272", "targetId": "gaz_via_nicotera", "narrativePlaceId": "via_nicotera", "gazetteerId": "gaz_via_nicotera", "interpretationId": "interp_00312", "role": "Setting", "simultaneous": false}, {"page": 119, "referenceId": "ref_00274", "targetId": "gaz_via_nicotera", "narrativePlaceId": "via_nicotera", "gazetteerId": "gaz_via_nicotera", "interpretationId": "interp_00316", "role": "Setting", "simultaneous": false}]}, {"agentId": "pestalozzi", "agentName": "Pestalozzi", "chapterId": "capitolo_IX", "chapter": 9, "length": 19, "distinctTargets": 13, "dispersion": 0.684, "pageRange": [238, 274], "steps": [{"page": 238, "referenceId": "ref_00572", "targetId": "ponte_divino_amore", "narrativePlaceId": "ponte_divino_amore", "gazetteerId": "gaz_ponte_divino_amore", "interpretationId": "interp_00686", "role": "ProjectedSpace", "simultaneous": true}, {"page": 238, "referenceId": "ref_00573", "targetId": "gaz_via_appia", "narrativePlaceId": "via_appia", "gazetteerId": "gaz_via_appia", "interpretationId": "interp_00689", "role": null, "simultaneous": true}, {"page": 238, "referenceId": "ref_00574", "targetId": "gaz_falcognana", "narrativePlaceId": "falcognana", "gazetteerId": "gaz_falcognana", "interpretationId": "interp_00692", "role": null, "simultaneous": true}, {"page": 239, "referenceId": "ref_00581", "targetId": "gaz_via_della_falcognana", "narrativePlaceId": "bivio_falcognana_casal_bruciato", "gazetteerId": "gaz_via_della_falcognana", "interpretationId": "interp_00705", "role": "Marker", "simultaneous": false}, {"page": 241, "referenceId": "ref_00586", "targetId": "casello_km_20_25", "narrativePlaceId": "casello_km_20_25", "gazetteerId": "gaz_casal_bruciato", "interpretationId": "interp_00710", "role": "Setting", "simultaneous": false}, {"page": 242, "referenceId": "ref_00592", "targetId": "casello_km_20_25", "narrativePlaceId": "casello_km_20_25", "gazetteerId": "gaz_casal_bruciato", "interpretationId": "interp_00718", "role": "Setting", "simultaneous": false}, {"page": 247, "referenceId": "ref_00596", "targetId": "laboratorio_zamira", "narrativePlaceId": "laboratorio_zamira", "gazetteerId": "gaz_due_santi", "interpretationId": "interp_00723", "role": "ProjectedSpace", "simultaneous": true}, {"page": 247, "referenceId": "ref_00597", "targetId": "gaz_due_santi", "narrativePlaceId": "due_santi", "gazetteerId": "gaz_due_santi", "interpretationId": "interp_00724", "role": "ProjectedSpace", "simultaneous": true}, {"page": 249, "referenceId": "ref_00599", "targetId": "casello_km_20_25", "narrativePlaceId": "casello_km_20_25", "gazetteerId": "gaz_casal_bruciato", "interpretationId": "interp_00728", "role": "Setting", "simultaneous": true}, {"page": 249, "referenceId": "ref_00600", "targetId": "camera_casello", "narrativePlaceId": "camera_casello", "gazetteerId": null, "interpretationId": "interp_00731", "role": "Setting", "simultaneous": true}, {"page": 257, "referenceId": "ref_00601", "targetId": "gaz_marino", "narrativePlaceId": "marino", "gazetteerId": "gaz_marino", "interpretationId": "interp_00733", "role": "ProjectedSpace", "simultaneous": false}, {"page": 258, "referenceId": "ref_00602", "targetId": "tenenza_carabinieri_marino", "narrativePlaceId": "tenenza_carabinieri_marino", "gazetteerId": "gaz_marino", "interpretationId": "interp_00734", "role": "ProjectedSpace", "simultaneous": true}, {"page": 258, "referenceId": "ref_00603", "targetId": "gaz_marino", "narrativePlaceId": "marino", "gazetteerId": "gaz_marino", "interpretationId": "interp_00735", "role": "ProjectedSpace", "simultaneous": true}, {"page": 258, "referenceId": "ref_00604", "targetId": "gaz_santo_stefano_del_cacco_celio_santo_stefano", "narrativePlaceId": "santo_stefano_del_cacco_celio_santo_stefano", "gazetteerId": "gaz_santo_stefano_del_cacco_celio_santo_stefano", "interpretationId": "interp_00736", "role": "ProjectedSpace", "simultaneous": true}, {"page": 263, "referenceId": "ref_00616", "targetId": "gaz_via_della_falcognana", "narrativePlaceId": "bivio_falcognana_casal_bruciato", "gazetteerId": "gaz_via_della_falcognana", "interpretationId": "interp_00751", "role": "Setting", "simultaneous": false}, {"page": 273, "referenceId": "ref_00628", "targetId": "gaz_castelli_romani", "narrativePlaceId": "castelli_romani", "gazetteerId": "gaz_castelli_romani", "interpretationId": "interp_00770", "role": "ProjectedSpace", "simultaneous": true}, {"page": 273, "referenceId": "ref_00629", "targetId": "gaz_via_appia", "narrativePlaceId": "via_appia", "gazetteerId": "gaz_via_appia", "interpretationId": "interp_00771", "role": "ProjectedSpace", "simultaneous": true}, {"page": 273, "referenceId": "ref_00630", "targetId": "gaz_via_anziate", "narrativePlaceId": "via_anziate", "gazetteerId": "gaz_via_anziate", "interpretationId": "interp_00773", "role": "ProjectedSpace", "simultaneous": true}, {"page": 274, "referenceId": "ref_00641", "targetId": "gaz_via_anziate", "narrativePlaceId": "via_anziate", "gazetteerId": "gaz_via_anziate", "interpretationId": "interp_00787", "role": "Marker", "simultaneous": false}]}, {"agentId": "enea_retalli", "agentName": "Enea Retalli", "chapterId": "capitolo_IX", "chapter": 9, "length": 16, "distinctTargets": 13, "dispersion": 0.812, "pageRange": [269, 275], "steps": [{"page": 269, "referenceId": "ref_00621", "targetId": "casello_km_20_25", "narrativePlaceId": "casello_km_20_25", "gazetteerId": "gaz_casal_bruciato", "interpretationId": "interp_00760", "role": "ProjectedSpace", "simultaneous": false}, {"page": 271, "referenceId": "ref_00627", "targetId": "gaz_torraccio", "narrativePlaceId": "torraccio", "gazetteerId": "gaz_torraccio", "interpretationId": "interp_00769", "role": "ProjectedSpace", "simultaneous": false}, {"page": 273, "referenceId": "ref_00629", "targetId": "gaz_via_appia", "narrativePlaceId": "via_appia", "gazetteerId": "gaz_via_appia", "interpretationId": "interp_00772", "role": "ProjectedSpace", "simultaneous": true}, {"page": 273, "referenceId": "ref_00630", "targetId": "gaz_via_anziate", "narrativePlaceId": "via_anziate", "gazetteerId": "gaz_via_anziate", "interpretationId": "interp_00774", "role": "ProjectedSpace", "simultaneous": true}, {"page": 274, "referenceId": "ref_00631", "targetId": "casello_km_20_25", "narrativePlaceId": "casello_km_20_25", "gazetteerId": "gaz_casal_bruciato", "interpretationId": "interp_00775", "role": "ProjectedSpace", "simultaneous": true}, {"page": 274, "referenceId": "ref_00632", "targetId": "gaz_casal_bruciato", "narrativePlaceId": "casal_bruciato", "gazetteerId": "gaz_casal_bruciato", "interpretationId": "interp_00776", "role": "ProjectedSpace", "simultaneous": true}, {"page": 274, "referenceId": "ref_00633", "targetId": "gaz_via_ardeatina", "narrativePlaceId": "via_ardeatina", "gazetteerId": "gaz_via_ardeatina", "interpretationId": "interp_00777", "role": "ProjectedSpace", "simultaneous": true}, {"page": 274, "referenceId": "ref_00634", "targetId": "gaz_ardea", "narrativePlaceId": "ardea", "gazetteerId": "gaz_ardea", "interpretationId": "interp_00778", "role": "ProjectedSpace", "simultaneous": true}, {"page": 274, "referenceId": "ref_00635", "targetId": "gaz_direttissima_roma_napoli", "narrativePlaceId": "direttissima_roma_napoli", "gazetteerId": "gaz_direttissima_roma_napoli", "interpretationId": "interp_00779", "role": "ProjectedSpace", "simultaneous": true}, {"page": 274, "referenceId": "ref_00636", "targetId": "gaz_santa_palomba", "narrativePlaceId": "santa_palomba", "gazetteerId": "gaz_santa_palomba", "interpretationId": "interp_00780", "role": "ProjectedSpace", "simultaneous": true}, {"page": 274, "referenceId": "ref_00637", "targetId": "gaz_solforata", "narrativePlaceId": "solforata", "gazetteerId": "gaz_solforata", "interpretationId": "interp_00781", "role": "ProjectedSpace", "simultaneous": true}, {"page": 274, "referenceId": "ref_00638", "targetId": "gaz_pratica_di_mare", "narrativePlaceId": "pratica_di_mare", "gazetteerId": "gaz_pratica_di_mare", "interpretationId": "interp_00782", "role": "ProjectedSpace", "simultaneous": true}, {"page": 274, "referenceId": "ref_00639", "targetId": "gaz_anzio", "narrativePlaceId": "anzio", "gazetteerId": "gaz_anzio", "interpretationId": "interp_00783", "role": "ProjectedSpace", "simultaneous": true}, {"page": 274, "referenceId": "ref_00640", "targetId": "gaz_ostia", "narrativePlaceId": "ostia", "gazetteerId": "gaz_ostia", "interpretationId": "interp_00784", "role": "ProjectedSpace", "simultaneous": true}, {"page": 274, "referenceId": "ref_00642", "targetId": "casello_km_20_25", "narrativePlaceId": "casello_km_20_25", "gazetteerId": "gaz_casal_bruciato", "interpretationId": "interp_00789", "role": "ProjectedSpace", "simultaneous": true}, {"page": 275, "referenceId": "ref_00643", "targetId": "casello_km_20_25", "narrativePlaceId": "casello_km_20_25", "gazetteerId": "gaz_casal_bruciato", "interpretationId": "interp_00790", "role": "ProjectedSpace", "simultaneous": false}]}, {"agentId": "camilla_mattonari", "agentName": "Camilla Mattonari", "chapterId": "capitolo_IX", "chapter": 9, "length": 15, "distinctTargets": 8, "dispersion": 0.533, "pageRange": [238, 275], "steps": [{"page": 238, "referenceId": "ref_00576", "targetId": "gaz_via_della_falcognana", "narrativePlaceId": "via_della_falcognana", "gazetteerId": "gaz_via_della_falcognana", "interpretationId": "interp_00697", "role": "ProjectedSpace", "simultaneous": false}, {"page": 247, "referenceId": "ref_00597", "targetId": "gaz_due_santi", "narrativePlaceId": "due_santi", "gazetteerId": "gaz_due_santi", "interpretationId": "interp_00725", "role": "ProjectedSpace", "simultaneous": false}, {"page": 249, "referenceId": "ref_00599", "targetId": "casello_km_20_25", "narrativePlaceId": "casello_km_20_25", "gazetteerId": "gaz_casal_bruciato", "interpretationId": "interp_00727", "role": "Setting", "simultaneous": true}, {"page": 249, "referenceId": "ref_00600", "targetId": "camera_casello", "narrativePlaceId": "camera_casello", "gazetteerId": null, "interpretationId": "interp_00730", "role": "Setting", "simultaneous": true}, {"page": 259, "referenceId": "ref_00607", "targetId": "tenenza_carabinieri_marino", "narrativePlaceId": "tenenza_carabinieri_marino", "gazetteerId": "gaz_marino", "interpretationId": "interp_00740", "role": "ProjectedSpace", "simultaneous": false}, {"page": 261, "referenceId": "ref_00608", "targetId": "gaz_via_veneto", "narrativePlaceId": "via_veneto", "gazetteerId": "gaz_via_veneto", "interpretationId": "interp_00741", "role": "ProjectedSpace", "simultaneous": false}, {"page": 262, "referenceId": "ref_00611", "targetId": "casello_km_20_25", "narrativePlaceId": "casello_km_20_25", "gazetteerId": "gaz_casal_bruciato", "interpretationId": "interp_00744", "role": "ProjectedSpace", "simultaneous": true}, {"page": 262, "referenceId": "ref_00612", "targetId": "tenenza_carabinieri_marino", "narrativePlaceId": "tenenza_carabinieri_marino", "gazetteerId": "gaz_marino", "interpretationId": "interp_00745", "role": "ProjectedSpace", "simultaneous": true}, {"page": 262, "referenceId": "ref_00613", "targetId": "casello_km_20_25", "narrativePlaceId": "casello_km_20_25", "gazetteerId": "gaz_casal_bruciato", "interpretationId": "interp_00747", "role": "ProjectedSpace", "simultaneous": true}, {"page": 263, "referenceId": "ref_00616", "targetId": "gaz_via_della_falcognana", "narrativePlaceId": "bivio_falcognana_casal_bruciato", "gazetteerId": "gaz_via_della_falcognana", "interpretationId": "interp_00754", "role": "Setting", "simultaneous": false}, {"page": 265, "referenceId": "ref_00617", "targetId": "gaz_regina_coeli", "narrativePlaceId": "regina_coeli", "gazetteerId": "gaz_regina_coeli", "interpretationId": "interp_00755", "role": "ProjectedSpace", "simultaneous": false}, {"page": 266, "referenceId": "ref_00618", "targetId": "tenenza_carabinieri_marino", "narrativePlaceId": "tenenza_carabinieri_marino", "gazetteerId": "gaz_marino", "interpretationId": "interp_00756", "role": "ProjectedSpace", "simultaneous": false}, {"page": 269, "referenceId": "ref_00621", "targetId": "casello_km_20_25", "narrativePlaceId": "casello_km_20_25", "gazetteerId": "gaz_casal_bruciato", "interpretationId": "interp_00761", "role": "ProjectedSpace", "simultaneous": false}, {"page": 274, "referenceId": "ref_00641", "targetId": "gaz_via_anziate", "narrativePlaceId": "via_anziate", "gazetteerId": "gaz_via_anziate", "interpretationId": "interp_00785", "role": "Marker", "simultaneous": false}, {"page": 275, "referenceId": "ref_00643", "targetId": "casello_km_20_25", "narrativePlaceId": "casello_km_20_25", "gazetteerId": "gaz_casal_bruciato", "interpretationId": "interp_00791", "role": "ProjectedSpace", "simultaneous": false}]}, {"agentId": "narrator", "agentName": "narrator", "chapterId": "capitolo_IX", "chapter": 9, "length": 13, "distinctTargets": 9, "dispersion": 0.692, "pageRange": [239, 245], "steps": [{"page": 239, "referenceId": "ref_00578", "targetId": "gaz_divino_amore", "narrativePlaceId": "divino_amore", "gazetteerId": "gaz_divino_amore", "interpretationId": "interp_00702", "role": "Marker", "simultaneous": true}, {"page": 239, "referenceId": "ref_00579", "targetId": "gaz_castel_di_leva", "narrativePlaceId": "castel_di_leva", "gazetteerId": "gaz_castel_di_leva", "interpretationId": "interp_00703", "role": "Marker", "simultaneous": true}, {"page": 239, "referenceId": "ref_00580", "targetId": "ponte_divino_amore", "narrativePlaceId": "ponte_divino_amore", "gazetteerId": "gaz_ponte_divino_amore", "interpretationId": "interp_00704", "role": "Setting", "simultaneous": true}, {"page": 240, "referenceId": "ref_00582", "targetId": "gaz_via_della_falcognana", "narrativePlaceId": "via_della_falcognana", "gazetteerId": "gaz_via_della_falcognana", "interpretationId": "interp_00706", "role": "Marker", "simultaneous": true}, {"page": 240, "referenceId": "ref_00583", "targetId": "ponte_divino_amore", "narrativePlaceId": "ponte_divino_amore", "gazetteerId": "gaz_ponte_divino_amore", "interpretationId": "interp_00707", "role": "Marker", "simultaneous": true}, {"page": 240, "referenceId": "ref_00584", "targetId": "gaz_ferrovia_roma_velletri", "narrativePlaceId": "ferrovia_roma_velletri", "gazetteerId": "gaz_ferrovia_roma_velletri", "interpretationId": "interp_00708", "role": "Marker", "simultaneous": true}, {"page": 240, "referenceId": "ref_00585", "targetId": "gaz_casal_bruciato", "narrativePlaceId": "casal_bruciato", "gazetteerId": "gaz_casal_bruciato", "interpretationId": "interp_00709", "role": "Marker", "simultaneous": true}, {"page": 241, "referenceId": "ref_00588", "targetId": "gaz_frattocchie", "narrativePlaceId": "frattocchie", "gazetteerId": "gaz_frattocchie", "interpretationId": "interp_00713", "role": "Marker", "simultaneous": true}, {"page": 241, "referenceId": "ref_00589", "targetId": "casello_km_20_25", "narrativePlaceId": "casello_km_20_25", "gazetteerId": "gaz_casal_bruciato", "interpretationId": "interp_00714", "role": "Marker", "simultaneous": true}, {"page": 241, "referenceId": "ref_00590", "targetId": "casello_km_20_25", "narrativePlaceId": "casello_km_20_25", "gazetteerId": "gaz_casal_bruciato", "interpretationId": "interp_00715", "role": "Marker", "simultaneous": true}, {"page": 243, "referenceId": "ref_00593", "targetId": "gaz_ciampino", "narrativePlaceId": "ciampino", "gazetteerId": "gaz_ciampino", "interpretationId": "interp_00720", "role": "ProjectedSpace", "simultaneous": false}, {"page": 245, "referenceId": "ref_00594", "targetId": "ponte_divino_amore", "narrativePlaceId": "ponte_divino_amore", "gazetteerId": "gaz_ponte_divino_amore", "interpretationId": "interp_00721", "role": "ProjectedSpace", "simultaneous": true}, {"page": 245, "referenceId": "ref_00595", "targetId": "casello_km_20_25", "narrativePlaceId": "casello_km_20_25", "gazetteerId": "gaz_casal_bruciato", "interpretationId": "interp_00722", "role": "Setting", "simultaneous": true}]}, {"agentId": "cocullo", "agentName": "Cocullo", "chapterId": "capitolo_IX", "chapter": 9, "length": 12, "distinctTargets": 9, "dispersion": 0.75, "pageRange": [238, 274], "steps": [{"page": 238, "referenceId": "ref_00572", "targetId": "ponte_divino_amore", "narrativePlaceId": "ponte_divino_amore", "gazetteerId": "gaz_ponte_divino_amore", "interpretationId": "interp_00687", "role": "ProjectedSpace", "simultaneous": true}, {"page": 238, "referenceId": "ref_00573", "targetId": "gaz_via_appia", "narrativePlaceId": "via_appia", "gazetteerId": "gaz_via_appia", "interpretationId": "interp_00690", "role": null, "simultaneous": true}, {"page": 238, "referenceId": "ref_00574", "targetId": "gaz_falcognana", "narrativePlaceId": "falcognana", "gazetteerId": "gaz_falcognana", "interpretationId": "interp_00693", "role": null, "simultaneous": true}, {"page": 239, "referenceId": "ref_00577", "targetId": "gaz_via_della_falcognana", "narrativePlaceId": "bivio_falcognana_casal_bruciato", "gazetteerId": "gaz_via_della_falcognana", "interpretationId": "interp_00699", "role": "Marker", "simultaneous": true}, {"page": 239, "referenceId": "ref_00577", "targetId": "gaz_ponte_divino_amore", "narrativePlaceId": "bivio_falcognana_casal_bruciato", "gazetteerId": "gaz_ponte_divino_amore", "interpretationId": "interp_00700", "role": "Marker", "simultaneous": true}, {"page": 239, "referenceId": "ref_00577", "targetId": "gaz_ferrovia_roma_velletri", "narrativePlaceId": "bivio_falcognana_casal_bruciato", "gazetteerId": "gaz_ferrovia_roma_velletri", "interpretationId": "interp_00701", "role": "Marker", "simultaneous": true}, {"page": 241, "referenceId": "ref_00586", "targetId": "casello_km_20_25", "narrativePlaceId": "casello_km_20_25", "gazetteerId": "gaz_casal_bruciato", "interpretationId": "interp_00711", "role": "Setting", "simultaneous": false}, {"page": 242, "referenceId": "ref_00592", "targetId": "casello_km_20_25", "narrativePlaceId": "casello_km_20_25", "gazetteerId": "gaz_casal_bruciato", "interpretationId": "interp_00719", "role": "Setting", "simultaneous": false}, {"page": 249, "referenceId": "ref_00599", "targetId": "casello_km_20_25", "narrativePlaceId": "casello_km_20_25", "gazetteerId": "gaz_casal_bruciato", "interpretationId": "interp_00729", "role": "Setting", "simultaneous": true}, {"page": 249, "referenceId": "ref_00600", "targetId": "camera_casello", "narrativePlaceId": "camera_casello", "gazetteerId": null, "interpretationId": "interp_00732", "role": "Setting", "simultaneous": true}, {"page": 263, "referenceId": "ref_00616", "targetId": "gaz_via_della_falcognana", "narrativePlaceId": "bivio_falcognana_casal_bruciato", "gazetteerId": "gaz_via_della_falcognana", "interpretationId": "interp_00752", "role": "Setting", "simultaneous": false}, {"page": 274, "referenceId": "ref_00641", "targetId": "gaz_via_anziate", "narrativePlaceId": "via_anziate", "gazetteerId": "gaz_via_anziate", "interpretationId": "interp_00788", "role": "Marker", "simultaneous": false}]}, {"agentId": "lavinia_mattonari", "agentName": "Lavinia Mattonari", "chapterId": "capitolo_IX", "chapter": 9, "length": 9, "distinctTargets": 8, "dispersion": 0.889, "pageRange": [238, 274], "steps": [{"page": 238, "referenceId": "ref_00572", "targetId": "ponte_divino_amore", "narrativePlaceId": "ponte_divino_amore", "gazetteerId": "gaz_ponte_divino_amore", "interpretationId": "interp_00685", "role": "ProjectedSpace", "simultaneous": true}, {"page": 238, "referenceId": "ref_00573", "targetId": "gaz_via_appia", "narrativePlaceId": "via_appia", "gazetteerId": "gaz_via_appia", "interpretationId": "interp_00688", "role": null, "simultaneous": true}, {"page": 238, "referenceId": "ref_00574", "targetId": "gaz_falcognana", "narrativePlaceId": "falcognana", "gazetteerId": "gaz_falcognana", "interpretationId": "interp_00691", "role": null, "simultaneous": true}, {"page": 239, "referenceId": "ref_00577", "targetId": "gaz_via_della_falcognana", "narrativePlaceId": "bivio_falcognana_casal_bruciato", "gazetteerId": "gaz_via_della_falcognana", "interpretationId": "interp_00698", "role": "Marker", "simultaneous": false}, {"page": 263, "referenceId": "ref_00616", "targetId": "gaz_via_della_falcognana", "narrativePlaceId": "bivio_falcognana_casal_bruciato", "gazetteerId": "gaz_via_della_falcognana", "interpretationId": "interp_00753", "role": "Setting", "simultaneous": false}, {"page": 266, "referenceId": "ref_00618", "targetId": "tenenza_carabinieri_marino", "narrativePlaceId": "tenenza_carabinieri_marino", "gazetteerId": "gaz_marino", "interpretationId": "interp_00757", "role": "ProjectedSpace", "simultaneous": false}, {"page": 269, "referenceId": "ref_00621", "targetId": "casello_km_20_25", "narrativePlaceId": "casello_km_20_25", "gazetteerId": "gaz_casal_bruciato", "interpretationId": "interp_00762", "role": "ProjectedSpace", "simultaneous": false}, {"page": 271, "referenceId": "ref_00627", "targetId": "gaz_torraccio", "narrativePlaceId": "torraccio", "gazetteerId": "gaz_torraccio", "interpretationId": "interp_00768", "role": "ProjectedSpace", "simultaneous": false}, {"page": 274, "referenceId": "ref_00641", "targetId": "gaz_via_anziate", "narrativePlaceId": "via_anziate", "gazetteerId": "gaz_via_anziate", "interpretationId": "interp_00786", "role": "Marker", "simultaneous": false}]}, {"agentId": "zio_cantoniere", "agentName": "Zio Cantoniere", "chapterId": "capitolo_IX", "chapter": 9, "length": 6, "distinctTargets": 5, "dispersion": 0.833, "pageRange": [248, 262], "steps": [{"page": 248, "referenceId": "ref_00598", "targetId": "gaz_ciampino", "narrativePlaceId": "ciampino", "gazetteerId": "gaz_ciampino", "interpretationId": "interp_00726", "role": "ProjectedSpace", "simultaneous": false}, {"page": 261, "referenceId": "ref_00609", "targetId": "gaz_ciampino", "narrativePlaceId": "ciampino", "gazetteerId": "gaz_ciampino", "interpretationId": "interp_00742", "role": "ProjectedSpace", "simultaneous": true}, {"page": 261, "referenceId": "ref_00610", "targetId": "gaz_cecchina", "narrativePlaceId": "cecchina", "gazetteerId": "gaz_cecchina", "interpretationId": "interp_00743", "role": "ProjectedSpace", "simultaneous": true}, {"page": 262, "referenceId": "ref_00612", "targetId": "tenenza_carabinieri_marino", "narrativePlaceId": "tenenza_carabinieri_marino", "gazetteerId": "gaz_marino", "interpretationId": "interp_00746", "role": "ProjectedSpace", "simultaneous": true}, {"page": 262, "referenceId": "ref_00613", "targetId": "casello_km_20_25", "narrativePlaceId": "casello_km_20_25", "gazetteerId": "gaz_casal_bruciato", "interpretationId": "interp_00748", "role": "ProjectedSpace", "simultaneous": true}, {"page": 262, "referenceId": "ref_00614", "targetId": "gaz_casal_bruciato", "narrativePlaceId": "casal_bruciato", "gazetteerId": "gaz_casal_bruciato", "interpretationId": "interp_00749", "role": "ProjectedSpace", "simultaneous": true}]}, {"agentId": "santarella", "agentName": "Santarella", "chapterId": "capitolo_IX", "chapter": 9, "length": 6, "distinctTargets": 5, "dispersion": 0.833, "pageRange": [259, 270], "steps": [{"page": 259, "referenceId": "ref_00606", "targetId": "tenenza_carabinieri_marino", "narrativePlaceId": "tenenza_carabinieri_marino", "gazetteerId": "gaz_marino", "interpretationId": "interp_00738", "role": "ProjectedSpace", "simultaneous": true}, {"page": 259, "referenceId": "ref_00607", "targetId": "tenenza_carabinieri_marino", "narrativePlaceId": "tenenza_carabinieri_marino", "gazetteerId": "gaz_marino", "interpretationId": "interp_00739", "role": "ProjectedSpace", "simultaneous": true}, {"page": 270, "referenceId": "ref_00623", "targetId": "gaz_torraccio", "narrativePlaceId": "torraccio", "gazetteerId": "gaz_torraccio", "interpretationId": "interp_00764", "role": "ProjectedSpace", "simultaneous": true}, {"page": 270, "referenceId": "ref_00624", "targetId": "ponte_divino_amore", "narrativePlaceId": "ponte_divino_amore", "gazetteerId": "gaz_ponte_divino_amore", "interpretationId": "interp_00765", "role": "ProjectedSpace", "simultaneous": true}, {"page": 270, "referenceId": "ref_00625", "targetId": "gaz_santa_palomba", "narrativePlaceId": "santa_palomba", "gazetteerId": "gaz_santa_palomba", "interpretationId": "interp_00766", "role": "ProjectedSpace", "simultaneous": true}, {"page": 270, "referenceId": "ref_00626", "targetId": "gaz_santa_rita_invitacolo", "narrativePlaceId": "santa_rita_invitacolo", "gazetteerId": "gaz_santa_rita_invitacolo", "interpretationId": "interp_00767", "role": "ProjectedSpace", "simultaneous": true}]}, {"agentId": "nonna_mattonari", "agentName": "Nonna Mattonari", "chapterId": "capitolo_IX", "chapter": 9, "length": 4, "distinctTargets": 3, "dispersion": 0.75, "pageRange": [241, 263], "steps": [{"page": 241, "referenceId": "ref_00587", "targetId": "passaggio_livello_casal_bruciato", "narrativePlaceId": "passaggio_livello_casal_bruciato", "gazetteerId": null, "interpretationId": "interp_00712", "role": "Setting", "simultaneous": false}, {"page": 242, "referenceId": "ref_00591", "targetId": "casello_km_20_25", "narrativePlaceId": "casello_km_20_25", "gazetteerId": "gaz_casal_bruciato", "interpretationId": "interp_00716", "role": "Setting", "simultaneous": true}, {"page": 242, "referenceId": "ref_00592", "targetId": "casello_km_20_25", "narrativePlaceId": "casello_km_20_25", "gazetteerId": "gaz_casal_bruciato", "interpretationId": "interp_00717", "role": "Setting", "simultaneous": true}, {"page": 263, "referenceId": "ref_00615", "targetId": "gaz_velletri", "narrativePlaceId": "velletri", "gazetteerId": "gaz_velletri", "interpretationId": "interp_00750", "role": "ProjectedSpace", "simultaneous": false}]}, {"agentId": "vetturale", "agentName": "Vetturale", "chapterId": "capitolo_IX", "chapter": 9, "length": 2, "distinctTargets": 2, "dispersion": 1.0, "pageRange": [267, 268], "steps": [{"page": 267, "referenceId": "ref_00619", "targetId": "gaz_frattocchie", "narrativePlaceId": "frattocchie", "gazetteerId": "gaz_frattocchie", "interpretationId": "interp_00758", "role": "ProjectedSpace", "simultaneous": false}, {"page": 268, "referenceId": "ref_00620", "targetId": "gaz_due_santi", "narrativePlaceId": "due_santi", "gazetteerId": "gaz_due_santi", "interpretationId": "interp_00759", "role": "ProjectedSpace", "simultaneous": false}]}, {"agentId": "maharaja_di_tripura", "agentName": "Maharaja Di Tripura", "chapterId": "capitolo_V", "chapter": 5, "length": 10, "distinctTargets": 6, "dispersion": 0.6, "pageRange": [140, 141], "steps": [{"page": 140, "referenceId": "ref_00305", "targetId": "gaz_molo_beverello", "narrativePlaceId": "molo_beverello", "gazetteerId": "gaz_molo_beverello", "interpretationId": "interp_00354", "role": "Marker", "simultaneous": true}, {"page": 140, "referenceId": "ref_00306", "targetId": "scerpure", "narrativePlaceId": "scerpure", "gazetteerId": "gaz_brahmaputra", "interpretationId": "interp_00356", "role": "ProjectedSpace", "simultaneous": true}, {"page": 140, "referenceId": "ref_00307", "targetId": "gaz_brahmaputra", "narrativePlaceId": "rive_del_brahmaputra", "gazetteerId": "gaz_brahmaputra", "interpretationId": "interp_00357", "role": "ProjectedSpace", "simultaneous": true}, {"page": 140, "referenceId": "ref_00308", "targetId": "gaz_predappio", "narrativePlaceId": "predappio", "gazetteerId": "gaz_predappio", "interpretationId": "interp_00358", "role": "Marker", "simultaneous": true}, {"page": 141, "referenceId": "ref_00310", "targetId": "gaz_policlinico", "narrativePlaceId": "policlinico", "gazetteerId": "gaz_policlinico", "interpretationId": "interp_00361", "role": "Marker", "simultaneous": true}, {"page": 141, "referenceId": "ref_00311", "targetId": "gaz_centrale_del_latte", "narrativePlaceId": "centrale_del_latte", "gazetteerId": "gaz_centrale_del_latte", "interpretationId": "interp_00362", "role": "Marker", "simultaneous": true}, {"page": 141, "referenceId": "ref_00313", "targetId": "gaz_policlinico", "narrativePlaceId": "policlinico", "gazetteerId": "gaz_policlinico", "interpretationId": "interp_00364", "role": "Marker", "simultaneous": true}, {"page": 141, "referenceId": "ref_00314", "targetId": "scerpure", "narrativePlaceId": "scerpure", "gazetteerId": "gaz_brahmaputra", "interpretationId": "interp_00365", "role": "ProjectedSpace", "simultaneous": true}, {"page": 141, "referenceId": "ref_00315", "targetId": "gaz_brahmaputra", "narrativePlaceId": "rive_del_brahmaputra", "gazetteerId": "gaz_brahmaputra", "interpretationId": "interp_00366", "role": "ProjectedSpace", "simultaneous": true}, {"page": 141, "referenceId": "ref_00316", "targetId": "scerpure", "narrativePlaceId": "scerpure", "gazetteerId": "gaz_brahmaputra", "interpretationId": "interp_00367", "role": "ProjectedSpace", "simultaneous": true}]}, {"agentId": "liliana", "agentName": "Liliana Balducci", "chapterId": "capitolo_V", "chapter": 5, "length": 7, "distinctTargets": 4, "dispersion": 0.571, "pageRange": [132, 150], "steps": [{"page": 132, "referenceId": "ref_00280", "targetId": "bottega_ceccherelli", "narrativePlaceId": "bottega_ceccherelli", "gazetteerId": "gaz_roma", "interpretationId": "interp_00324", "role": "ProjectedSpace", "simultaneous": false}, {"page": 133, "referenceId": "ref_00282", "targetId": "bottega_ceccherelli", "narrativePlaceId": "bottega_ceccherelli", "gazetteerId": "gaz_roma", "interpretationId": "interp_00326", "role": "ProjectedSpace", "simultaneous": true}, {"page": 133, "referenceId": "ref_00283", "targetId": "bottega_ceccherelli", "narrativePlaceId": "bottega_ceccherelli", "gazetteerId": "gaz_roma", "interpretationId": "interp_00327", "role": "ProjectedSpace", "simultaneous": true}, {"page": 136, "referenceId": "ref_00292", "targetId": "gaz_piazza_vittorio_emanuele", "narrativePlaceId": "piazza_vittorio_emanuele", "gazetteerId": "gaz_piazza_vittorio_emanuele", "interpretationId": "interp_00336", "role": "ProjectedSpace", "simultaneous": false}, {"page": 141, "referenceId": "ref_00320", "targetId": "gaz_santi_quattro_coronati", "narrativePlaceId": "santi_quattro_coronati", "gazetteerId": "gaz_santi_quattro_coronati", "interpretationId": "interp_00375", "role": "ProjectedSpace", "simultaneous": false}, {"page": 146, "referenceId": "ref_00326", "targetId": "gaz_banca_commerciale_italiana", "narrativePlaceId": "banca_commerciale_italiana", "gazetteerId": "gaz_banca_commerciale_italiana", "interpretationId": "interp_00382", "role": "ProjectedSpace", "simultaneous": false}, {"page": 150, "referenceId": "ref_00335", "targetId": "gaz_santi_quattro_coronati", "narrativePlaceId": "santi_quattro_coronati", "gazetteerId": "gaz_santi_quattro_coronati", "interpretationId": "interp_00391", "role": "Marker", "simultaneous": false}]}, {"agentId": "ingravallo", "agentName": "Ingravallo", "chapterId": "capitolo_V", "chapter": 5, "length": 5, "distinctTargets": 4, "dispersion": 0.8, "pageRange": [135, 141], "steps": [{"page": 135, "referenceId": "ref_00288", "targetId": "gaz_santo_stefano_del_cacco_celio_santo_stefano", "narrativePlaceId": "santo_stefano_del_cacco_celio_santo_stefano", "gazetteerId": "gaz_santo_stefano_del_cacco_celio_santo_stefano", "interpretationId": "interp_00332", "role": "Setting", "simultaneous": true}, {"page": 135, "referenceId": "ref_00289", "targetId": "gaz_teatro_jovinelli", "narrativePlaceId": "teatro_jovinelli", "gazetteerId": "gaz_teatro_jovinelli", "interpretationId": "interp_00333", "role": "ProjectedSpace", "simultaneous": true}, {"page": 141, "referenceId": "ref_00317", "targetId": "gaz_san_lorenzo_al_verano", "narrativePlaceId": "san_lorenzo_al_verano", "gazetteerId": "gaz_san_lorenzo_al_verano", "interpretationId": "interp_00368", "role": "Setting", "simultaneous": true}, {"page": 141, "referenceId": "ref_00318", "targetId": "gaz_campo_verano", "narrativePlaceId": "campo_verano", "gazetteerId": "gaz_campo_verano", "interpretationId": "interp_00371", "role": "Setting", "simultaneous": true}, {"page": 141, "referenceId": "ref_00319", "targetId": "gaz_santo_stefano_del_cacco_celio_santo_stefano", "narrativePlaceId": "santo_stefano_del_cacco_celio_santo_stefano", "gazetteerId": "gaz_santo_stefano_del_cacco_celio_santo_stefano", "interpretationId": "interp_00373", "role": "ProjectedSpace", "simultaneous": true}]}, {"agentId": "don_lorenzo_corpi", "agentName": "Don Lorenzo Corpi", "chapterId": "capitolo_V", "chapter": 5, "length": 4, "distinctTargets": 4, "dispersion": 1.0, "pageRange": [141, 148], "steps": [{"page": 141, "referenceId": "ref_00318", "targetId": "gaz_campo_verano", "narrativePlaceId": "campo_verano", "gazetteerId": "gaz_campo_verano", "interpretationId": "interp_00372", "role": "Setting", "simultaneous": true}, {"page": 141, "referenceId": "ref_00319", "targetId": "gaz_santo_stefano_del_cacco_celio_santo_stefano", "narrativePlaceId": "santo_stefano_del_cacco_celio_santo_stefano", "gazetteerId": "gaz_santo_stefano_del_cacco_celio_santo_stefano", "interpretationId": "interp_00374", "role": "ProjectedSpace", "simultaneous": true}, {"page": 142, "referenceId": "ref_00321", "targetId": "roccafringoli", "narrativePlaceId": "roccafringoli", "gazetteerId": "gaz_monte_manno", "interpretationId": "interp_00376", "role": "ProjectedSpace", "simultaneous": false}, {"page": 148, "referenceId": "ref_00328", "targetId": "gaz_san_giovanni_in_laterano", "narrativePlaceId": "san_giovanni_in_laterano", "gazetteerId": "gaz_san_giovanni_in_laterano", "interpretationId": "interp_00384", "role": "ProjectedSpace", "simultaneous": false}]}, {"agentId": "cassiere_capo_del_bo", "agentName": "Cassiere Capo Del Bo", "chapterId": "capitolo_V", "chapter": 5, "length": 3, "distinctTargets": 3, "dispersion": 1.0, "pageRange": [134, 135], "steps": [{"page": 134, "referenceId": "ref_00285", "targetId": "gaz_banco_di_santo_spirito", "narrativePlaceId": "banco_di_santo_spirito", "gazetteerId": "gaz_banco_di_santo_spirito", "interpretationId": "interp_00329", "role": "Marker", "simultaneous": false}, {"page": 135, "referenceId": "ref_00286", "targetId": "gaz_banca_ditalia", "narrativePlaceId": "banca_ditalia", "gazetteerId": "gaz_banca_ditalia", "interpretationId": "interp_00330", "role": "ProjectedSpace", "simultaneous": true}, {"page": 135, "referenceId": "ref_00287", "targetId": "gaz_piazza_verdi", "narrativePlaceId": "banca_ditalia", "gazetteerId": "gaz_piazza_verdi", "interpretationId": "interp_00331", "role": "ProjectedSpace", "simultaneous": true}]}, {"agentId": "remo_balducci", "agentName": "Remo Balducci", "chapterId": "capitolo_V", "chapter": 5, "length": 3, "distinctTargets": 2, "dispersion": 0.667, "pageRange": [137, 142], "steps": [{"page": 137, "referenceId": "ref_00295", "targetId": "gaz_soriano_nel_cimino", "narrativePlaceId": "soriano_nel_cimino", "gazetteerId": "gaz_soriano_nel_cimino", "interpretationId": "interp_00339", "role": "ProjectedSpace", "simultaneous": false}, {"page": 138, "referenceId": "ref_00296", "targetId": "gaz_milano", "narrativePlaceId": "milano", "gazetteerId": "gaz_milano", "interpretationId": "interp_00340", "role": "ProjectedSpace", "simultaneous": false}, {"page": 142, "referenceId": "ref_00322", "targetId": "gaz_soriano_nel_cimino", "narrativePlaceId": "soriano_nel_cimino", "gazetteerId": "gaz_soriano_nel_cimino", "interpretationId": "interp_00377", "role": "ProjectedSpace", "simultaneous": false}]}, {"agentId": "corteo_funebre", "agentName": "Corteo Funebre", "chapterId": "capitolo_V", "chapter": 5, "length": 3, "distinctTargets": 3, "dispersion": 1.0, "pageRange": [139, 140], "steps": [{"page": 139, "referenceId": "ref_00301", "targetId": "gaz_policlinico", "narrativePlaceId": "policlinico", "gazetteerId": "gaz_policlinico", "interpretationId": "interp_00350", "role": null, "simultaneous": false}, {"page": 140, "referenceId": "ref_00302", "targetId": "gaz_viale_regina_margherita", "narrativePlaceId": "viale_regina_margherita", "gazetteerId": "gaz_viale_regina_margherita", "interpretationId": "interp_00351", "role": null, "simultaneous": true}, {"page": 140, "referenceId": "ref_00303", "targetId": "gaz_san_lorenzo_al_verano", "narrativePlaceId": "san_lorenzo_al_verano", "gazetteerId": "gaz_san_lorenzo_al_verano", "interpretationId": "interp_00352", "role": null, "simultaneous": true}]}, {"agentId": "mussolini", "agentName": "Mussolini", "chapterId": "capitolo_V", "chapter": 5, "length": 3, "distinctTargets": 3, "dispersion": 1.0, "pageRange": [140, 140], "steps": [{"page": 140, "referenceId": "ref_00305", "targetId": "gaz_molo_beverello", "narrativePlaceId": "molo_beverello", "gazetteerId": "gaz_molo_beverello", "interpretationId": "interp_00355", "role": "Marker", "simultaneous": true}, {"page": 140, "referenceId": "ref_00308", "targetId": "gaz_predappio", "narrativePlaceId": "predappio", "gazetteerId": "gaz_predappio", "interpretationId": "interp_00359", "role": "Marker", "simultaneous": true}, {"page": 140, "referenceId": "ref_00309", "targetId": "gaz_india", "narrativePlaceId": "india", "gazetteerId": "gaz_india", "interpretationId": "interp_00360", "role": "Marker", "simultaneous": true}]}, {"agentId": "commendador_angeloni", "agentName": "Commendador Angeloni", "chapterId": "capitolo_V", "chapter": 5, "length": 3, "distinctTargets": 3, "dispersion": 1.0, "pageRange": [149, 149], "steps": [{"page": 149, "referenceId": "ref_00331", "targetId": "gaz_regina_coeli", "narrativePlaceId": "regina_coeli", "gazetteerId": "gaz_regina_coeli", "interpretationId": "interp_00387", "role": "Marker", "simultaneous": true}, {"page": 149, "referenceId": "ref_00332", "targetId": "gaz_santo_stefano_del_cacco_celio_santo_stefano", "narrativePlaceId": "santo_stefano_del_cacco_celio_santo_stefano", "gazetteerId": "gaz_santo_stefano_del_cacco_celio_santo_stefano", "interpretationId": "interp_00388", "role": "Setting", "simultaneous": true}, {"page": 149, "referenceId": "ref_00333", "targetId": "gaz_lungara", "narrativePlaceId": "lungara", "gazetteerId": "gaz_lungara", "interpretationId": "interp_00389", "role": "Marker", "simultaneous": true}]}, {"agentId": "dottor_fumi", "agentName": "Dottor Fumi", "chapterId": "capitolo_V", "chapter": 5, "length": 2, "distinctTargets": 2, "dispersion": 1.0, "pageRange": [136, 136], "steps": [{"page": 136, "referenceId": "ref_00290", "targetId": "gaz_golfo_di_napoli", "narrativePlaceId": "golfo_di_napoli", "gazetteerId": "gaz_golfo_di_napoli", "interpretationId": "interp_00334", "role": "ProjectedSpace", "simultaneous": true}, {"page": 136, "referenceId": "ref_00291", "targetId": "gaz_vomero", "narrativePlaceId": "vomero", "gazetteerId": "gaz_vomero", "interpretationId": "interp_00335", "role": "ProjectedSpace", "simultaneous": true}]}, {"agentId": "contadina", "agentName": "Contadina", "chapterId": "capitolo_V", "chapter": 5, "length": 2, "distinctTargets": 2, "dispersion": 1.0, "pageRange": [137, 137], "steps": [{"page": 137, "referenceId": "ref_00293", "targetId": "gaz_soriano_nel_cimino", "narrativePlaceId": "soriano_nel_cimino", "gazetteerId": "gaz_soriano_nel_cimino", "interpretationId": "interp_00337", "role": "Marker", "simultaneous": true}, {"page": 137, "referenceId": "ref_00294", "targetId": "gaz_san_giovanni_in_laterano", "narrativePlaceId": "san_giovanni_in_laterano", "gazetteerId": "gaz_san_giovanni_in_laterano", "interpretationId": "interp_00338", "role": "Marker", "simultaneous": true}]}, {"agentId": "luigia_zanchetti", "agentName": "Luigia Zanchetti", "chapterId": "capitolo_V", "chapter": 5, "length": 2, "distinctTargets": 2, "dispersion": 1.0, "pageRange": [144, 144], "steps": [{"page": 144, "referenceId": "ref_00323", "targetId": "gaz_zagarolo", "narrativePlaceId": "zagarolo", "gazetteerId": "gaz_zagarolo", "interpretationId": "interp_00378", "role": "ProjectedSpace", "simultaneous": true}, {"page": 144, "referenceId": "ref_00325", "targetId": "gaz_sacro_cuore", "narrativePlaceId": "sacro_cuore", "gazetteerId": "gaz_sacro_cuore", "interpretationId": "interp_00380", "role": "Marker", "simultaneous": true}]}, {"agentId": "irene_spinaci", "agentName": "Irene Spinaci", "chapterId": "capitolo_V", "chapter": 5, "length": 2, "distinctTargets": 2, "dispersion": 1.0, "pageRange": [144, 144], "steps": [{"page": 144, "referenceId": "ref_00324", "targetId": "gaz_tivoli", "narrativePlaceId": "tivoli", "gazetteerId": "gaz_tivoli", "interpretationId": "interp_00379", "role": "Marker", "simultaneous": true}, {"page": 144, "referenceId": "ref_00325", "targetId": "gaz_sacro_cuore", "narrativePlaceId": "sacro_cuore", "gazetteerId": "gaz_sacro_cuore", "interpretationId": "interp_00381", "role": "ProjectedSpace", "simultaneous": true}]}, {"agentId": "virginia_troddu", "agentName": "Virginia Troddu", "chapterId": "capitolo_V", "chapter": 5, "length": 2, "distinctTargets": 2, "dispersion": 1.0, "pageRange": [150, 151], "steps": [{"page": 150, "referenceId": "ref_00334", "targetId": "gaz_via_merulana", "narrativePlaceId": "via_merulana", "gazetteerId": "gaz_via_merulana", "interpretationId": "interp_00390", "role": "Setting", "simultaneous": false}, {"page": 151, "referenceId": "ref_00336", "targetId": "gaz_san_giovanni_in_laterano", "narrativePlaceId": "san_giovanni_in_laterano", "gazetteerId": "gaz_san_giovanni_in_laterano", "interpretationId": "interp_00392", "role": "Marker", "simultaneous": false}]}, {"agentId": "santarella", "agentName": "Santarella", "chapterId": "capitolo_VI", "chapter": 6, "length": 34, "distinctTargets": 23, "dispersion": 0.676, "pageRange": [155, 175], "steps": [{"page": 155, "referenceId": "ref_00357", "targetId": "gaz_vinchiaturo", "narrativePlaceId": "vinchiaturo", "gazetteerId": "gaz_vinchiaturo", "interpretationId": "interp_00421", "role": "ProjectedSpace", "simultaneous": true}, {"page": 155, "referenceId": "ref_00358", "targetId": "gaz_ovindoli", "narrativePlaceId": "ovindoli", "gazetteerId": "gaz_ovindoli", "interpretationId": "interp_00423", "role": "ProjectedSpace", "simultaneous": true}, {"page": 156, "referenceId": "ref_00367", "targetId": "tenenza_carabinieri_marino", "narrativePlaceId": "tenenza_carabinieri_marino", "gazetteerId": "gaz_marino", "interpretationId": "interp_00434", "role": "Setting", "simultaneous": false}, {"page": 169, "referenceId": "ref_00400", "targetId": "tenenza_carabinieri_marino", "narrativePlaceId": "tenenza_carabinieri_marino", "gazetteerId": "gaz_marino", "interpretationId": "interp_00469", "role": "Setting", "simultaneous": true}, {"page": 169, "referenceId": "ref_00401", "targetId": "gaz_torraccio", "narrativePlaceId": "torraccio", "gazetteerId": "gaz_torraccio", "interpretationId": "interp_00470", "role": null, "simultaneous": true}, {"page": 169, "referenceId": "ref_00402", "targetId": "gaz_frattocchie", "narrativePlaceId": "frattocchie", "gazetteerId": "gaz_frattocchie", "interpretationId": "interp_00471", "role": null, "simultaneous": true}, {"page": 169, "referenceId": "ref_00403", "targetId": "robine_vecchie", "narrativePlaceId": "robine_vecchie", "gazetteerId": "gaz_frattocchie", "interpretationId": "interp_00472", "role": null, "simultaneous": true}, {"page": 169, "referenceId": "ref_00403", "targetId": "robine_vecchie", "narrativePlaceId": "robine_vecchie", "gazetteerId": "gaz_due_santi", "interpretationId": "interp_00473", "role": null, "simultaneous": true}, {"page": 169, "referenceId": "ref_00404", "targetId": "cassero", "narrativePlaceId": "cassero", "gazetteerId": "gaz_frattocchie", "interpretationId": "interp_00474", "role": null, "simultaneous": true}, {"page": 169, "referenceId": "ref_00404", "targetId": "cassero", "narrativePlaceId": "cassero", "gazetteerId": "gaz_pavona", "interpretationId": "interp_00475", "role": null, "simultaneous": true}, {"page": 169, "referenceId": "ref_00405", "targetId": "ponte_divino_amore", "narrativePlaceId": "ponte_divino_amore", "gazetteerId": "gaz_ponte_divino_amore", "interpretationId": "interp_00476", "role": null, "simultaneous": true}, {"page": 170, "referenceId": "ref_00407", "targetId": "gaz_milano", "narrativePlaceId": "milano", "gazetteerId": "gaz_milano", "interpretationId": "interp_00478", "role": "ProjectedSpace", "simultaneous": true}, {"page": 170, "referenceId": "ref_00408", "targetId": "gaz_milano", "narrativePlaceId": "milano", "gazetteerId": "gaz_milano", "interpretationId": "interp_00479", "role": "ProjectedSpace", "simultaneous": true}, {"page": 171, "referenceId": "ref_00409", "targetId": "gaz_via_zanardelli", "narrativePlaceId": "via_zanardelli", "gazetteerId": "gaz_via_zanardelli", "interpretationId": "interp_00480", "role": "Marker", "simultaneous": false}, {"page": 172, "referenceId": "ref_00411", "targetId": "tenenza_carabinieri_marino", "narrativePlaceId": "tenenza_carabinieri_marino", "gazetteerId": "gaz_marino", "interpretationId": "interp_00482", "role": "Setting", "simultaneous": false}, {"page": 173, "referenceId": "ref_00412", "targetId": "gaz_rocca_di_papa", "narrativePlaceId": "rocca_di_papa", "gazetteerId": "gaz_rocca_di_papa", "interpretationId": "interp_00483", "role": null, "simultaneous": true}, {"page": 173, "referenceId": "ref_00413", "targetId": "gaz_castel_savello", "narrativePlaceId": "castel_savello", "gazetteerId": "gaz_castel_savello", "interpretationId": "interp_00484", "role": null, "simultaneous": true}, {"page": 173, "referenceId": "ref_00414", "targetId": "gaz_rocca_orsina", "narrativePlaceId": "rocca_orsina", "gazetteerId": "gaz_rocca_orsina", "interpretationId": "interp_00485", "role": null, "simultaneous": true}, {"page": 173, "referenceId": "ref_00415", "targetId": "monte_nuncupale", "narrativePlaceId": "monte_nuncupale", "gazetteerId": "gaz_colli_albani", "interpretationId": "interp_00486", "role": null, "simultaneous": true}, {"page": 173, "referenceId": "ref_00417", "targetId": "tenenza_carabinieri_marino", "narrativePlaceId": "tenenza_carabinieri_marino", "gazetteerId": "gaz_marino", "interpretationId": "interp_00488", "role": "Setting", "simultaneous": true}, {"page": 173, "referenceId": "ref_00418", "targetId": "gaz_via_ardeatina", "narrativePlaceId": "via_ardeatina", "gazetteerId": "gaz_via_ardeatina", "interpretationId": "interp_00489", "role": "Marker", "simultaneous": true}, {"page": 173, "referenceId": "ref_00419", "targetId": "gaz_via_appia", "narrativePlaceId": "via_appia", "gazetteerId": "gaz_via_appia", "interpretationId": "interp_00490", "role": "Setting", "simultaneous": true}, {"page": 173, "referenceId": "ref_00420", "targetId": "gaz_cecchina", "narrativePlaceId": "cecchina", "gazetteerId": "gaz_cecchina", "interpretationId": "interp_00491", "role": null, "simultaneous": true}, {"page": 173, "referenceId": "ref_00421", "targetId": "gaz_santa_palomba", "narrativePlaceId": "santa_palomba", "gazetteerId": "gaz_santa_palomba", "interpretationId": "interp_00492", "role": null, "simultaneous": true}, {"page": 173, "referenceId": "ref_00422", "targetId": "gaz_campoleone", "narrativePlaceId": "campoleone", "gazetteerId": "gaz_campoleone", "interpretationId": "interp_00493", "role": null, "simultaneous": true}, {"page": 173, "referenceId": "ref_00423", "targetId": "gaz_via_ardeatina", "narrativePlaceId": "via_ardeatina", "gazetteerId": "gaz_via_ardeatina", "interpretationId": "interp_00494", "role": null, "simultaneous": true}, {"page": 173, "referenceId": "ref_00424", "targetId": "gaz_via_anziate", "narrativePlaceId": "via_anziate", "gazetteerId": "gaz_via_anziate", "interpretationId": "interp_00495", "role": null, "simultaneous": true}, {"page": 174, "referenceId": "ref_00426", "targetId": "gaz_frattocchie", "narrativePlaceId": "frattocchie", "gazetteerId": "gaz_frattocchie", "interpretationId": "interp_00497", "role": null, "simultaneous": true}, {"page": 174, "referenceId": "ref_00427", "targetId": "gaz_via_appia", "narrativePlaceId": "via_appia", "gazetteerId": "gaz_via_appia", "interpretationId": "interp_00498", "role": null, "simultaneous": true}, {"page": 174, "referenceId": "ref_00428", "targetId": "ca_francesi", "narrativePlaceId": "ca_francesi", "gazetteerId": "gaz_ca_francesi", "interpretationId": "interp_00499", "role": null, "simultaneous": true}, {"page": 174, "referenceId": "ref_00429", "targetId": "gaz_tor_ser_paolo", "narrativePlaceId": "tor_ser_paolo", "gazetteerId": "gaz_tor_ser_paolo", "interpretationId": "interp_00500", "role": null, "simultaneous": true}, {"page": 174, "referenceId": "ref_00430", "targetId": "gaz_ciampino", "narrativePlaceId": "ciampino", "gazetteerId": "gaz_ciampino", "interpretationId": "interp_00501", "role": null, "simultaneous": true}, {"page": 175, "referenceId": "ref_00432", "targetId": "gaz_ciampino", "narrativePlaceId": "ciampino", "gazetteerId": "gaz_ciampino", "interpretationId": "interp_00503", "role": "Marker", "simultaneous": true}, {"page": 175, "referenceId": "ref_00433", "targetId": "gaz_santa_palomba", "narrativePlaceId": "santa_palomba", "gazetteerId": "gaz_santa_palomba", "interpretationId": "interp_00504", "role": "Marker", "simultaneous": true}]}, {"agentId": "zamira_pacori", "agentName": "Zamira Pacori", "chapterId": "capitolo_VI", "chapter": 6, "length": 24, "distinctTargets": 8, "dispersion": 0.333, "pageRange": [153, 171], "steps": [{"page": 153, "referenceId": "ref_00343", "targetId": "gaz_due_santi", "narrativePlaceId": "due_santi", "gazetteerId": "gaz_due_santi", "interpretationId": "interp_00400", "role": "Setting", "simultaneous": true}, {"page": 153, "referenceId": "ref_00344", "targetId": "gaz_via_appia", "narrativePlaceId": "via_appia", "gazetteerId": "gaz_via_appia", "interpretationId": "interp_00402", "role": "Setting", "simultaneous": true}, {"page": 153, "referenceId": "ref_00345", "targetId": "gaz_marino", "narrativePlaceId": "marino", "gazetteerId": "gaz_marino", "interpretationId": "interp_00403", "role": "Setting", "simultaneous": true}, {"page": 153, "referenceId": "ref_00346", "targetId": "gaz_albano_laziale", "narrativePlaceId": "albano_laziale", "gazetteerId": "gaz_albano_laziale", "interpretationId": "interp_00404", "role": "Setting", "simultaneous": true}, {"page": 156, "referenceId": "ref_00360", "targetId": "gaz_marino", "narrativePlaceId": "marino", "gazetteerId": "gaz_marino", "interpretationId": "interp_00426", "role": "ProjectedSpace", "simultaneous": true}, {"page": 156, "referenceId": "ref_00361", "targetId": "gaz_albano_laziale", "narrativePlaceId": "albano_laziale", "gazetteerId": "gaz_albano_laziale", "interpretationId": "interp_00427", "role": "ProjectedSpace", "simultaneous": true}, {"page": 156, "referenceId": "ref_00362", "targetId": "gaz_castel_gandolfo", "narrativePlaceId": "castel_gandolfo", "gazetteerId": "gaz_castel_gandolfo", "interpretationId": "interp_00428", "role": "ProjectedSpace", "simultaneous": true}, {"page": 156, "referenceId": "ref_00363", "targetId": "gaz_ariccia", "narrativePlaceId": "ariccia", "gazetteerId": "gaz_ariccia", "interpretationId": "interp_00429", "role": "ProjectedSpace", "simultaneous": true}, {"page": 156, "referenceId": "ref_00364", "targetId": "ditta_ciurlani", "narrativePlaceId": "ditta_ciurlani", "gazetteerId": "gaz_marino", "interpretationId": "interp_00430", "role": "ProjectedSpace", "simultaneous": true}, {"page": 156, "referenceId": "ref_00366", "targetId": "gaz_due_santi", "narrativePlaceId": "due_santi", "gazetteerId": "gaz_due_santi", "interpretationId": "interp_00432", "role": "ProjectedSpace", "simultaneous": true}, {"page": 162, "referenceId": "ref_00383", "targetId": "gaz_marino", "narrativePlaceId": "marino", "gazetteerId": "gaz_marino", "interpretationId": "interp_00452", "role": "ProjectedSpace", "simultaneous": true}, {"page": 162, "referenceId": "ref_00384", "targetId": "gaz_ariccia", "narrativePlaceId": "ariccia", "gazetteerId": "gaz_ariccia", "interpretationId": "interp_00453", "role": "ProjectedSpace", "simultaneous": true}, {"page": 162, "referenceId": "ref_00385", "targetId": "gaz_due_santi", "narrativePlaceId": "due_santi", "gazetteerId": "gaz_due_santi", "interpretationId": "interp_00454", "role": "Setting", "simultaneous": true}, {"page": 162, "referenceId": "ref_00386", "targetId": "gaz_via_appia", "narrativePlaceId": "via_appia", "gazetteerId": "gaz_via_appia", "interpretationId": "interp_00455", "role": "Setting", "simultaneous": true}, {"page": 162, "referenceId": "ref_00387", "targetId": "gaz_due_santi", "narrativePlaceId": "due_santi", "gazetteerId": "gaz_due_santi", "interpretationId": "interp_00456", "role": "Setting", "simultaneous": true}, {"page": 163, "referenceId": "ref_00388", "targetId": "gaz_due_santi", "narrativePlaceId": "due_santi", "gazetteerId": "gaz_due_santi", "interpretationId": "interp_00457", "role": "Setting", "simultaneous": false}, {"page": 164, "referenceId": "ref_00389", "targetId": "gaz_marino", "narrativePlaceId": "marino", "gazetteerId": "gaz_marino", "interpretationId": "interp_00458", "role": "ProjectedSpace", "simultaneous": true}, {"page": 164, "referenceId": "ref_00390", "targetId": "gaz_ariccia", "narrativePlaceId": "ariccia", "gazetteerId": "gaz_ariccia", "interpretationId": "interp_00459", "role": "ProjectedSpace", "simultaneous": true}, {"page": 165, "referenceId": "ref_00391", "targetId": "gaz_due_santi", "narrativePlaceId": "due_santi", "gazetteerId": "gaz_due_santi", "interpretationId": "interp_00460", "role": "Setting", "simultaneous": true}, {"page": 165, "referenceId": "ref_00392", "targetId": "laboratorio_zamira", "narrativePlaceId": "laboratorio_zamira", "gazetteerId": "gaz_due_santi", "interpretationId": "interp_00461", "role": "Setting", "simultaneous": true}, {"page": 165, "referenceId": "ref_00393", "targetId": "gaz_via_appia", "narrativePlaceId": "via_appia", "gazetteerId": "gaz_via_appia", "interpretationId": "interp_00462", "role": "Setting", "simultaneous": true}, {"page": 166, "referenceId": "ref_00394", "targetId": "laboratorio_zamira", "narrativePlaceId": "laboratorio_zamira", "gazetteerId": "gaz_due_santi", "interpretationId": "interp_00463", "role": "Setting", "simultaneous": false}, {"page": 167, "referenceId": "ref_00395", "targetId": "gaz_via_appia", "narrativePlaceId": "via_appia", "gazetteerId": "gaz_via_appia", "interpretationId": "interp_00464", "role": "Setting", "simultaneous": false}, {"page": 171, "referenceId": "ref_00410", "targetId": "gaz_due_santi", "narrativePlaceId": "due_santi", "gazetteerId": "gaz_due_santi", "interpretationId": "interp_00481", "role": "Setting", "simultaneous": false}]}, {"agentId": "ines_cionini", "agentName": "Ines Cionini", "chapterId": "capitolo_VI", "chapter": 6, "length": 11, "distinctTargets": 9, "dispersion": 0.818, "pageRange": [157, 159], "steps": [{"page": 157, "referenceId": "ref_00369", "targetId": "gaz_torraccio", "narrativePlaceId": "torraccio", "gazetteerId": "gaz_torraccio", "interpretationId": "interp_00436", "role": "ProjectedSpace", "simultaneous": true}, {"page": 157, "referenceId": "ref_00370", "targetId": "gaz_via_appia", "narrativePlaceId": "via_appia", "gazetteerId": "gaz_via_appia", "interpretationId": "interp_00437", "role": "ProjectedSpace", "simultaneous": true}, {"page": 157, "referenceId": "ref_00371", "targetId": "gaz_frattocchie", "narrativePlaceId": "frattocchie", "gazetteerId": "gaz_frattocchie", "interpretationId": "interp_00438", "role": "ProjectedSpace", "simultaneous": true}, {"page": 158, "referenceId": "ref_00372", "targetId": "gaz_san_giovanni", "narrativePlaceId": "san_giovanni", "gazetteerId": "gaz_san_giovanni", "interpretationId": "interp_00439", "role": "ProjectedSpace", "simultaneous": true}, {"page": 158, "referenceId": "ref_00373", "targetId": "gaz_santo_stefano_rotondo", "narrativePlaceId": "santo_stefano_rotondo", "gazetteerId": "gaz_santo_stefano_rotondo", "interpretationId": "interp_00440", "role": "ProjectedSpace", "simultaneous": true}, {"page": 158, "referenceId": "ref_00374", "targetId": "gaz_piazza_vittorio_emanuele", "narrativePlaceId": "piazza_vittorio_emanuele", "gazetteerId": "gaz_piazza_vittorio_emanuele", "interpretationId": "interp_00441", "role": "ProjectedSpace", "simultaneous": true}, {"page": 158, "referenceId": "ref_00376", "targetId": "gaz_torraccio", "narrativePlaceId": "torraccio", "gazetteerId": "gaz_torraccio", "interpretationId": "interp_00443", "role": "ProjectedSpace", "simultaneous": true}, {"page": 159, "referenceId": "ref_00378", "targetId": "gaz_santo_stefano_del_cacco_celio_santo_stefano", "narrativePlaceId": "santo_stefano_del_cacco_celio_santo_stefano", "gazetteerId": "gaz_santo_stefano_del_cacco_celio_santo_stefano", "interpretationId": "interp_00445", "role": "Setting", "simultaneous": true}, {"page": 159, "referenceId": "ref_00379", "targetId": "gaz_due_santi", "narrativePlaceId": "due_santi", "gazetteerId": "gaz_due_santi", "interpretationId": "interp_00448", "role": "ProjectedSpace", "simultaneous": true}, {"page": 159, "referenceId": "ref_00380", "targetId": "gaz_frattocchie", "narrativePlaceId": "frattocchie", "gazetteerId": "gaz_frattocchie", "interpretationId": "interp_00449", "role": "ProjectedSpace", "simultaneous": true}, {"page": 159, "referenceId": "ref_00382", "targetId": "gaz_regina_coeli", "narrativePlaceId": "regina_coeli", "gazetteerId": "gaz_regina_coeli", "interpretationId": "interp_00451", "role": "ProjectedSpace", "simultaneous": true}]}, {"agentId": "enea_retalli", "agentName": "Enea Retalli", "chapterId": "capitolo_VI", "chapter": 6, "length": 5, "distinctTargets": 4, "dispersion": 0.8, "pageRange": [152, 153], "steps": [{"page": 152, "referenceId": "ref_00339", "targetId": "gaz_torraccio", "narrativePlaceId": "torraccio", "gazetteerId": "gaz_torraccio", "interpretationId": "interp_00395", "role": "ProjectedSpace", "simultaneous": true}, {"page": 152, "referenceId": "ref_00340", "targetId": "gaz_frattocchie", "narrativePlaceId": "frattocchie", "gazetteerId": "gaz_frattocchie", "interpretationId": "interp_00396", "role": "ProjectedSpace", "simultaneous": true}, {"page": 152, "referenceId": "ref_00341", "targetId": "gaz_torraccio", "narrativePlaceId": "torraccio", "gazetteerId": "gaz_torraccio", "interpretationId": "interp_00397", "role": "ProjectedSpace", "simultaneous": true}, {"page": 153, "referenceId": "ref_00343", "targetId": "gaz_due_santi", "narrativePlaceId": "due_santi", "gazetteerId": "gaz_due_santi", "interpretationId": "interp_00399", "role": "ProjectedSpace", "simultaneous": true}, {"page": 153, "referenceId": "ref_00344", "targetId": "gaz_via_appia", "narrativePlaceId": "via_appia", "gazetteerId": "gaz_via_appia", "interpretationId": "interp_00401", "role": "ProjectedSpace", "simultaneous": true}]}, {"agentId": "pestalozzi", "agentName": "Pestalozzi", "chapterId": "capitolo_VI", "chapter": 6, "length": 5, "distinctTargets": 3, "dispersion": 0.6, "pageRange": [153, 156], "steps": [{"page": 153, "referenceId": "ref_00347", "targetId": "gaz_santo_stefano_del_cacco_celio_santo_stefano", "narrativePlaceId": "santo_stefano_del_cacco_celio_santo_stefano", "gazetteerId": "gaz_santo_stefano_del_cacco_celio_santo_stefano", "interpretationId": "interp_00405", "role": null, "simultaneous": true}, {"page": 153, "referenceId": "ref_00348", "targetId": "tenenza_carabinieri_marino", "narrativePlaceId": "tenenza_carabinieri_marino", "gazetteerId": "gaz_marino", "interpretationId": "interp_00406", "role": null, "simultaneous": true}, {"page": 155, "referenceId": "ref_00354", "targetId": "gaz_santo_stefano_del_cacco_celio_santo_stefano", "narrativePlaceId": "santo_stefano_del_cacco_celio_santo_stefano", "gazetteerId": "gaz_santo_stefano_del_cacco_celio_santo_stefano", "interpretationId": "interp_00412", "role": "Setting", "simultaneous": false}, {"page": 156, "referenceId": "ref_00365", "targetId": "gaz_marino", "narrativePlaceId": "marino", "gazetteerId": "gaz_marino", "interpretationId": "interp_00431", "role": "ProjectedSpace", "simultaneous": true}, {"page": 156, "referenceId": "ref_00367", "targetId": "tenenza_carabinieri_marino", "narrativePlaceId": "tenenza_carabinieri_marino", "gazetteerId": "gaz_marino", "interpretationId": "interp_00433", "role": "Setting", "simultaneous": true}]}, {"agentId": "narrator", "agentName": "narrator", "chapterId": "capitolo_VI", "chapter": 6, "length": 5, "distinctTargets": 5, "dispersion": 1.0, "pageRange": [154, 168], "steps": [{"page": 154, "referenceId": "ref_00350", "targetId": "gaz_santo_stefano_del_cacco_celio_santo_stefano", "narrativePlaceId": "santo_stefano_del_cacco_celio_santo_stefano", "gazetteerId": "gaz_santo_stefano_del_cacco_celio_santo_stefano", "interpretationId": "interp_00408", "role": "Setting", "simultaneous": false}, {"page": 155, "referenceId": "ref_00355", "targetId": "gaz_frascati", "narrativePlaceId": "frascati", "gazetteerId": "gaz_frascati", "interpretationId": "interp_00418", "role": "Marker", "simultaneous": true}, {"page": 155, "referenceId": "ref_00356", "targetId": "gaz_velletri", "narrativePlaceId": "velletri", "gazetteerId": "gaz_velletri", "interpretationId": "interp_00419", "role": "Marker", "simultaneous": true}, {"page": 156, "referenceId": "ref_00368", "targetId": "tenenza_carabinieri_marino", "narrativePlaceId": "tenenza_carabinieri_marino", "gazetteerId": "gaz_marino", "interpretationId": "interp_00435", "role": "Setting", "simultaneous": false}, {"page": 168, "referenceId": "ref_00399", "targetId": "laboratorio_zamira", "narrativePlaceId": "laboratorio_zamira", "gazetteerId": "gaz_due_santi", "interpretationId": "interp_00468", "role": "Setting", "simultaneous": false}]}, {"agentId": "maresciallo_di_pietrantonio", "agentName": "Maresciallo Di Pietrantonio", "chapterId": "capitolo_VI", "chapter": 6, "length": 4, "distinctTargets": 3, "dispersion": 0.75, "pageRange": [152, 155], "steps": [{"page": 152, "referenceId": "ref_00337", "targetId": "gaz_santo_stefano_del_cacco_celio_santo_stefano", "narrativePlaceId": "santo_stefano_del_cacco_celio_santo_stefano", "gazetteerId": "gaz_santo_stefano_del_cacco_celio_santo_stefano", "interpretationId": "interp_00393", "role": "Setting", "simultaneous": true}, {"page": 152, "referenceId": "ref_00338", "targetId": "tenenza_carabinieri_marino", "narrativePlaceId": "tenenza_carabinieri_marino", "gazetteerId": "gaz_marino", "interpretationId": "interp_00394", "role": "ProjectedSpace", "simultaneous": true}, {"page": 155, "referenceId": "ref_00354", "targetId": "gaz_santo_stefano_del_cacco_celio_santo_stefano", "narrativePlaceId": "santo_stefano_del_cacco_celio_santo_stefano", "gazetteerId": "gaz_santo_stefano_del_cacco_celio_santo_stefano", "interpretationId": "interp_00415", "role": "Setting", "simultaneous": true}, {"page": 155, "referenceId": "ref_00359", "targetId": "laboratorio_zamira", "narrativePlaceId": "laboratorio_zamira", "gazetteerId": "gaz_due_santi", "interpretationId": "interp_00424", "role": "ProjectedSpace", "simultaneous": true}]}, {"agentId": "pompeo", "agentName": "Pompeo", "chapterId": "capitolo_VI", "chapter": 6, "length": 4, "distinctTargets": 4, "dispersion": 1.0, "pageRange": [154, 155], "steps": [{"page": 154, "referenceId": "ref_00351", "targetId": "gaz_maccheronaro", "narrativePlaceId": "maccheronaro", "gazetteerId": "gaz_maccheronaro", "interpretationId": "interp_00409", "role": "ProjectedSpace", "simultaneous": true}, {"page": 154, "referenceId": "ref_00352", "targetId": "gaz_via_del_gesu", "narrativePlaceId": "via_del_gesu", "gazetteerId": "gaz_via_del_gesu", "interpretationId": "interp_00410", "role": "ProjectedSpace", "simultaneous": true}, {"page": 155, "referenceId": "ref_00354", "targetId": "gaz_santo_stefano_del_cacco_celio_santo_stefano", "narrativePlaceId": "santo_stefano_del_cacco_celio_santo_stefano", "gazetteerId": "gaz_santo_stefano_del_cacco_celio_santo_stefano", "interpretationId": "interp_00414", "role": "Setting", "simultaneous": true}, {"page": 155, "referenceId": "ref_00359", "targetId": "laboratorio_zamira", "narrativePlaceId": "laboratorio_zamira", "gazetteerId": "gaz_due_santi", "interpretationId": "interp_00425", "role": "ProjectedSpace", "simultaneous": true}]}, {"agentId": "ingravallo", "agentName": "Ingravallo", "chapterId": "capitolo_VI", "chapter": 6, "length": 3, "distinctTargets": 3, "dispersion": 1.0, "pageRange": [155, 155], "steps": [{"page": 155, "referenceId": "ref_00354", "targetId": "gaz_santo_stefano_del_cacco_celio_santo_stefano", "narrativePlaceId": "santo_stefano_del_cacco_celio_santo_stefano", "gazetteerId": "gaz_santo_stefano_del_cacco_celio_santo_stefano", "interpretationId": "interp_00416", "role": "Setting", "simultaneous": true}, {"page": 155, "referenceId": "ref_00357", "targetId": "gaz_vinchiaturo", "narrativePlaceId": "vinchiaturo", "gazetteerId": "gaz_vinchiaturo", "interpretationId": "interp_00420", "role": "ProjectedSpace", "simultaneous": true}, {"page": 155, "referenceId": "ref_00358", "targetId": "gaz_ovindoli", "narrativePlaceId": "ovindoli", "gazetteerId": "gaz_ovindoli", "interpretationId": "interp_00422", "role": "ProjectedSpace", "simultaneous": true}]}, {"agentId": "nipotine_zamira", "agentName": "Nipotine Zamira", "chapterId": "capitolo_VI", "chapter": 6, "length": 3, "distinctTargets": 3, "dispersion": 1.0, "pageRange": [167, 167], "steps": [{"page": 167, "referenceId": "ref_00396", "targetId": "gaz_via_appia", "narrativePlaceId": "via_appia", "gazetteerId": "gaz_via_appia", "interpretationId": "interp_00465", "role": "ProjectedSpace", "simultaneous": true}, {"page": 167, "referenceId": "ref_00397", "targetId": "gaz_via_ardeatina", "narrativePlaceId": "via_ardeatina", "gazetteerId": "gaz_via_ardeatina", "interpretationId": "interp_00466", "role": "ProjectedSpace", "simultaneous": true}, {"page": 167, "referenceId": "ref_00398", "targetId": "gaz_via_anziate", "narrativePlaceId": "via_anziate", "gazetteerId": "gaz_via_anziate", "interpretationId": "interp_00467", "role": "ProjectedSpace", "simultaneous": true}]}, {"agentId": "dottor_fumi", "agentName": "Dottor Fumi", "chapterId": "capitolo_VI", "chapter": 6, "length": 2, "distinctTargets": 2, "dispersion": 1.0, "pageRange": [154, 155], "steps": [{"page": 154, "referenceId": "ref_00353", "targetId": "tenenza_carabinieri_marino", "narrativePlaceId": "tenenza_carabinieri_marino", "gazetteerId": "gaz_marino", "interpretationId": "interp_00411", "role": "ProjectedSpace", "simultaneous": false}, {"page": 155, "referenceId": "ref_00354", "targetId": "gaz_santo_stefano_del_cacco_celio_santo_stefano", "narrativePlaceId": "santo_stefano_del_cacco_celio_santo_stefano", "gazetteerId": "gaz_santo_stefano_del_cacco_celio_santo_stefano", "interpretationId": "interp_00413", "role": "Setting", "simultaneous": false}]}, {"agentId": "paolillo", "agentName": "Paolillo", "chapterId": "capitolo_VI", "chapter": 6, "length": 2, "distinctTargets": 1, "dispersion": 0.5, "pageRange": [155, 159], "steps": [{"page": 155, "referenceId": "ref_00354", "targetId": "gaz_santo_stefano_del_cacco_celio_santo_stefano", "narrativePlaceId": "santo_stefano_del_cacco_celio_santo_stefano", "gazetteerId": "gaz_santo_stefano_del_cacco_celio_santo_stefano", "interpretationId": "interp_00417", "role": "Setting", "simultaneous": false}, {"page": 159, "referenceId": "ref_00381", "targetId": "gaz_santo_stefano_del_cacco_celio_santo_stefano", "narrativePlaceId": "santo_stefano_del_cacco_celio_santo_stefano", "gazetteerId": "gaz_santo_stefano_del_cacco_celio_santo_stefano", "interpretationId": "interp_00450", "role": "Setting", "simultaneous": false}]}, {"agentId": "brigatiere_juppariello", "agentName": "Brigatiere Juppariello", "chapterId": "capitolo_VI", "chapter": 6, "length": 2, "distinctTargets": 1, "dispersion": 0.5, "pageRange": [158, 159], "steps": [{"page": 158, "referenceId": "ref_00375", "targetId": "gaz_san_giovanni", "narrativePlaceId": "san_giovanni", "gazetteerId": "gaz_san_giovanni", "interpretationId": "interp_00442", "role": "Marker", "simultaneous": false}, {"page": 159, "referenceId": "ref_00377", "targetId": "gaz_san_giovanni", "narrativePlaceId": "san_giovanni", "gazetteerId": "gaz_san_giovanni", "interpretationId": "interp_00444", "role": "Marker", "simultaneous": false}]}, {"agentId": "diomede", "agentName": "Diomede Lanciani", "chapterId": "capitolo_VII", "chapter": 7, "length": 35, "distinctTargets": 28, "dispersion": 0.8, "pageRange": [181, 201], "steps": [{"page": 181, "referenceId": "ref_00453", "targetId": "gaz_traforo", "narrativePlaceId": "traforo", "gazetteerId": "gaz_traforo", "interpretationId": "interp_00537", "role": "ProjectedSpace", "simultaneous": false}, {"page": 182, "referenceId": "ref_00454", "targetId": "gaz_monti", "narrativePlaceId": "monti", "gazetteerId": "gaz_monti", "interpretationId": "interp_00538", "role": null, "simultaneous": true}, {"page": 182, "referenceId": "ref_00455", "targetId": "gaz_trastevere", "narrativePlaceId": "trastevere", "gazetteerId": "gaz_trastevere", "interpretationId": "interp_00539", "role": null, "simultaneous": true}, {"page": 182, "referenceId": "ref_00456", "targetId": "gaz_piazza_colonna", "narrativePlaceId": "piazza_colonna", "gazetteerId": "gaz_piazza_colonna", "interpretationId": "interp_00540", "role": null, "simultaneous": true}, {"page": 182, "referenceId": "ref_00457", "targetId": "gaz_piazza_esedra", "narrativePlaceId": "piazza_esedra", "gazetteerId": "gaz_piazza_esedra", "interpretationId": "interp_00541", "role": null, "simultaneous": true}, {"page": 182, "referenceId": "ref_00459", "targetId": "gaz_via_veneto", "narrativePlaceId": "via_veneto", "gazetteerId": "gaz_via_veneto", "interpretationId": "interp_00543", "role": "ProjectedSpace", "simultaneous": true}, {"page": 182, "referenceId": "ref_00460", "targetId": "gaz_via_ludovisi", "narrativePlaceId": "via_ludovisi", "gazetteerId": "gaz_via_ludovisi", "interpretationId": "interp_00544", "role": "ProjectedSpace", "simultaneous": true}, {"page": 185, "referenceId": "ref_00461", "targetId": "gaz_rocca_savella", "narrativePlaceId": "publicii_clivio_de", "gazetteerId": "gaz_rocca_savella", "interpretationId": "interp_00545", "role": "ProjectedSpace", "simultaneous": true}, {"page": 185, "referenceId": "ref_00462", "targetId": "gaz_rocca_savella", "narrativePlaceId": "rocca_savella", "gazetteerId": "gaz_rocca_savella", "interpretationId": "interp_00547", "role": "ProjectedSpace", "simultaneous": true}, {"page": 193, "referenceId": "ref_00478", "targetId": "gaz_tor_ser_paolo", "narrativePlaceId": "tor_ser_paolo", "gazetteerId": "gaz_tor_ser_paolo", "interpretationId": "interp_00565", "role": "ProjectedSpace", "simultaneous": true}, {"page": 193, "referenceId": "ref_00479", "targetId": "casa_del_butiro", "narrativePlaceId": "casa_del_butiro", "gazetteerId": "gaz_due_santi", "interpretationId": "interp_00567", "role": "ProjectedSpace", "simultaneous": true}, {"page": 197, "referenceId": "ref_00480", "targetId": "gaz_due_santi", "narrativePlaceId": "due_santi", "gazetteerId": "gaz_due_santi", "interpretationId": "interp_00568", "role": "ProjectedSpace", "simultaneous": false}, {"page": 199, "referenceId": "ref_00481", "targetId": "gaz_termini", "narrativePlaceId": "termini", "gazetteerId": "gaz_termini", "interpretationId": "interp_00571", "role": "ProjectedSpace", "simultaneous": true}, {"page": 199, "referenceId": "ref_00482", "targetId": "gaz_piazza_vittorio_emanuele", "narrativePlaceId": "piazza_vittorio_emanuele", "gazetteerId": "gaz_piazza_vittorio_emanuele", "interpretationId": "interp_00573", "role": "ProjectedSpace", "simultaneous": true}, {"page": 199, "referenceId": "ref_00483", "targetId": "gaz_via_merulana", "narrativePlaceId": "via_merulana", "gazetteerId": "gaz_via_merulana", "interpretationId": "interp_00575", "role": "ProjectedSpace", "simultaneous": true}, {"page": 199, "referenceId": "ref_00484", "targetId": "gaz_piazza_san_giovanni", "narrativePlaceId": "piazza_san_giovanni", "gazetteerId": "gaz_piazza_san_giovanni", "interpretationId": "interp_00577", "role": "ProjectedSpace", "simultaneous": true}, {"page": 199, "referenceId": "ref_00485", "targetId": "piccarozzi", "narrativePlaceId": "piccarozzi", "gazetteerId": "gaz_galleria_colonna", "interpretationId": "interp_00578", "role": "ProjectedSpace", "simultaneous": true}, {"page": 199, "referenceId": "ref_00486", "targetId": "gaz_acqua_pia_antica_marcia", "narrativePlaceId": "acqua_pia_antica_marcia", "gazetteerId": "gaz_acqua_pia_antica_marcia", "interpretationId": "interp_00579", "role": "ProjectedSpace", "simultaneous": true}, {"page": 199, "referenceId": "ref_00487", "targetId": "gaz_fontanella_di_borghese", "narrativePlaceId": "fontanella_di_borghese", "gazetteerId": "gaz_fontanella_di_borghese", "interpretationId": "interp_00580", "role": "ProjectedSpace", "simultaneous": true}, {"page": 200, "referenceId": "ref_00488", "targetId": "gaz_ripetta", "narrativePlaceId": "bottaro", "gazetteerId": "gaz_ripetta", "interpretationId": "interp_00581", "role": "ProjectedSpace", "simultaneous": true}, {"page": 200, "referenceId": "ref_00489", "targetId": "gaz_ripetta", "narrativePlaceId": "ripetta", "gazetteerId": "gaz_ripetta", "interpretationId": "interp_00582", "role": "ProjectedSpace", "simultaneous": true}, {"page": 200, "referenceId": "ref_00490", "targetId": "gaz_quattro_cantoni", "narrativePlaceId": "quattro_cantoni", "gazetteerId": "gaz_quattro_cantoni", "interpretationId": "interp_00583", "role": "ProjectedSpace", "simultaneous": true}, {"page": 200, "referenceId": "ref_00491", "targetId": "gaz_quattro_cantoni", "narrativePlaceId": "aliciaro", "gazetteerId": "gaz_quattro_cantoni", "interpretationId": "interp_00584", "role": "ProjectedSpace", "simultaneous": true}, {"page": 200, "referenceId": "ref_00491", "targetId": "gaz_san_carlo_alle_quattro_fontane", "narrativePlaceId": "aliciaro", "gazetteerId": "gaz_san_carlo_alle_quattro_fontane", "interpretationId": "interp_00585", "role": "ProjectedSpace", "simultaneous": true}, {"page": 200, "referenceId": "ref_00492", "targetId": "gaz_san_carlo_alle_quattro_fontane", "narrativePlaceId": "san_carlo_alle_quattro_fontane", "gazetteerId": "gaz_san_carlo_alle_quattro_fontane", "interpretationId": "interp_00586", "role": "ProjectedSpace", "simultaneous": true}, {"page": 200, "referenceId": "ref_00493", "targetId": "gaz_via_della_vite", "narrativePlaceId": "vite", "gazetteerId": "gaz_via_della_vite", "interpretationId": "interp_00587", "role": "ProjectedSpace", "simultaneous": true}, {"page": 200, "referenceId": "ref_00494", "targetId": "buco_a_santignazio", "narrativePlaceId": "buco_a_santignazio", "gazetteerId": "gaz_buco_a_santignazio", "interpretationId": "interp_00588", "role": "ProjectedSpace", "simultaneous": true}, {"page": 201, "referenceId": "ref_00495", "targetId": "gaz_villa_borghese", "narrativePlaceId": "villa_borghese", "gazetteerId": "gaz_villa_borghese", "interpretationId": "interp_00589", "role": "ProjectedSpace", "simultaneous": true}, {"page": 201, "referenceId": "ref_00496", "targetId": "gaz_via_veneto", "narrativePlaceId": "via_veneto", "gazetteerId": "gaz_via_veneto", "interpretationId": "interp_00590", "role": "ProjectedSpace", "simultaneous": true}, {"page": 201, "referenceId": "ref_00497", "targetId": "gaz_porta_pinciana", "narrativePlaceId": "porta_pinciana", "gazetteerId": "gaz_porta_pinciana", "interpretationId": "interp_00591", "role": "ProjectedSpace", "simultaneous": true}, {"page": 201, "referenceId": "ref_00498", "targetId": "gaz_porta_pinciana", "narrativePlaceId": "porta_pinciana", "gazetteerId": "gaz_porta_pinciana", "interpretationId": "interp_00592", "role": "ProjectedSpace", "simultaneous": true}, {"page": 201, "referenceId": "ref_00499", "targetId": "gaz_villa_borghese", "narrativePlaceId": "villa_borghese", "gazetteerId": "gaz_villa_borghese", "interpretationId": "interp_00593", "role": "ProjectedSpace", "simultaneous": true}, {"page": 201, "referenceId": "ref_00500", "targetId": "gaz_pincio", "narrativePlaceId": "pincio", "gazetteerId": "gaz_pincio", "interpretationId": "interp_00594", "role": "ProjectedSpace", "simultaneous": true}, {"page": 201, "referenceId": "ref_00501", "targetId": "gaz_bottaro", "narrativePlaceId": "bottaro", "gazetteerId": "gaz_bottaro", "interpretationId": "interp_00595", "role": "ProjectedSpace", "simultaneous": true}, {"page": 201, "referenceId": "ref_00502", "targetId": "gaz_via_panisperna", "narrativePlaceId": "via_panisperna", "gazetteerId": "gaz_via_panisperna", "interpretationId": "interp_00596", "role": "ProjectedSpace", "simultaneous": true}]}, {"agentId": "ines_cionini", "agentName": "Ines Cionini", "chapterId": "capitolo_VII", "chapter": 7, "length": 19, "distinctTargets": 16, "dispersion": 0.842, "pageRange": [178, 204], "steps": [{"page": 178, "referenceId": "ref_00442", "targetId": "laboratorio_zamira", "narrativePlaceId": "laboratorio_zamira", "gazetteerId": "gaz_due_santi", "interpretationId": "interp_00515", "role": "ProjectedSpace", "simultaneous": true}, {"page": 178, "referenceId": "ref_00443", "targetId": "gaz_santo_stefano_rotondo", "narrativePlaceId": "santo_stefano_rotondo", "gazetteerId": "gaz_santo_stefano_rotondo", "interpretationId": "interp_00517", "role": "ProjectedSpace", "simultaneous": true}, {"page": 179, "referenceId": "ref_00444", "targetId": "strada_di_campagna_celio", "narrativePlaceId": "strada_di_campagna_celio", "gazetteerId": "gaz_celio", "interpretationId": "interp_00519", "role": "ProjectedSpace", "simultaneous": false}, {"page": 180, "referenceId": "ref_00445", "targetId": "gaz_via_di_san_paolo_della_croce", "narrativePlaceId": "via_di_san_paolo_della_croce", "gazetteerId": "gaz_via_di_san_paolo_della_croce", "interpretationId": "interp_00521", "role": "ProjectedSpace", "simultaneous": true}, {"page": 180, "referenceId": "ref_00446", "targetId": "gaz_via_della_navicella", "narrativePlaceId": "via_della_navicella", "gazetteerId": "gaz_via_della_navicella", "interpretationId": "interp_00523", "role": "ProjectedSpace", "simultaneous": true}, {"page": 180, "referenceId": "ref_00447", "targetId": "gaz_via_di_santo_stefano_rotondo", "narrativePlaceId": "via_di_santo_stefano_rotondo", "gazetteerId": "gaz_via_di_santo_stefano_rotondo", "interpretationId": "interp_00525", "role": "ProjectedSpace", "simultaneous": true}, {"page": 180, "referenceId": "ref_00448", "targetId": "gaz_santa_maria_in_domnica", "narrativePlaceId": "villa_celimontana", "gazetteerId": "gaz_santa_maria_in_domnica", "interpretationId": "interp_00527", "role": "ProjectedSpace", "simultaneous": true}, {"page": 180, "referenceId": "ref_00449", "targetId": "gaz_santa_maria_in_domnica", "narrativePlaceId": "santa_maria_in_domnica", "gazetteerId": "gaz_santa_maria_in_domnica", "interpretationId": "interp_00529", "role": "ProjectedSpace", "simultaneous": true}, {"page": 180, "referenceId": "ref_00450", "targetId": "gaz_tempio_di_agrippa", "narrativePlaceId": "tempio_di_agrippa", "gazetteerId": "gaz_tempio_di_agrippa", "interpretationId": "interp_00531", "role": "ProjectedSpace", "simultaneous": true}, {"page": 180, "referenceId": "ref_00451", "targetId": "gaz_santo_stefano_rotondo", "narrativePlaceId": "santo_stefano_rotondo", "gazetteerId": "gaz_santo_stefano_rotondo", "interpretationId": "interp_00533", "role": "ProjectedSpace", "simultaneous": true}, {"page": 180, "referenceId": "ref_00452", "targetId": "gaz_due_santi", "narrativePlaceId": "due_santi", "gazetteerId": "gaz_due_santi", "interpretationId": "interp_00535", "role": "ProjectedSpace", "simultaneous": true}, {"page": 181, "referenceId": "ref_00453", "targetId": "gaz_traforo", "narrativePlaceId": "traforo", "gazetteerId": "gaz_traforo", "interpretationId": "interp_00536", "role": "ProjectedSpace", "simultaneous": false}, {"page": 185, "referenceId": "ref_00461", "targetId": "gaz_rocca_savella", "narrativePlaceId": "publicii_clivio_de", "gazetteerId": "gaz_rocca_savella", "interpretationId": "interp_00546", "role": "ProjectedSpace", "simultaneous": true}, {"page": 185, "referenceId": "ref_00462", "targetId": "gaz_rocca_savella", "narrativePlaceId": "rocca_savella", "gazetteerId": "gaz_rocca_savella", "interpretationId": "interp_00548", "role": "ProjectedSpace", "simultaneous": true}, {"page": 187, "referenceId": "ref_00463", "targetId": "gaz_prati", "narrativePlaceId": "prati", "gazetteerId": "gaz_prati", "interpretationId": "interp_00549", "role": "ProjectedSpace", "simultaneous": false}, {"page": 193, "referenceId": "ref_00478", "targetId": "gaz_tor_ser_paolo", "narrativePlaceId": "tor_ser_paolo", "gazetteerId": "gaz_tor_ser_paolo", "interpretationId": "interp_00564", "role": "ProjectedSpace", "simultaneous": true}, {"page": 193, "referenceId": "ref_00479", "targetId": "casa_del_butiro", "narrativePlaceId": "casa_del_butiro", "gazetteerId": "gaz_due_santi", "interpretationId": "interp_00566", "role": "ProjectedSpace", "simultaneous": true}, {"page": 204, "referenceId": "ref_00504", "targetId": "gaz_piazza_vittorio_emanuele", "narrativePlaceId": "piazza_vittorio_emanuele", "gazetteerId": "gaz_piazza_vittorio_emanuele", "interpretationId": "interp_00599", "role": "ProjectedSpace", "simultaneous": true}, {"page": 204, "referenceId": "ref_00505", "targetId": "gaz_santa_maria_maggiore", "narrativePlaceId": "santa_maria_maggiore", "gazetteerId": "gaz_santa_maria_maggiore", "interpretationId": "interp_00601", "role": "ProjectedSpace", "simultaneous": true}]}, {"agentId": "virginia_troddu", "agentName": "Virginia Troddu", "chapterId": "capitolo_VII", "chapter": 7, "length": 9, "distinctTargets": 7, "dispersion": 0.778, "pageRange": [178, 180], "steps": [{"page": 178, "referenceId": "ref_00443", "targetId": "gaz_santo_stefano_rotondo", "narrativePlaceId": "santo_stefano_rotondo", "gazetteerId": "gaz_santo_stefano_rotondo", "interpretationId": "interp_00518", "role": "ProjectedSpace", "simultaneous": false}, {"page": 179, "referenceId": "ref_00444", "targetId": "strada_di_campagna_celio", "narrativePlaceId": "strada_di_campagna_celio", "gazetteerId": "gaz_celio", "interpretationId": "interp_00520", "role": "ProjectedSpace", "simultaneous": false}, {"page": 180, "referenceId": "ref_00445", "targetId": "gaz_via_di_san_paolo_della_croce", "narrativePlaceId": "via_di_san_paolo_della_croce", "gazetteerId": "gaz_via_di_san_paolo_della_croce", "interpretationId": "interp_00522", "role": "ProjectedSpace", "simultaneous": true}, {"page": 180, "referenceId": "ref_00446", "targetId": "gaz_via_della_navicella", "narrativePlaceId": "via_della_navicella", "gazetteerId": "gaz_via_della_navicella", "interpretationId": "interp_00524", "role": "ProjectedSpace", "simultaneous": true}, {"page": 180, "referenceId": "ref_00447", "targetId": "gaz_via_di_santo_stefano_rotondo", "narrativePlaceId": "via_di_santo_stefano_rotondo", "gazetteerId": "gaz_via_di_santo_stefano_rotondo", "interpretationId": "interp_00526", "role": "ProjectedSpace", "simultaneous": true}, {"page": 180, "referenceId": "ref_00448", "targetId": "gaz_santa_maria_in_domnica", "narrativePlaceId": "villa_celimontana", "gazetteerId": "gaz_santa_maria_in_domnica", "interpretationId": "interp_00528", "role": "ProjectedSpace", "simultaneous": true}, {"page": 180, "referenceId": "ref_00449", "targetId": "gaz_santa_maria_in_domnica", "narrativePlaceId": "santa_maria_in_domnica", "gazetteerId": "gaz_santa_maria_in_domnica", "interpretationId": "interp_00530", "role": "ProjectedSpace", "simultaneous": true}, {"page": 180, "referenceId": "ref_00450", "targetId": "gaz_tempio_di_agrippa", "narrativePlaceId": "tempio_di_agrippa", "gazetteerId": "gaz_tempio_di_agrippa", "interpretationId": "interp_00532", "role": "ProjectedSpace", "simultaneous": true}, {"page": 180, "referenceId": "ref_00451", "targetId": "gaz_santo_stefano_rotondo", "narrativePlaceId": "santo_stefano_rotondo", "gazetteerId": "gaz_santo_stefano_rotondo", "interpretationId": "interp_00534", "role": "ProjectedSpace", "simultaneous": true}]}, {"agentId": "ingravallo", "agentName": "Ingravallo", "chapterId": "capitolo_VII", "chapter": 7, "length": 8, "distinctTargets": 7, "dispersion": 0.875, "pageRange": [177, 192], "steps": [{"page": 177, "referenceId": "ref_00435", "targetId": "gaz_via_lanza", "narrativePlaceId": "palazzo_simonetti", "gazetteerId": "gaz_via_lanza", "interpretationId": "interp_00506", "role": "Marker", "simultaneous": true}, {"page": 177, "referenceId": "ref_00436", "targetId": "gaz_via_lanza", "narrativePlaceId": "via_lanza", "gazetteerId": "gaz_via_lanza", "interpretationId": "interp_00507", "role": "Marker", "simultaneous": true}, {"page": 192, "referenceId": "ref_00472", "targetId": "gaz_calabria", "narrativePlaceId": "calabria", "gazetteerId": "gaz_calabria", "interpretationId": "interp_00558", "role": "ProjectedSpace", "simultaneous": true}, {"page": 192, "referenceId": "ref_00473", "targetId": "gaz_sardegna", "narrativePlaceId": "sardegna", "gazetteerId": "gaz_sardegna", "interpretationId": "interp_00559", "role": "ProjectedSpace", "simultaneous": true}, {"page": 192, "referenceId": "ref_00474", "targetId": "monte_circeo", "narrativePlaceId": "monte_circeo", "gazetteerId": "gaz_monte_circeo", "interpretationId": "interp_00560", "role": "ProjectedSpace", "simultaneous": true}, {"page": 192, "referenceId": "ref_00475", "targetId": "gaz_reggio_calabria", "narrativePlaceId": "reggio_calabria", "gazetteerId": "gaz_reggio_calabria", "interpretationId": "interp_00561", "role": "ProjectedSpace", "simultaneous": true}, {"page": 192, "referenceId": "ref_00476", "targetId": "gaz_sassari", "narrativePlaceId": "sassari", "gazetteerId": "gaz_sassari", "interpretationId": "interp_00562", "role": "ProjectedSpace", "simultaneous": true}, {"page": 192, "referenceId": "ref_00477", "targetId": "gaz_civitavecchia", "narrativePlaceId": "civitavecchia", "gazetteerId": "gaz_civitavecchia", "interpretationId": "interp_00563", "role": "ProjectedSpace", "simultaneous": true}]}, {"agentId": "pestalozzi", "agentName": "Pestalozzi", "chapterId": "capitolo_VII", "chapter": 7, "length": 5, "distinctTargets": 4, "dispersion": 0.8, "pageRange": [176, 197], "steps": [{"page": 176, "referenceId": "ref_00434", "targetId": "colli_saluberrimi", "narrativePlaceId": "colli_saluberrimi", "gazetteerId": "gaz_colli_albani", "interpretationId": "interp_00505", "role": "ProjectedSpace", "simultaneous": false}, {"page": 177, "referenceId": "ref_00438", "targetId": "tenenza_carabinieri_marino", "narrativePlaceId": "tenenza_carabinieri_marino", "gazetteerId": "gaz_marino", "interpretationId": "interp_00509", "role": "Setting", "simultaneous": true}, {"page": 177, "referenceId": "ref_00439", "targetId": "gaz_via_del_gesu", "narrativePlaceId": "via_del_gesu", "gazetteerId": "gaz_via_del_gesu", "interpretationId": "interp_00510", "role": "Marker", "simultaneous": true}, {"page": 178, "referenceId": "ref_00440", "targetId": "gaz_via_del_gesu", "narrativePlaceId": "maccheronaro", "gazetteerId": "gaz_via_del_gesu", "interpretationId": "interp_00512", "role": "Marker", "simultaneous": false}, {"page": 197, "referenceId": "ref_00480", "targetId": "gaz_due_santi", "narrativePlaceId": "due_santi", "gazetteerId": "gaz_due_santi", "interpretationId": "interp_00569", "role": "ProjectedSpace", "simultaneous": false}]}, {"agentId": "pompeo", "agentName": "Pompeo", "chapterId": "capitolo_VII", "chapter": 7, "length": 5, "distinctTargets": 4, "dispersion": 0.8, "pageRange": [177, 189], "steps": [{"page": 177, "referenceId": "ref_00439", "targetId": "gaz_via_del_gesu", "narrativePlaceId": "via_del_gesu", "gazetteerId": "gaz_via_del_gesu", "interpretationId": "interp_00511", "role": "Marker", "simultaneous": false}, {"page": 178, "referenceId": "ref_00440", "targetId": "gaz_via_del_gesu", "narrativePlaceId": "maccheronaro", "gazetteerId": "gaz_via_del_gesu", "interpretationId": "interp_00513", "role": "Marker", "simultaneous": true}, {"page": 178, "referenceId": "ref_00441", "targetId": "gaz_santo_stefano_del_cacco_celio_santo_stefano", "narrativePlaceId": "santo_stefano_del_cacco_celio_santo_stefano", "gazetteerId": "gaz_santo_stefano_del_cacco_celio_santo_stefano", "interpretationId": "interp_00514", "role": "ProjectedSpace", "simultaneous": true}, {"page": 189, "referenceId": "ref_00467", "targetId": "pensione_burgess", "narrativePlaceId": "pensione_burgess", "gazetteerId": "gaz_porta_pinciana", "interpretationId": "interp_00553", "role": "ProjectedSpace", "simultaneous": true}, {"page": 189, "referenceId": "ref_00468", "targetId": "gaz_via_veneto", "narrativePlaceId": "via_veneto", "gazetteerId": "gaz_via_veneto", "interpretationId": "interp_00554", "role": "ProjectedSpace", "simultaneous": true}]}, {"agentId": "americana_inglese", "agentName": "Americana / Inglese", "chapterId": "capitolo_VII", "chapter": 7, "length": 5, "distinctTargets": 4, "dispersion": 0.8, "pageRange": [189, 190], "steps": [{"page": 189, "referenceId": "ref_00464", "targetId": "gaz_via_boncompagni", "narrativePlaceId": "via_boncompagni", "gazetteerId": "gaz_via_boncompagni", "interpretationId": "interp_00550", "role": "ProjectedSpace", "simultaneous": true}, {"page": 189, "referenceId": "ref_00465", "targetId": "gaz_via_veneto", "narrativePlaceId": "via_veneto", "gazetteerId": "gaz_via_veneto", "interpretationId": "interp_00551", "role": "ProjectedSpace", "simultaneous": true}, {"page": 189, "referenceId": "ref_00466", "targetId": "pensione_burgess", "narrativePlaceId": "pensione_burgess", "gazetteerId": "gaz_porta_pinciana", "interpretationId": "interp_00552", "role": "ProjectedSpace", "simultaneous": true}, {"page": 190, "referenceId": "ref_00469", "targetId": "gaz_molo_beverello", "narrativePlaceId": "palazzo_della_immacolatella", "gazetteerId": "gaz_molo_beverello", "interpretationId": "interp_00555", "role": "ProjectedSpace", "simultaneous": true}, {"page": 190, "referenceId": "ref_00470", "targetId": "gaz_molo_beverello", "narrativePlaceId": "molo_beverello", "gazetteerId": "gaz_molo_beverello", "interpretationId": "interp_00556", "role": "ProjectedSpace", "simultaneous": true}]}, {"agentId": "contessa_veneziana", "agentName": "Contessa Veneziana", "chapterId": "capitolo_VII", "chapter": 7, "length": 4, "distinctTargets": 4, "dispersion": 1.0, "pageRange": [199, 199], "steps": [{"page": 199, "referenceId": "ref_00481", "targetId": "gaz_termini", "narrativePlaceId": "termini", "gazetteerId": "gaz_termini", "interpretationId": "interp_00570", "role": "ProjectedSpace", "simultaneous": true}, {"page": 199, "referenceId": "ref_00482", "targetId": "gaz_piazza_vittorio_emanuele", "narrativePlaceId": "piazza_vittorio_emanuele", "gazetteerId": "gaz_piazza_vittorio_emanuele", "interpretationId": "interp_00572", "role": "ProjectedSpace", "simultaneous": true}, {"page": 199, "referenceId": "ref_00483", "targetId": "gaz_via_merulana", "narrativePlaceId": "via_merulana", "gazetteerId": "gaz_via_merulana", "interpretationId": "interp_00574", "role": "ProjectedSpace", "simultaneous": true}, {"page": 199, "referenceId": "ref_00484", "targetId": "gaz_piazza_san_giovanni", "narrativePlaceId": "piazza_san_giovanni", "gazetteerId": "gaz_piazza_san_giovanni", "interpretationId": "interp_00576", "role": "ProjectedSpace", "simultaneous": true}]}, {"agentId": "ascanio_lanciani", "agentName": "Ascanio Lanciani", "chapterId": "capitolo_VII", "chapter": 7, "length": 4, "distinctTargets": 3, "dispersion": 0.75, "pageRange": [203, 205], "steps": [{"page": 203, "referenceId": "ref_00503", "targetId": "palazzo_219", "narrativePlaceId": "palazzo_219", "gazetteerId": "gaz_via_merulana", "interpretationId": "interp_00597", "role": "ProjectedSpace", "simultaneous": false}, {"page": 204, "referenceId": "ref_00504", "targetId": "gaz_piazza_vittorio_emanuele", "narrativePlaceId": "piazza_vittorio_emanuele", "gazetteerId": "gaz_piazza_vittorio_emanuele", "interpretationId": "interp_00598", "role": "ProjectedSpace", "simultaneous": true}, {"page": 204, "referenceId": "ref_00505", "targetId": "gaz_santa_maria_maggiore", "narrativePlaceId": "santa_maria_maggiore", "gazetteerId": "gaz_santa_maria_maggiore", "interpretationId": "interp_00600", "role": "ProjectedSpace", "simultaneous": true}, {"page": 205, "referenceId": "ref_00506", "targetId": "gaz_piazza_vittorio_emanuele", "narrativePlaceId": "piazza_vittorio_emanuele", "gazetteerId": "gaz_piazza_vittorio_emanuele", "interpretationId": "interp_00602", "role": "ProjectedSpace", "simultaneous": false}]}, {"agentId": "pestalozzi", "agentName": "Pestalozzi", "chapterId": "capitolo_VIII", "chapter": 8, "length": 40, "distinctTargets": 30, "dispersion": 0.75, "pageRange": [206, 234], "steps": [{"page": 206, "referenceId": "ref_00507", "targetId": "tenenza_carabinieri_marino", "narrativePlaceId": "tenenza_carabinieri_marino", "gazetteerId": "gaz_marino", "interpretationId": "interp_00603", "role": null, "simultaneous": true}, {"page": 206, "referenceId": "ref_00508", "targetId": "laboratorio_zamira", "narrativePlaceId": "laboratorio_zamira", "gazetteerId": "gaz_due_santi", "interpretationId": "interp_00604", "role": null, "simultaneous": true}, {"page": 207, "referenceId": "ref_00510", "targetId": "laboratorio_zamira", "narrativePlaceId": "laboratorio_zamira", "gazetteerId": null, "interpretationId": "interp_00606", "role": "ProjectedSpace", "simultaneous": true}, {"page": 207, "referenceId": "ref_00511", "targetId": "casuccia_zamira", "narrativePlaceId": "casuccia_zamira", "gazetteerId": "gaz_due_santi", "interpretationId": "interp_00608", "role": "ProjectedSpace", "simultaneous": true}, {"page": 208, "referenceId": "ref_00514", "targetId": "laboratorio_zamira", "narrativePlaceId": "laboratorio_zamira", "gazetteerId": "gaz_due_santi", "interpretationId": "interp_00616", "role": "ProjectedSpace", "simultaneous": true}, {"page": 208, "referenceId": "ref_00515", "targetId": "tenenza_carabinieri_marino", "narrativePlaceId": "tenenza_carabinieri_marino", "gazetteerId": "gaz_marino", "interpretationId": "interp_00617", "role": null, "simultaneous": true}, {"page": 210, "referenceId": "ref_00516", "targetId": "porta_borgo_marino", "narrativePlaceId": "porta_borgo_marino", "gazetteerId": "gaz_marino", "interpretationId": "interp_00619", "role": null, "simultaneous": true}, {"page": 210, "referenceId": "ref_00517", "targetId": "gaz_via_appia", "narrativePlaceId": "via_appia", "gazetteerId": "gaz_via_appia", "interpretationId": "interp_00621", "role": "Marker", "simultaneous": true}, {"page": 210, "referenceId": "ref_00518", "targetId": "gaz_monte_algido", "narrativePlaceId": "monte_algido", "gazetteerId": "gaz_monte_algido", "interpretationId": "interp_00623", "role": "Marker", "simultaneous": true}, {"page": 210, "referenceId": "ref_00519", "targetId": "gaz_monti_carseolani", "narrativePlaceId": "monti_carseolani", "gazetteerId": "gaz_monti_carseolani", "interpretationId": "interp_00624", "role": "Marker", "simultaneous": true}, {"page": 210, "referenceId": "ref_00520", "targetId": "gaz_monte_velino", "narrativePlaceId": "monte_velino", "gazetteerId": "gaz_monte_velino", "interpretationId": "interp_00625", "role": "Marker", "simultaneous": true}, {"page": 210, "referenceId": "ref_00521", "targetId": "gaz_monte_soratte", "narrativePlaceId": "monte_soratte", "gazetteerId": "gaz_monte_soratte", "interpretationId": "interp_00626", "role": "Marker", "simultaneous": true}, {"page": 210, "referenceId": "ref_00522", "targetId": "gaz_carsoli", "narrativePlaceId": "carsoli", "gazetteerId": "gaz_carsoli", "interpretationId": "interp_00627", "role": "Marker", "simultaneous": true}, {"page": 210, "referenceId": "ref_00523", "targetId": "gaz_tivoli", "narrativePlaceId": "tivoli", "gazetteerId": "gaz_tivoli", "interpretationId": "interp_00628", "role": "Marker", "simultaneous": true}, {"page": 210, "referenceId": "ref_00524", "targetId": "montagne_degli_equi", "narrativePlaceId": "montagne_degli_equi", "gazetteerId": "gaz_monti_carseolani", "interpretationId": "interp_00629", "role": "Marker", "simultaneous": true}, {"page": 210, "referenceId": "ref_00525", "targetId": "gaz_monte_velino", "narrativePlaceId": "monte_velino", "gazetteerId": "gaz_monte_velino", "interpretationId": "interp_00630", "role": "Marker", "simultaneous": true}, {"page": 210, "referenceId": "ref_00526", "targetId": "gaz_marsica", "narrativePlaceId": "marsica", "gazetteerId": "gaz_marsica", "interpretationId": "interp_00631", "role": "Marker", "simultaneous": true}, {"page": 210, "referenceId": "ref_00527", "targetId": "gaz_fiumicino", "narrativePlaceId": "litorale_fiumicino", "gazetteerId": "gaz_fiumicino", "interpretationId": "interp_00632", "role": "Marker", "simultaneous": true}, {"page": 210, "referenceId": "ref_00528", "targetId": "gaz_ladispoli", "narrativePlaceId": "litorale_ladispoli", "gazetteerId": "gaz_ladispoli", "interpretationId": "interp_00633", "role": "Marker", "simultaneous": true}, {"page": 211, "referenceId": "ref_00529", "targetId": "gaz_fontana_di_papa", "narrativePlaceId": "fontana_di_papa", "gazetteerId": "gaz_fontana_di_papa", "interpretationId": "interp_00634", "role": null, "simultaneous": true}, {"page": 211, "referenceId": "ref_00530", "targetId": "gaz_porta_san_paolo", "narrativePlaceId": "porta_san_paolo", "gazetteerId": "gaz_porta_san_paolo", "interpretationId": "interp_00636", "role": "Marker", "simultaneous": true}, {"page": 211, "referenceId": "ref_00531", "targetId": "gaz_piazza_san_pietro", "narrativePlaceId": "cupola_san_pietro", "gazetteerId": "gaz_piazza_san_pietro", "interpretationId": "interp_00637", "role": "Marker", "simultaneous": true}, {"page": 211, "referenceId": "ref_00532", "targetId": "gaz_acquedotto_claudio", "narrativePlaceId": "acquedotto_claudio", "gazetteerId": "gaz_acquedotto_claudio", "interpretationId": "interp_00638", "role": "Marker", "simultaneous": true}, {"page": 211, "referenceId": "ref_00533", "targetId": "gaz_due_santi", "narrativePlaceId": "due_santi", "gazetteerId": "gaz_due_santi", "interpretationId": "interp_00639", "role": "ProjectedSpace", "simultaneous": true}, {"page": 212, "referenceId": "ref_00534", "targetId": "gaz_casal_bruciato", "narrativePlaceId": "casal_bruciato", "gazetteerId": "gaz_casal_bruciato", "interpretationId": "interp_00641", "role": "ProjectedSpace", "simultaneous": true}, {"page": 212, "referenceId": "ref_00535", "targetId": "gaz_direttissima_roma_napoli", "narrativePlaceId": "direttissima_roma_napoli", "gazetteerId": "gaz_direttissima_roma_napoli", "interpretationId": "interp_00642", "role": "ProjectedSpace", "simultaneous": true}, {"page": 212, "referenceId": "ref_00536", "targetId": "gaz_campo_morto", "narrativePlaceId": "campo_morto", "gazetteerId": "gaz_campo_morto", "interpretationId": "interp_00643", "role": "ProjectedSpace", "simultaneous": true}, {"page": 213, "referenceId": "ref_00537", "targetId": "monte_circeo", "narrativePlaceId": "monte_circeo", "gazetteerId": "gaz_monte_circeo", "interpretationId": "interp_00644", "role": "ProjectedSpace", "simultaneous": true}, {"page": 213, "referenceId": "ref_00538", "targetId": "castel_porcano", "narrativePlaceId": "castel_porcano", "gazetteerId": "gaz_castel_porziano", "interpretationId": "interp_00645", "role": "ProjectedSpace", "simultaneous": true}, {"page": 213, "referenceId": "ref_00539", "targetId": "castel_porcano", "narrativePlaceId": "castel_porcano", "gazetteerId": "gaz_castel_porziano", "interpretationId": "interp_00646", "role": "ProjectedSpace", "simultaneous": true}, {"page": 215, "referenceId": "ref_00540", "targetId": "gaz_due_santi", "narrativePlaceId": "due_santi", "gazetteerId": "gaz_due_santi", "interpretationId": "interp_00647", "role": "ProjectedSpace", "simultaneous": true}, {"page": 215, "referenceId": "ref_00541", "targetId": "gaz_monti_ernici", "narrativePlaceId": "monti_ernici", "gazetteerId": "gaz_monti_ernici", "interpretationId": "interp_00649", "role": "Marker", "simultaneous": true}, {"page": 215, "referenceId": "ref_00542", "targetId": "gaz_monti_simbruini", "narrativePlaceId": "monti_simbruini", "gazetteerId": "gaz_monti_simbruini", "interpretationId": "interp_00650", "role": "Marker", "simultaneous": true}, {"page": 215, "referenceId": "ref_00543", "targetId": "gaz_due_santi", "narrativePlaceId": "due_santi", "gazetteerId": "gaz_due_santi", "interpretationId": "interp_00651", "role": null, "simultaneous": true}, {"page": 222, "referenceId": "ref_00558", "targetId": "laboratorio_zamira", "narrativePlaceId": "laboratorio_zamira", "gazetteerId": "gaz_due_santi", "interpretationId": "interp_00669", "role": "Setting", "simultaneous": true}, {"page": 222, "referenceId": "ref_00559", "targetId": "gaz_santa_maria_novella", "narrativePlaceId": "santa_maria_novella", "gazetteerId": "gaz_santa_maria_novella", "interpretationId": "interp_00671", "role": "ProjectedSpace", "simultaneous": true}, {"page": 223, "referenceId": "ref_00560", "targetId": "gaz_torraccio", "narrativePlaceId": "torraccio", "gazetteerId": "gaz_torraccio", "interpretationId": "interp_00672", "role": "ProjectedSpace", "simultaneous": false}, {"page": 233, "referenceId": "ref_00562", "targetId": "gaz_via_del_gobbo", "narrativePlaceId": "via_del_gobbo", "gazetteerId": "gaz_via_del_gobbo", "interpretationId": "interp_00674", "role": "ProjectedSpace", "simultaneous": false}, {"page": 234, "referenceId": "ref_00563", "targetId": "laboratorio_zamira", "narrativePlaceId": "laboratorio_zamira", "gazetteerId": "gaz_due_santi", "interpretationId": "interp_00675", "role": "Setting", "simultaneous": true}, {"page": 234, "referenceId": "ref_00565", "targetId": "tenenza_carabinieri_marino", "narrativePlaceId": "tenenza_carabinieri_marino", "gazetteerId": "gaz_marino", "interpretationId": "interp_00678", "role": "ProjectedSpace", "simultaneous": true}]}, {"agentId": "cocullo", "agentName": "Cocullo", "chapterId": "capitolo_VIII", "chapter": 8, "length": 10, "distinctTargets": 8, "dispersion": 0.8, "pageRange": [208, 222], "steps": [{"page": 208, "referenceId": "ref_00515", "targetId": "tenenza_carabinieri_marino", "narrativePlaceId": "tenenza_carabinieri_marino", "gazetteerId": "gaz_marino", "interpretationId": "interp_00618", "role": null, "simultaneous": false}, {"page": 210, "referenceId": "ref_00516", "targetId": "porta_borgo_marino", "narrativePlaceId": "porta_borgo_marino", "gazetteerId": "gaz_marino", "interpretationId": "interp_00620", "role": "Marker", "simultaneous": true}, {"page": 210, "referenceId": "ref_00517", "targetId": "gaz_via_appia", "narrativePlaceId": "via_appia", "gazetteerId": "gaz_via_appia", "interpretationId": "interp_00622", "role": "Marker", "simultaneous": true}, {"page": 211, "referenceId": "ref_00529", "targetId": "gaz_fontana_di_papa", "narrativePlaceId": "fontana_di_papa", "gazetteerId": "gaz_fontana_di_papa", "interpretationId": "interp_00635", "role": null, "simultaneous": true}, {"page": 211, "referenceId": "ref_00533", "targetId": "gaz_due_santi", "narrativePlaceId": "due_santi", "gazetteerId": "gaz_due_santi", "interpretationId": "interp_00640", "role": "ProjectedSpace", "simultaneous": true}, {"page": 215, "referenceId": "ref_00540", "targetId": "gaz_due_santi", "narrativePlaceId": "due_santi", "gazetteerId": "gaz_due_santi", "interpretationId": "interp_00648", "role": "ProjectedSpace", "simultaneous": true}, {"page": 215, "referenceId": "ref_00543", "targetId": "gaz_due_santi", "narrativePlaceId": "due_santi", "gazetteerId": "gaz_due_santi", "interpretationId": "interp_00652", "role": null, "simultaneous": true}, {"page": 219, "referenceId": "ref_00554", "targetId": "edicola_due_santi", "narrativePlaceId": "edicola_due_santi", "gazetteerId": null, "interpretationId": "interp_00664", "role": "Marker", "simultaneous": true}, {"page": 219, "referenceId": "ref_00555", "targetId": "gaz_frattocchie", "narrativePlaceId": "frattocchie", "gazetteerId": "gaz_frattocchie", "interpretationId": "interp_00665", "role": "ProjectedSpace", "simultaneous": true}, {"page": 222, "referenceId": "ref_00558", "targetId": "laboratorio_zamira", "narrativePlaceId": "laboratorio_zamira", "gazetteerId": "gaz_due_santi", "interpretationId": "interp_00670", "role": "Setting", "simultaneous": false}]}, {"agentId": "narrator", "agentName": "narrator", "chapterId": "capitolo_VIII", "chapter": 8, "length": 9, "distinctTargets": 6, "dispersion": 0.667, "pageRange": [216, 219], "steps": [{"page": 216, "referenceId": "ref_00545", "targetId": "gaz_via_appia", "narrativePlaceId": "via_appia", "gazetteerId": "gaz_via_appia", "interpretationId": "interp_00655", "role": "Marker", "simultaneous": true}, {"page": 216, "referenceId": "ref_00546", "targetId": "gaz_albano_laziale", "narrativePlaceId": "albano_laziale", "gazetteerId": "gaz_albano_laziale", "interpretationId": "interp_00656", "role": "Marker", "simultaneous": true}, {"page": 216, "referenceId": "ref_00547", "targetId": "laboratorio_zamira", "narrativePlaceId": "laboratorio_zamira", "gazetteerId": "gaz_due_santi", "interpretationId": "interp_00657", "role": "Setting", "simultaneous": true}, {"page": 216, "referenceId": "ref_00548", "targetId": "gaz_via_appia", "narrativePlaceId": "via_appia", "gazetteerId": "gaz_via_appia", "interpretationId": "interp_00658", "role": "Marker", "simultaneous": true}, {"page": 216, "referenceId": "ref_00549", "targetId": "orto_vigna_due_santi", "narrativePlaceId": "orto_vigna_due_santi", "gazetteerId": null, "interpretationId": "interp_00659", "role": "Marker", "simultaneous": true}, {"page": 216, "referenceId": "ref_00550", "targetId": "edicola_due_santi", "narrativePlaceId": "edicola_due_santi", "gazetteerId": null, "interpretationId": "interp_00660", "role": "Marker", "simultaneous": true}, {"page": 216, "referenceId": "ref_00551", "targetId": "gaz_via_appia", "narrativePlaceId": "via_appia", "gazetteerId": "gaz_via_appia", "interpretationId": "interp_00661", "role": "Marker", "simultaneous": true}, {"page": 217, "referenceId": "ref_00552", "targetId": "gaz_due_santi", "narrativePlaceId": "due_santi", "gazetteerId": "gaz_due_santi", "interpretationId": "interp_00662", "role": "Marker", "simultaneous": false}, {"page": 219, "referenceId": "ref_00553", "targetId": "edicola_due_santi", "narrativePlaceId": "edicola_due_santi", "gazetteerId": null, "interpretationId": "interp_00663", "role": "Marker", "simultaneous": false}]}, {"agentId": "camilla_mattonari", "agentName": "Camilla Mattonari", "chapterId": "capitolo_VIII", "chapter": 8, "length": 7, "distinctTargets": 5, "dispersion": 0.714, "pageRange": [221, 237], "steps": [{"page": 221, "referenceId": "ref_00557", "targetId": "gaz_pavona", "narrativePlaceId": "pavona", "gazetteerId": "gaz_pavona", "interpretationId": "interp_00667", "role": "ProjectedSpace", "simultaneous": false}, {"page": 237, "referenceId": "ref_00566", "targetId": "gaz_castel_di_leva", "narrativePlaceId": "castel_di_leva", "gazetteerId": "gaz_castel_di_leva", "interpretationId": "interp_00679", "role": "ProjectedSpace", "simultaneous": true}, {"page": 237, "referenceId": "ref_00567", "targetId": "ponte_divino_amore", "narrativePlaceId": "ponte_divino_amore", "gazetteerId": "gaz_ponte_divino_amore", "interpretationId": "interp_00680", "role": "ProjectedSpace", "simultaneous": true}, {"page": 237, "referenceId": "ref_00568", "targetId": "gaz_casal_bruciato", "narrativePlaceId": "casal_bruciato", "gazetteerId": "gaz_casal_bruciato", "interpretationId": "interp_00681", "role": "ProjectedSpace", "simultaneous": true}, {"page": 237, "referenceId": "ref_00569", "targetId": "gaz_divino_amore", "narrativePlaceId": "divino_amore", "gazetteerId": "gaz_divino_amore", "interpretationId": "interp_00682", "role": "ProjectedSpace", "simultaneous": true}, {"page": 237, "referenceId": "ref_00570", "targetId": "ponte_divino_amore", "narrativePlaceId": "ponte_divino_amore", "gazetteerId": "gaz_ponte_divino_amore", "interpretationId": "interp_00683", "role": "ProjectedSpace", "simultaneous": true}, {"page": 237, "referenceId": "ref_00571", "targetId": "ponte_divino_amore", "narrativePlaceId": "ponte_divino_amore", "gazetteerId": "gaz_ponte_divino_amore", "interpretationId": "interp_00684", "role": "ProjectedSpace", "simultaneous": true}]}, {"agentId": "zamira_pacori", "agentName": "Zamira Pacori", "chapterId": "capitolo_VIII", "chapter": 8, "length": 5, "distinctTargets": 3, "dispersion": 0.6, "pageRange": [207, 234], "steps": [{"page": 207, "referenceId": "ref_00513", "targetId": "ditta_ciurlani", "narrativePlaceId": "ditta_ciurlani", "gazetteerId": "gaz_marino", "interpretationId": "interp_00612", "role": "ProjectedSpace", "simultaneous": false}, {"page": 208, "referenceId": "ref_00514", "targetId": "laboratorio_zamira", "narrativePlaceId": "laboratorio_zamira", "gazetteerId": "gaz_due_santi", "interpretationId": "interp_00614", "role": "ProjectedSpace", "simultaneous": false}, {"page": 222, "referenceId": "ref_00558", "targetId": "laboratorio_zamira", "narrativePlaceId": "laboratorio_zamira", "gazetteerId": "gaz_due_santi", "interpretationId": "interp_00668", "role": "Setting", "simultaneous": false}, {"page": 234, "referenceId": "ref_00563", "targetId": "laboratorio_zamira", "narrativePlaceId": "laboratorio_zamira", "gazetteerId": "gaz_due_santi", "interpretationId": "interp_00676", "role": "Setting", "simultaneous": true}, {"page": 234, "referenceId": "ref_00564", "targetId": "gaz_due_santi", "narrativePlaceId": "due_santi", "gazetteerId": "gaz_due_santi", "interpretationId": "interp_00677", "role": "ProjectedSpace", "simultaneous": true}]}, {"agentId": "santarella", "agentName": "Santarella", "chapterId": "capitolo_VIII", "chapter": 8, "length": 4, "distinctTargets": 3, "dispersion": 0.75, "pageRange": [207, 208], "steps": [{"page": 207, "referenceId": "ref_00510", "targetId": "laboratorio_zamira", "narrativePlaceId": "laboratorio_zamira", "gazetteerId": null, "interpretationId": "interp_00607", "role": "ProjectedSpace", "simultaneous": true}, {"page": 207, "referenceId": "ref_00511", "targetId": "casuccia_zamira", "narrativePlaceId": "casuccia_zamira", "gazetteerId": "gaz_due_santi", "interpretationId": "interp_00609", "role": "ProjectedSpace", "simultaneous": true}, {"page": 207, "referenceId": "ref_00512", "targetId": "gaz_santa_margherita_in_abitacolo", "narrativePlaceId": "santa_margherita_in_abitacolo", "gazetteerId": "gaz_santa_margherita_in_abitacolo", "interpretationId": "interp_00610", "role": "ProjectedSpace", "simultaneous": true}, {"page": 208, "referenceId": "ref_00514", "targetId": "laboratorio_zamira", "narrativePlaceId": "laboratorio_zamira", "gazetteerId": "gaz_due_santi", "interpretationId": "interp_00615", "role": "ProjectedSpace", "simultaneous": false}]}, {"agentId": "clelia_farcioni", "agentName": "Clelia Farcioni", "chapterId": "capitolo_VIII", "chapter": 8, "length": 2, "distinctTargets": 2, "dispersion": 1.0, "pageRange": [207, 221], "steps": [{"page": 207, "referenceId": "ref_00512", "targetId": "gaz_santa_margherita_in_abitacolo", "narrativePlaceId": "santa_margherita_in_abitacolo", "gazetteerId": "gaz_santa_margherita_in_abitacolo", "interpretationId": "interp_00611", "role": "ProjectedSpace", "simultaneous": false}, {"page": 221, "referenceId": "ref_00556", "targetId": "pozzofondo", "narrativePlaceId": "pozzofondo", "gazetteerId": "gaz_valle_fondo", "interpretationId": "interp_00666", "role": "ProjectedSpace", "simultaneous": false}]}, {"agentId": "ingravallo", "agentName": "Ingravallo", "chapterId": "capitolo_X", "chapter": 10, "length": 41, "distinctTargets": 30, "dispersion": 0.732, "pageRange": [286, 302], "steps": [{"page": 286, "referenceId": "ref_00669", "targetId": "gaz_santa_maria_della_neve", "narrativePlaceId": "santa_maria_della_neve", "gazetteerId": "gaz_santa_maria_della_neve", "interpretationId": "interp_00834", "role": "Marker", "simultaneous": false}, {"page": 291, "referenceId": "ref_00670", "targetId": "gaz_benevento", "narrativePlaceId": "benevento", "gazetteerId": "gaz_benevento", "interpretationId": "interp_00835", "role": "ProjectedSpace", "simultaneous": false}, {"page": 292, "referenceId": "ref_00674", "targetId": "gaz_via_lanza", "narrativePlaceId": "via_lanza", "gazetteerId": "gaz_via_lanza", "interpretationId": "interp_00839", "role": "Marker", "simultaneous": true}, {"page": 292, "referenceId": "ref_00675", "targetId": "gaz_largo_brancaccio", "narrativePlaceId": "largo_brancaccio", "gazetteerId": "gaz_largo_brancaccio", "interpretationId": "interp_00842", "role": null, "simultaneous": true}, {"page": 292, "referenceId": "ref_00676", "targetId": "gaz_via_merulana", "narrativePlaceId": "via_merulana", "gazetteerId": "gaz_via_merulana", "interpretationId": "interp_00845", "role": null, "simultaneous": true}, {"page": 292, "referenceId": "ref_00677", "targetId": "gaz_piazza_san_giovanni", "narrativePlaceId": "piazza_san_giovanni", "gazetteerId": "gaz_piazza_san_giovanni", "interpretationId": "interp_00848", "role": null, "simultaneous": true}, {"page": 292, "referenceId": "ref_00679", "targetId": "gaz_santa_maria_maggiore", "narrativePlaceId": "santa_maria_maggiore", "gazetteerId": "gaz_santa_maria_maggiore", "interpretationId": "interp_00854", "role": "Marker", "simultaneous": true}, {"page": 292, "referenceId": "ref_00681", "targetId": "gaz_via_merulana", "narrativePlaceId": "via_merulana", "gazetteerId": "gaz_via_merulana", "interpretationId": "interp_00856", "role": "Setting", "simultaneous": true}, {"page": 294, "referenceId": "ref_00683", "targetId": "gaz_marino", "narrativePlaceId": "marino", "gazetteerId": "gaz_marino", "interpretationId": "interp_00858", "role": "Marker", "simultaneous": true}, {"page": 294, "referenceId": "ref_00683", "targetId": "tenenza_carabinieri_marino", "narrativePlaceId": "tenenza_carabinieri_marino", "gazetteerId": "gaz_marino", "interpretationId": "interp_00861", "role": "Setting", "simultaneous": true}, {"page": 294, "referenceId": "ref_00684", "targetId": "gaz_via_massimo_dazeglio", "narrativePlaceId": "via_massimo_dazeglio", "gazetteerId": "gaz_via_massimo_dazeglio", "interpretationId": "interp_00864", "role": "Marker", "simultaneous": true}, {"page": 296, "referenceId": "ref_00687", "targetId": "gaz_via_massimo_dazeglio", "narrativePlaceId": "via_massimo_dazeglio", "gazetteerId": "gaz_via_massimo_dazeglio", "interpretationId": "interp_00868", "role": "Marker", "simultaneous": false}, {"page": 297, "referenceId": "ref_00688", "targetId": "gaz_torraccio", "narrativePlaceId": "torraccio", "gazetteerId": "gaz_torraccio", "interpretationId": "interp_00872", "role": null, "simultaneous": true}, {"page": 297, "referenceId": "ref_00689", "targetId": "gaz_via_appia", "narrativePlaceId": "via_appia", "gazetteerId": "gaz_via_appia", "interpretationId": "interp_00876", "role": null, "simultaneous": true}, {"page": 297, "referenceId": "ref_00690", "targetId": "gaz_due_santi", "narrativePlaceId": "due_santi", "gazetteerId": "gaz_due_santi", "interpretationId": "interp_00880", "role": null, "simultaneous": true}, {"page": 297, "referenceId": "ref_00691", "targetId": "gaz_via_della_falcognana", "narrativePlaceId": "via_della_falcognana", "gazetteerId": "gaz_via_della_falcognana", "interpretationId": "interp_00884", "role": null, "simultaneous": true}, {"page": 297, "referenceId": "ref_00692", "targetId": "gaz_via_anziate", "narrativePlaceId": "via_anziate", "gazetteerId": "gaz_via_anziate", "interpretationId": "interp_00888", "role": null, "simultaneous": true}, {"page": 297, "referenceId": "ref_00693", "targetId": "ponte_di_santa_fumia", "narrativePlaceId": "ponte_di_santa_fumia", "gazetteerId": "gaz_quarto_di_santa_fumia", "interpretationId": "interp_00892", "role": null, "simultaneous": true}, {"page": 297, "referenceId": "ref_00694", "targetId": "tor_di_gheppio", "narrativePlaceId": "tor_di_gheppio", "gazetteerId": "gaz_quarto_di_santa_fumia", "interpretationId": "interp_00896", "role": null, "simultaneous": true}, {"page": 297, "referenceId": "ref_00695", "targetId": "gaz_casal_bruciato", "narrativePlaceId": "casal_bruciato", "gazetteerId": "gaz_casal_bruciato", "interpretationId": "interp_00900", "role": null, "simultaneous": true}, {"page": 297, "referenceId": "ref_00696", "targetId": "gaz_ferrovia_roma_velletri", "narrativePlaceId": "ferrovia_roma_velletri", "gazetteerId": "gaz_ferrovia_roma_velletri", "interpretationId": "interp_00904", "role": null, "simultaneous": true}, {"page": 297, "referenceId": "ref_00697", "targetId": "ponte_divino_amore", "narrativePlaceId": "ponte_divino_amore", "gazetteerId": "gaz_ponte_divino_amore", "interpretationId": "interp_00908", "role": null, "simultaneous": true}, {"page": 298, "referenceId": "ref_00701", "targetId": "gaz_pavona", "narrativePlaceId": "pavona", "gazetteerId": "gaz_pavona", "interpretationId": "interp_00919", "role": "Marker", "simultaneous": true}, {"page": 298, "referenceId": "ref_00702", "targetId": "stazione_pavona", "narrativePlaceId": "stazione_pavona", "gazetteerId": "gaz_pavona", "interpretationId": "interp_00921", "role": "Marker", "simultaneous": true}, {"page": 298, "referenceId": "ref_00703", "targetId": "gaz_direttissima_roma_napoli", "narrativePlaceId": "direttissima_roma_napoli", "gazetteerId": "gaz_direttissima_roma_napoli", "interpretationId": "interp_00922", "role": "Marker", "simultaneous": true}, {"page": 298, "referenceId": "ref_00704", "targetId": "tor_di_gheppio", "narrativePlaceId": "tor_di_gheppio", "gazetteerId": "gaz_quarto_di_santa_fumia", "interpretationId": "interp_00924", "role": "ProjectedSpace", "simultaneous": true}, {"page": 298, "referenceId": "ref_00705", "targetId": "gaz_pavona", "narrativePlaceId": "pavona", "gazetteerId": "gaz_pavona", "interpretationId": "interp_00926", "role": "ProjectedSpace", "simultaneous": true}, {"page": 298, "referenceId": "ref_00706", "targetId": "gaz_casal_bruciato", "narrativePlaceId": "casal_bruciato", "gazetteerId": "gaz_casal_bruciato", "interpretationId": "interp_00928", "role": "ProjectedSpace", "simultaneous": true}, {"page": 298, "referenceId": "ref_00707", "targetId": "gaz_via_ardeatina", "narrativePlaceId": "via_ardeatina", "gazetteerId": "gaz_via_ardeatina", "interpretationId": "interp_00930", "role": "ProjectedSpace", "simultaneous": true}, {"page": 298, "referenceId": "ref_00708", "targetId": "gaz_ardea", "narrativePlaceId": "ardea", "gazetteerId": "gaz_ardea", "interpretationId": "interp_00932", "role": "ProjectedSpace", "simultaneous": true}, {"page": 298, "referenceId": "ref_00709", "targetId": "gaz_santa_palomba", "narrativePlaceId": "santa_palomba", "gazetteerId": "gaz_santa_palomba", "interpretationId": "interp_00934", "role": "ProjectedSpace", "simultaneous": true}, {"page": 298, "referenceId": "ref_00710", "targetId": "gaz_marino", "narrativePlaceId": "marino", "gazetteerId": "gaz_marino", "interpretationId": "interp_00936", "role": "ProjectedSpace", "simultaneous": true}, {"page": 298, "referenceId": "ref_00711", "targetId": "gaz_solforata", "narrativePlaceId": "solforata", "gazetteerId": "gaz_solforata", "interpretationId": "interp_00938", "role": "ProjectedSpace", "simultaneous": true}, {"page": 298, "referenceId": "ref_00712", "targetId": "gaz_pratica_di_mare", "narrativePlaceId": "pratica_di_mare", "gazetteerId": "gaz_pratica_di_mare", "interpretationId": "interp_00940", "role": "ProjectedSpace", "simultaneous": true}, {"page": 298, "referenceId": "ref_00713", "targetId": "gaz_palazzo", "narrativePlaceId": "palazzo", "gazetteerId": "gaz_palazzo", "interpretationId": "interp_00942", "role": "ProjectedSpace", "simultaneous": true}, {"page": 298, "referenceId": "ref_00714", "targetId": "gaz_pavona", "narrativePlaceId": "pavona", "gazetteerId": "gaz_pavona", "interpretationId": "interp_00944", "role": "ProjectedSpace", "simultaneous": true}, {"page": 298, "referenceId": "ref_00715", "targetId": "gaz_casal_bruciato", "narrativePlaceId": "casal_bruciato", "gazetteerId": "gaz_casal_bruciato", "interpretationId": "interp_00946", "role": "ProjectedSpace", "simultaneous": true}, {"page": 298, "referenceId": "ref_00716", "targetId": "tor_di_gheppio", "narrativePlaceId": "tor_di_gheppio", "gazetteerId": "gaz_quarto_di_santa_fumia", "interpretationId": "interp_00948", "role": "ProjectedSpace", "simultaneous": true}, {"page": 299, "referenceId": "ref_00717", "targetId": "casa_crocchiapani", "narrativePlaceId": "casa_crocchiapani", "gazetteerId": null, "interpretationId": "interp_00950", "role": "Setting", "simultaneous": false}, {"page": 302, "referenceId": "ref_00720", "targetId": "casa_crocchiapani", "narrativePlaceId": "casa_crocchiapani", "gazetteerId": null, "interpretationId": "interp_00956", "role": "Setting", "simultaneous": true}, {"page": 302, "referenceId": "ref_00721", "targetId": "tor_di_gheppio", "narrativePlaceId": "tor_di_gheppio", "gazetteerId": "gaz_quarto_di_santa_fumia", "interpretationId": "interp_00959", "role": "ProjectedSpace", "simultaneous": true}]}, {"agentId": "agente_runzato", "agentName": "Agente Runzato", "chapterId": "capitolo_X", "chapter": 10, "length": 28, "distinctTargets": 22, "dispersion": 0.786, "pageRange": [296, 299], "steps": [{"page": 296, "referenceId": "ref_00687", "targetId": "gaz_via_massimo_dazeglio", "narrativePlaceId": "via_massimo_dazeglio", "gazetteerId": "gaz_via_massimo_dazeglio", "interpretationId": "interp_00871", "role": "Marker", "simultaneous": false}, {"page": 297, "referenceId": "ref_00688", "targetId": "gaz_torraccio", "narrativePlaceId": "torraccio", "gazetteerId": "gaz_torraccio", "interpretationId": "interp_00875", "role": null, "simultaneous": true}, {"page": 297, "referenceId": "ref_00689", "targetId": "gaz_via_appia", "narrativePlaceId": "via_appia", "gazetteerId": "gaz_via_appia", "interpretationId": "interp_00879", "role": null, "simultaneous": true}, {"page": 297, "referenceId": "ref_00690", "targetId": "gaz_due_santi", "narrativePlaceId": "due_santi", "gazetteerId": "gaz_due_santi", "interpretationId": "interp_00883", "role": null, "simultaneous": true}, {"page": 297, "referenceId": "ref_00691", "targetId": "gaz_via_della_falcognana", "narrativePlaceId": "via_della_falcognana", "gazetteerId": "gaz_via_della_falcognana", "interpretationId": "interp_00887", "role": null, "simultaneous": true}, {"page": 297, "referenceId": "ref_00692", "targetId": "gaz_via_anziate", "narrativePlaceId": "via_anziate", "gazetteerId": "gaz_via_anziate", "interpretationId": "interp_00891", "role": null, "simultaneous": true}, {"page": 297, "referenceId": "ref_00693", "targetId": "ponte_di_santa_fumia", "narrativePlaceId": "ponte_di_santa_fumia", "gazetteerId": "gaz_quarto_di_santa_fumia", "interpretationId": "interp_00895", "role": null, "simultaneous": true}, {"page": 297, "referenceId": "ref_00694", "targetId": "tor_di_gheppio", "narrativePlaceId": "tor_di_gheppio", "gazetteerId": "gaz_quarto_di_santa_fumia", "interpretationId": "interp_00899", "role": null, "simultaneous": true}, {"page": 297, "referenceId": "ref_00695", "targetId": "gaz_casal_bruciato", "narrativePlaceId": "casal_bruciato", "gazetteerId": "gaz_casal_bruciato", "interpretationId": "interp_00903", "role": null, "simultaneous": true}, {"page": 297, "referenceId": "ref_00696", "targetId": "gaz_ferrovia_roma_velletri", "narrativePlaceId": "ferrovia_roma_velletri", "gazetteerId": "gaz_ferrovia_roma_velletri", "interpretationId": "interp_00907", "role": null, "simultaneous": true}, {"page": 297, "referenceId": "ref_00697", "targetId": "ponte_divino_amore", "narrativePlaceId": "ponte_divino_amore", "gazetteerId": "gaz_ponte_divino_amore", "interpretationId": "interp_00911", "role": null, "simultaneous": true}, {"page": 298, "referenceId": "ref_00701", "targetId": "gaz_pavona", "narrativePlaceId": "pavona", "gazetteerId": "gaz_pavona", "interpretationId": "interp_00918", "role": "Marker", "simultaneous": true}, {"page": 298, "referenceId": "ref_00702", "targetId": "stazione_pavona", "narrativePlaceId": "stazione_pavona", "gazetteerId": "gaz_pavona", "interpretationId": "interp_00920", "role": "Marker", "simultaneous": true}, {"page": 298, "referenceId": "ref_00703", "targetId": "gaz_direttissima_roma_napoli", "narrativePlaceId": "direttissima_roma_napoli", "gazetteerId": "gaz_direttissima_roma_napoli", "interpretationId": "interp_00923", "role": "Marker", "simultaneous": true}, {"page": 298, "referenceId": "ref_00704", "targetId": "tor_di_gheppio", "narrativePlaceId": "tor_di_gheppio", "gazetteerId": "gaz_quarto_di_santa_fumia", "interpretationId": "interp_00925", "role": "ProjectedSpace", "simultaneous": true}, {"page": 298, "referenceId": "ref_00705", "targetId": "gaz_pavona", "narrativePlaceId": "pavona", "gazetteerId": "gaz_pavona", "interpretationId": "interp_00927", "role": "ProjectedSpace", "simultaneous": true}, {"page": 298, "referenceId": "ref_00706", "targetId": "gaz_casal_bruciato", "narrativePlaceId": "casal_bruciato", "gazetteerId": "gaz_casal_bruciato", "interpretationId": "interp_00929", "role": "ProjectedSpace", "simultaneous": true}, {"page": 298, "referenceId": "ref_00707", "targetId": "gaz_via_ardeatina", "narrativePlaceId": "via_ardeatina", "gazetteerId": "gaz_via_ardeatina", "interpretationId": "interp_00931", "role": "ProjectedSpace", "simultaneous": true}, {"page": 298, "referenceId": "ref_00708", "targetId": "gaz_ardea", "narrativePlaceId": "ardea", "gazetteerId": "gaz_ardea", "interpretationId": "interp_00933", "role": "ProjectedSpace", "simultaneous": true}, {"page": 298, "referenceId": "ref_00709", "targetId": "gaz_santa_palomba", "narrativePlaceId": "santa_palomba", "gazetteerId": "gaz_santa_palomba", "interpretationId": "interp_00935", "role": "ProjectedSpace", "simultaneous": true}, {"page": 298, "referenceId": "ref_00710", "targetId": "gaz_marino", "narrativePlaceId": "marino", "gazetteerId": "gaz_marino", "interpretationId": "interp_00937", "role": "ProjectedSpace", "simultaneous": true}, {"page": 298, "referenceId": "ref_00711", "targetId": "gaz_solforata", "narrativePlaceId": "solforata", "gazetteerId": "gaz_solforata", "interpretationId": "interp_00939", "role": "ProjectedSpace", "simultaneous": true}, {"page": 298, "referenceId": "ref_00712", "targetId": "gaz_pratica_di_mare", "narrativePlaceId": "pratica_di_mare", "gazetteerId": "gaz_pratica_di_mare", "interpretationId": "interp_00941", "role": "ProjectedSpace", "simultaneous": true}, {"page": 298, "referenceId": "ref_00713", "targetId": "gaz_palazzo", "narrativePlaceId": "palazzo", "gazetteerId": "gaz_palazzo", "interpretationId": "interp_00943", "role": "ProjectedSpace", "simultaneous": true}, {"page": 298, "referenceId": "ref_00714", "targetId": "gaz_pavona", "narrativePlaceId": "pavona", "gazetteerId": "gaz_pavona", "interpretationId": "interp_00945", "role": "ProjectedSpace", "simultaneous": true}, {"page": 298, "referenceId": "ref_00715", "targetId": "gaz_casal_bruciato", "narrativePlaceId": "casal_bruciato", "gazetteerId": "gaz_casal_bruciato", "interpretationId": "interp_00947", "role": "ProjectedSpace", "simultaneous": true}, {"page": 298, "referenceId": "ref_00716", "targetId": "tor_di_gheppio", "narrativePlaceId": "tor_di_gheppio", "gazetteerId": "gaz_quarto_di_santa_fumia", "interpretationId": "interp_00949", "role": "ProjectedSpace", "simultaneous": true}, {"page": 299, "referenceId": "ref_00717", "targetId": "casa_crocchiapani", "narrativePlaceId": "casa_crocchiapani", "gazetteerId": null, "interpretationId": "interp_00951", "role": "Setting", "simultaneous": false}]}, {"agentId": "maresciallo_di_pietrantonio", "agentName": "Maresciallo Di Pietrantonio", "chapterId": "capitolo_X", "chapter": 10, "length": 20, "distinctTargets": 18, "dispersion": 0.9, "pageRange": [292, 302], "steps": [{"page": 292, "referenceId": "ref_00674", "targetId": "gaz_via_lanza", "narrativePlaceId": "via_lanza", "gazetteerId": "gaz_via_lanza", "interpretationId": "interp_00840", "role": "Marker", "simultaneous": true}, {"page": 292, "referenceId": "ref_00675", "targetId": "gaz_largo_brancaccio", "narrativePlaceId": "largo_brancaccio", "gazetteerId": "gaz_largo_brancaccio", "interpretationId": "interp_00843", "role": null, "simultaneous": true}, {"page": 292, "referenceId": "ref_00676", "targetId": "gaz_via_merulana", "narrativePlaceId": "via_merulana", "gazetteerId": "gaz_via_merulana", "interpretationId": "interp_00846", "role": null, "simultaneous": true}, {"page": 292, "referenceId": "ref_00677", "targetId": "gaz_piazza_san_giovanni", "narrativePlaceId": "piazza_san_giovanni", "gazetteerId": "gaz_piazza_san_giovanni", "interpretationId": "interp_00849", "role": null, "simultaneous": true}, {"page": 294, "referenceId": "ref_00683", "targetId": "tenenza_carabinieri_marino", "narrativePlaceId": "tenenza_carabinieri_marino", "gazetteerId": "gaz_marino", "interpretationId": "interp_00862", "role": "Setting", "simultaneous": true}, {"page": 294, "referenceId": "ref_00684", "targetId": "gaz_marino", "narrativePlaceId": "marino", "gazetteerId": "gaz_marino", "interpretationId": "interp_00859", "role": "Marker", "simultaneous": true}, {"page": 294, "referenceId": "ref_00684", "targetId": "gaz_via_massimo_dazeglio", "narrativePlaceId": "via_massimo_dazeglio", "gazetteerId": "gaz_via_massimo_dazeglio", "interpretationId": "interp_00865", "role": "Marker", "simultaneous": true}, {"page": 296, "referenceId": "ref_00687", "targetId": "gaz_via_massimo_dazeglio", "narrativePlaceId": "via_massimo_dazeglio", "gazetteerId": "gaz_via_massimo_dazeglio", "interpretationId": "interp_00869", "role": "Marker", "simultaneous": false}, {"page": 297, "referenceId": "ref_00688", "targetId": "gaz_torraccio", "narrativePlaceId": "torraccio", "gazetteerId": "gaz_torraccio", "interpretationId": "interp_00873", "role": null, "simultaneous": true}, {"page": 297, "referenceId": "ref_00689", "targetId": "gaz_via_appia", "narrativePlaceId": "via_appia", "gazetteerId": "gaz_via_appia", "interpretationId": "interp_00877", "role": null, "simultaneous": true}, {"page": 297, "referenceId": "ref_00690", "targetId": "gaz_due_santi", "narrativePlaceId": "due_santi", "gazetteerId": "gaz_due_santi", "interpretationId": "interp_00881", "role": null, "simultaneous": true}, {"page": 297, "referenceId": "ref_00691", "targetId": "gaz_via_della_falcognana", "narrativePlaceId": "via_della_falcognana", "gazetteerId": "gaz_via_della_falcognana", "interpretationId": "interp_00885", "role": null, "simultaneous": true}, {"page": 297, "referenceId": "ref_00692", "targetId": "gaz_via_anziate", "narrativePlaceId": "via_anziate", "gazetteerId": "gaz_via_anziate", "interpretationId": "interp_00889", "role": null, "simultaneous": true}, {"page": 297, "referenceId": "ref_00693", "targetId": "ponte_di_santa_fumia", "narrativePlaceId": "ponte_di_santa_fumia", "gazetteerId": "gaz_quarto_di_santa_fumia", "interpretationId": "interp_00893", "role": null, "simultaneous": true}, {"page": 297, "referenceId": "ref_00694", "targetId": "tor_di_gheppio", "narrativePlaceId": "tor_di_gheppio", "gazetteerId": "gaz_quarto_di_santa_fumia", "interpretationId": "interp_00897", "role": null, "simultaneous": true}, {"page": 297, "referenceId": "ref_00695", "targetId": "gaz_casal_bruciato", "narrativePlaceId": "casal_bruciato", "gazetteerId": "gaz_casal_bruciato", "interpretationId": "interp_00901", "role": null, "simultaneous": true}, {"page": 297, "referenceId": "ref_00696", "targetId": "gaz_ferrovia_roma_velletri", "narrativePlaceId": "ferrovia_roma_velletri", "gazetteerId": "gaz_ferrovia_roma_velletri", "interpretationId": "interp_00905", "role": null, "simultaneous": true}, {"page": 297, "referenceId": "ref_00697", "targetId": "ponte_divino_amore", "narrativePlaceId": "ponte_divino_amore", "gazetteerId": "gaz_ponte_divino_amore", "interpretationId": "interp_00909", "role": null, "simultaneous": true}, {"page": 299, "referenceId": "ref_00717", "targetId": "casa_crocchiapani", "narrativePlaceId": "casa_crocchiapani", "gazetteerId": null, "interpretationId": "interp_00952", "role": "Setting", "simultaneous": false}, {"page": 302, "referenceId": "ref_00720", "targetId": "casa_crocchiapani", "narrativePlaceId": "casa_crocchiapani", "gazetteerId": null, "interpretationId": "interp_00957", "role": "Setting", "simultaneous": false}]}, {"agentId": "autista_questura", "agentName": "Autista della Questura di Santo Stefano", "chapterId": "capitolo_X", "chapter": 10, "length": 18, "distinctTargets": 17, "dispersion": 0.944, "pageRange": [292, 297], "steps": [{"page": 292, "referenceId": "ref_00674", "targetId": "gaz_via_lanza", "narrativePlaceId": "via_lanza", "gazetteerId": "gaz_via_lanza", "interpretationId": "interp_00841", "role": "Marker", "simultaneous": true}, {"page": 292, "referenceId": "ref_00675", "targetId": "gaz_largo_brancaccio", "narrativePlaceId": "largo_brancaccio", "gazetteerId": "gaz_largo_brancaccio", "interpretationId": "interp_00844", "role": null, "simultaneous": true}, {"page": 292, "referenceId": "ref_00676", "targetId": "gaz_via_merulana", "narrativePlaceId": "via_merulana", "gazetteerId": "gaz_via_merulana", "interpretationId": "interp_00847", "role": null, "simultaneous": true}, {"page": 292, "referenceId": "ref_00677", "targetId": "gaz_piazza_san_giovanni", "narrativePlaceId": "piazza_san_giovanni", "gazetteerId": "gaz_piazza_san_giovanni", "interpretationId": "interp_00850", "role": null, "simultaneous": true}, {"page": 294, "referenceId": "ref_00682", "targetId": "gaz_marino", "narrativePlaceId": "marino", "gazetteerId": "gaz_marino", "interpretationId": "interp_00857", "role": "Marker", "simultaneous": true}, {"page": 294, "referenceId": "ref_00683", "targetId": "tenenza_carabinieri_marino", "narrativePlaceId": "tenenza_carabinieri_marino", "gazetteerId": "gaz_marino", "interpretationId": "interp_00860", "role": "Setting", "simultaneous": true}, {"page": 294, "referenceId": "ref_00684", "targetId": "gaz_via_massimo_dazeglio", "narrativePlaceId": "via_massimo_dazeglio", "gazetteerId": "gaz_via_massimo_dazeglio", "interpretationId": "interp_00863", "role": "Marker", "simultaneous": true}, {"page": 296, "referenceId": "ref_00687", "targetId": "gaz_via_massimo_dazeglio", "narrativePlaceId": "via_massimo_dazeglio", "gazetteerId": "gaz_via_massimo_dazeglio", "interpretationId": "interp_00870", "role": "Marker", "simultaneous": false}, {"page": 297, "referenceId": "ref_00688", "targetId": "gaz_torraccio", "narrativePlaceId": "torraccio", "gazetteerId": "gaz_torraccio", "interpretationId": "interp_00874", "role": null, "simultaneous": true}, {"page": 297, "referenceId": "ref_00689", "targetId": "gaz_via_appia", "narrativePlaceId": "via_appia", "gazetteerId": "gaz_via_appia", "interpretationId": "interp_00878", "role": null, "simultaneous": true}, {"page": 297, "referenceId": "ref_00690", "targetId": "gaz_due_santi", "narrativePlaceId": "due_santi", "gazetteerId": "gaz_due_santi", "interpretationId": "interp_00882", "role": null, "simultaneous": true}, {"page": 297, "referenceId": "ref_00691", "targetId": "gaz_via_della_falcognana", "narrativePlaceId": "via_della_falcognana", "gazetteerId": "gaz_via_della_falcognana", "interpretationId": "interp_00886", "role": null, "simultaneous": true}, {"page": 297, "referenceId": "ref_00692", "targetId": "gaz_via_anziate", "narrativePlaceId": "via_anziate", "gazetteerId": "gaz_via_anziate", "interpretationId": "interp_00890", "role": null, "simultaneous": true}, {"page": 297, "referenceId": "ref_00693", "targetId": "ponte_di_santa_fumia", "narrativePlaceId": "ponte_di_santa_fumia", "gazetteerId": "gaz_quarto_di_santa_fumia", "interpretationId": "interp_00894", "role": null, "simultaneous": true}, {"page": 297, "referenceId": "ref_00694", "targetId": "tor_di_gheppio", "narrativePlaceId": "tor_di_gheppio", "gazetteerId": "gaz_quarto_di_santa_fumia", "interpretationId": "interp_00898", "role": null, "simultaneous": true}, {"page": 297, "referenceId": "ref_00695", "targetId": "gaz_casal_bruciato", "narrativePlaceId": "casal_bruciato", "gazetteerId": "gaz_casal_bruciato", "interpretationId": "interp_00902", "role": null, "simultaneous": true}, {"page": 297, "referenceId": "ref_00696", "targetId": "gaz_ferrovia_roma_velletri", "narrativePlaceId": "ferrovia_roma_velletri", "gazetteerId": "gaz_ferrovia_roma_velletri", "interpretationId": "interp_00906", "role": null, "simultaneous": true}, {"page": 297, "referenceId": "ref_00697", "targetId": "ponte_divino_amore", "narrativePlaceId": "ponte_divino_amore", "gazetteerId": "gaz_ponte_divino_amore", "interpretationId": "interp_00910", "role": null, "simultaneous": true}]}, {"agentId": "ascanio_lanciani", "agentName": "Ascanio Lanciani", "chapterId": "capitolo_X", "chapter": 10, "length": 12, "distinctTargets": 11, "dispersion": 0.917, "pageRange": [280, 285], "steps": [{"page": 280, "referenceId": "ref_00654", "targetId": "gaz_santa_maria_maggiore", "narrativePlaceId": "santa_maria_maggiore", "gazetteerId": "gaz_santa_maria_maggiore", "interpretationId": "interp_00805", "role": "ProjectedSpace", "simultaneous": true}, {"page": 280, "referenceId": "ref_00657", "targetId": "gaz_piazza_vittorio_emanuele", "narrativePlaceId": "piazza_vittorio_emanuele", "gazetteerId": "gaz_piazza_vittorio_emanuele", "interpretationId": "interp_00809", "role": "ProjectedSpace", "simultaneous": true}, {"page": 284, "referenceId": "ref_00659", "targetId": "gaz_santo_stefano_del_cacco_celio_santo_stefano", "narrativePlaceId": "santo_stefano_del_cacco_celio_santo_stefano", "gazetteerId": "gaz_santo_stefano_del_cacco_celio_santo_stefano", "interpretationId": "interp_00812", "role": "ProjectedSpace", "simultaneous": true}, {"page": 284, "referenceId": "ref_00660", "targetId": "gaz_santo_stefano_del_cacco_celio_santo_stefano", "narrativePlaceId": "santo_stefano_del_cacco_celio_santo_stefano", "gazetteerId": "gaz_santo_stefano_del_cacco_celio_santo_stefano", "interpretationId": "interp_00814", "role": "ProjectedSpace", "simultaneous": true}, {"page": 284, "referenceId": "ref_00661", "targetId": "gaz_grottaferrata", "narrativePlaceId": "grottaferrata", "gazetteerId": "gaz_grottaferrata", "interpretationId": "interp_00816", "role": "ProjectedSpace", "simultaneous": true}, {"page": 284, "referenceId": "ref_00662", "targetId": "gaz_torraccio", "narrativePlaceId": "torraccio", "gazetteerId": "gaz_torraccio", "interpretationId": "interp_00818", "role": "ProjectedSpace", "simultaneous": true}, {"page": 284, "referenceId": "ref_00663", "targetId": "gaz_frattocchie", "narrativePlaceId": "frattocchie", "gazetteerId": "gaz_frattocchie", "interpretationId": "interp_00820", "role": "ProjectedSpace", "simultaneous": true}, {"page": 284, "referenceId": "ref_00664", "targetId": "gaz_porta_latina", "narrativePlaceId": "porta_latina", "gazetteerId": "gaz_porta_latina", "interpretationId": "interp_00822", "role": "ProjectedSpace", "simultaneous": true}, {"page": 284, "referenceId": "ref_00665", "targetId": "gaz_via_popolonia", "narrativePlaceId": "via_popolonia", "gazetteerId": "gaz_via_popolonia", "interpretationId": "interp_00824", "role": "ProjectedSpace", "simultaneous": true}, {"page": 285, "referenceId": "ref_00666", "targetId": "gaz_via_della_caffarella", "narrativePlaceId": "via_della_caffarella", "gazetteerId": "gaz_via_della_caffarella", "interpretationId": "interp_00826", "role": "ProjectedSpace", "simultaneous": true}, {"page": 285, "referenceId": "ref_00667", "targetId": "gaz_via_mamiani", "narrativePlaceId": "via_mamiani", "gazetteerId": "gaz_via_mamiani", "interpretationId": "interp_00828", "role": "Marker", "simultaneous": true}, {"page": 285, "referenceId": "ref_00668", "targetId": "gaz_via_ricasoli", "narrativePlaceId": "via_ricasoli", "gazetteerId": "gaz_via_ricasoli", "interpretationId": "interp_00831", "role": "Marker", "simultaneous": true}]}, {"agentId": "assunta", "agentName": "Assunta Crocchiapani", "chapterId": "capitolo_X", "chapter": 10, "length": 8, "distinctTargets": 4, "dispersion": 0.5, "pageRange": [295, 306], "steps": [{"page": 295, "referenceId": "ref_00686", "targetId": "tor_di_gheppio", "narrativePlaceId": "tor_di_gheppio", "gazetteerId": "gaz_quarto_di_santa_fumia", "interpretationId": "interp_00867", "role": "ProjectedSpace", "simultaneous": false}, {"page": 298, "referenceId": "ref_00699", "targetId": "tor_di_gheppio", "narrativePlaceId": "tor_di_gheppio", "gazetteerId": "gaz_quarto_di_santa_fumia", "interpretationId": "interp_00916", "role": "ProjectedSpace", "simultaneous": true}, {"page": 298, "referenceId": "ref_00700", "targetId": "gaz_palazzo", "narrativePlaceId": "palazzo", "gazetteerId": "gaz_palazzo", "interpretationId": "interp_00917", "role": "ProjectedSpace", "simultaneous": true}, {"page": 299, "referenceId": "ref_00717", "targetId": "casa_crocchiapani", "narrativePlaceId": "casa_crocchiapani", "gazetteerId": null, "interpretationId": "interp_00953", "role": "Setting", "simultaneous": true}, {"page": 299, "referenceId": "ref_00718", "targetId": "casa_crocchiapani", "narrativePlaceId": "casa_crocchiapani", "gazetteerId": null, "interpretationId": "interp_00954", "role": "Setting", "simultaneous": true}, {"page": 302, "referenceId": "ref_00720", "targetId": "casa_crocchiapani", "narrativePlaceId": "casa_crocchiapani", "gazetteerId": null, "interpretationId": "interp_00958", "role": "Setting", "simultaneous": true}, {"page": 302, "referenceId": "ref_00721", "targetId": "tor_di_gheppio", "narrativePlaceId": "tor_di_gheppio", "gazetteerId": "gaz_quarto_di_santa_fumia", "interpretationId": "interp_00960", "role": "ProjectedSpace", "simultaneous": true}, {"page": 306, "referenceId": "ref_00722", "targetId": "tenenza_carabinieri_marino", "narrativePlaceId": "tenenza_carabinieri_marino", "gazetteerId": "gaz_marino", "interpretationId": "interp_00961", "role": "ProjectedSpace", "simultaneous": false}]}, {"agentId": "gaudenzio", "agentName": "Gaudenzio", "chapterId": "capitolo_X", "chapter": 10, "length": 7, "distinctTargets": 4, "dispersion": 0.571, "pageRange": [280, 291], "steps": [{"page": 280, "referenceId": "ref_00655", "targetId": "gaz_esquilino", "narrativePlaceId": "esquilino", "gazetteerId": "gaz_esquilino", "interpretationId": "interp_00806", "role": "ProjectedSpace", "simultaneous": true}, {"page": 280, "referenceId": "ref_00656", "targetId": "gaz_via_carlo_alberto", "narrativePlaceId": "via_carlo_alberto", "gazetteerId": "gaz_via_carlo_alberto", "interpretationId": "interp_00807", "role": "ProjectedSpace", "simultaneous": true}, {"page": 280, "referenceId": "ref_00657", "targetId": "gaz_piazza_vittorio_emanuele", "narrativePlaceId": "piazza_vittorio_emanuele", "gazetteerId": "gaz_piazza_vittorio_emanuele", "interpretationId": "interp_00808", "role": "ProjectedSpace", "simultaneous": true}, {"page": 280, "referenceId": "ref_00658", "targetId": "gaz_piazza_vittorio_emanuele", "narrativePlaceId": "piazza_vittorio_emanuele", "gazetteerId": "gaz_piazza_vittorio_emanuele", "interpretationId": "interp_00810", "role": "Setting", "simultaneous": true}, {"page": 284, "referenceId": "ref_00659", "targetId": "gaz_santo_stefano_del_cacco_celio_santo_stefano", "narrativePlaceId": "santo_stefano_del_cacco_celio_santo_stefano", "gazetteerId": "gaz_santo_stefano_del_cacco_celio_santo_stefano", "interpretationId": "interp_00811", "role": "ProjectedSpace", "simultaneous": true}, {"page": 284, "referenceId": "ref_00660", "targetId": "gaz_santo_stefano_del_cacco_celio_santo_stefano", "narrativePlaceId": "santo_stefano_del_cacco_celio_santo_stefano", "gazetteerId": "gaz_santo_stefano_del_cacco_celio_santo_stefano", "interpretationId": "interp_00813", "role": "ProjectedSpace", "simultaneous": true}, {"page": 291, "referenceId": "ref_00672", "targetId": "gaz_piazza_vittorio_emanuele", "narrativePlaceId": "piazza_vittorio_emanuele", "gazetteerId": "gaz_piazza_vittorio_emanuele", "interpretationId": "interp_00837", "role": "Marker", "simultaneous": false}]}, {"agentId": "nonna_lanciani", "agentName": "Nonna Lanciani", "chapterId": "capitolo_X", "chapter": 10, "length": 7, "distinctTargets": 7, "dispersion": 1.0, "pageRange": [284, 285], "steps": [{"page": 284, "referenceId": "ref_00660", "targetId": "gaz_santo_stefano_del_cacco_celio_santo_stefano", "narrativePlaceId": "santo_stefano_del_cacco_celio_santo_stefano", "gazetteerId": "gaz_santo_stefano_del_cacco_celio_santo_stefano", "interpretationId": "interp_00815", "role": "ProjectedSpace", "simultaneous": true}, {"page": 284, "referenceId": "ref_00661", "targetId": "gaz_grottaferrata", "narrativePlaceId": "grottaferrata", "gazetteerId": "gaz_grottaferrata", "interpretationId": "interp_00817", "role": "ProjectedSpace", "simultaneous": true}, {"page": 284, "referenceId": "ref_00662", "targetId": "gaz_torraccio", "narrativePlaceId": "torraccio", "gazetteerId": "gaz_torraccio", "interpretationId": "interp_00819", "role": "ProjectedSpace", "simultaneous": true}, {"page": 284, "referenceId": "ref_00663", "targetId": "gaz_frattocchie", "narrativePlaceId": "frattocchie", "gazetteerId": "gaz_frattocchie", "interpretationId": "interp_00821", "role": "ProjectedSpace", "simultaneous": true}, {"page": 284, "referenceId": "ref_00664", "targetId": "gaz_porta_latina", "narrativePlaceId": "porta_latina", "gazetteerId": "gaz_porta_latina", "interpretationId": "interp_00823", "role": "ProjectedSpace", "simultaneous": true}, {"page": 284, "referenceId": "ref_00665", "targetId": "gaz_via_popolonia", "narrativePlaceId": "via_popolonia", "gazetteerId": "gaz_via_popolonia", "interpretationId": "interp_00825", "role": "ProjectedSpace", "simultaneous": true}, {"page": 285, "referenceId": "ref_00666", "targetId": "gaz_via_della_caffarella", "narrativePlaceId": "via_della_caffarella", "gazetteerId": "gaz_via_della_caffarella", "interpretationId": "interp_00827", "role": "ProjectedSpace", "simultaneous": false}]}, {"agentId": "santarella", "agentName": "Santarella", "chapterId": "capitolo_X", "chapter": 10, "length": 6, "distinctTargets": 6, "dispersion": 1.0, "pageRange": [278, 285], "steps": [{"page": 278, "referenceId": "ref_00646", "targetId": "gaz_marino", "narrativePlaceId": "marino", "gazetteerId": "gaz_marino", "interpretationId": "interp_00794", "role": null, "simultaneous": true}, {"page": 278, "referenceId": "ref_00647", "targetId": "gaz_albano_laziale", "narrativePlaceId": "albano_laziale", "gazetteerId": "gaz_albano_laziale", "interpretationId": "interp_00795", "role": null, "simultaneous": true}, {"page": 279, "referenceId": "ref_00651", "targetId": "stazione_carabinieri_castello", "narrativePlaceId": "stazione_carabinieri_castello", "gazetteerId": "gaz_castel_gandolfo", "interpretationId": "interp_00799", "role": "Setting", "simultaneous": true}, {"page": 279, "referenceId": "ref_00652", "targetId": "gaz_pavona", "narrativePlaceId": "pavona", "gazetteerId": "gaz_pavona", "interpretationId": "interp_00801", "role": "ProjectedSpace", "simultaneous": true}, {"page": 285, "referenceId": "ref_00667", "targetId": "gaz_via_mamiani", "narrativePlaceId": "via_mamiani", "gazetteerId": "gaz_via_mamiani", "interpretationId": "interp_00829", "role": "Marker", "simultaneous": true}, {"page": 285, "referenceId": "ref_00668", "targetId": "gaz_via_ricasoli", "narrativePlaceId": "via_ricasoli", "gazetteerId": "gaz_via_ricasoli", "interpretationId": "interp_00832", "role": "Marker", "simultaneous": true}]}, {"agentId": "enea_retalli", "agentName": "Enea Retalli", "chapterId": "capitolo_X", "chapter": 10, "length": 3, "distinctTargets": 3, "dispersion": 1.0, "pageRange": [278, 278], "steps": [{"page": 278, "referenceId": "ref_00645", "targetId": "gaz_torraccio", "narrativePlaceId": "torraccio", "gazetteerId": "gaz_torraccio", "interpretationId": "interp_00793", "role": "ProjectedSpace", "simultaneous": true}, {"page": 278, "referenceId": "ref_00649", "targetId": "gaz_pavona", "narrativePlaceId": "pavona", "gazetteerId": "gaz_pavona", "interpretationId": "interp_00797", "role": "ProjectedSpace", "simultaneous": true}, {"page": 278, "referenceId": "ref_00650", "targetId": "gaz_palazzo", "narrativePlaceId": "palazzo", "gazetteerId": "gaz_palazzo", "interpretationId": "interp_00798", "role": "ProjectedSpace", "simultaneous": true}]}, {"agentId": "narrator", "agentName": "narrator", "chapterId": "capitolo_X", "chapter": 10, "length": 3, "distinctTargets": 3, "dispersion": 1.0, "pageRange": [279, 292], "steps": [{"page": 279, "referenceId": "ref_00653", "targetId": "gaz_santa_maria_della_neve", "narrativePlaceId": "santa_maria_della_neve", "gazetteerId": "gaz_santa_maria_della_neve", "interpretationId": "interp_00803", "role": "Marker", "simultaneous": false}, {"page": 292, "referenceId": "ref_00673", "targetId": "gaz_piazza_di_spagna", "narrativePlaceId": "piazza_di_spagna", "gazetteerId": "gaz_piazza_di_spagna", "interpretationId": "interp_00838", "role": "Marker", "simultaneous": true}, {"page": 292, "referenceId": "ref_00680", "targetId": "gaz_viminale", "narrativePlaceId": "viminale", "gazetteerId": "gaz_viminale", "interpretationId": "interp_00855", "role": "Marker", "simultaneous": true}]}, {"agentId": "militi_castello", "agentName": "Militi Castello", "chapterId": "capitolo_X", "chapter": 10, "length": 2, "distinctTargets": 2, "dispersion": 1.0, "pageRange": [279, 279], "steps": [{"page": 279, "referenceId": "ref_00651", "targetId": "stazione_carabinieri_castello", "narrativePlaceId": "stazione_carabinieri_castello", "gazetteerId": "gaz_castel_gandolfo", "interpretationId": "interp_00800", "role": "Setting", "simultaneous": true}, {"page": 279, "referenceId": "ref_00652", "targetId": "gaz_pavona", "narrativePlaceId": "pavona", "gazetteerId": "gaz_pavona", "interpretationId": "interp_00802", "role": "ProjectedSpace", "simultaneous": true}]}, {"agentId": "due_militi", "agentName": "Due Militi", "chapterId": "capitolo_X", "chapter": 10, "length": 2, "distinctTargets": 2, "dispersion": 1.0, "pageRange": [285, 285], "steps": [{"page": 285, "referenceId": "ref_00667", "targetId": "gaz_via_mamiani", "narrativePlaceId": "via_mamiani", "gazetteerId": "gaz_via_mamiani", "interpretationId": "interp_00830", "role": "Marker", "simultaneous": true}, {"page": 285, "referenceId": "ref_00668", "targetId": "gaz_via_ricasoli", "narrativePlaceId": "via_ricasoli", "gazetteerId": "gaz_via_ricasoli", "interpretationId": "interp_00833", "role": "Marker", "simultaneous": true}]}, {"agentId": "pestalozzi", "agentName": "Pestalozzi", "chapterId": "capitolo_X", "chapter": 10, "length": 2, "distinctTargets": 2, "dispersion": 1.0, "pageRange": [295, 306], "steps": [{"page": 295, "referenceId": "ref_00685", "targetId": "gaz_due_santi", "narrativePlaceId": "due_santi", "gazetteerId": "gaz_due_santi", "interpretationId": "interp_00866", "role": "Setting", "simultaneous": false}, {"page": 306, "referenceId": "ref_00722", "targetId": "tenenza_carabinieri_marino", "narrativePlaceId": "tenenza_carabinieri_marino", "gazetteerId": "gaz_marino", "interpretationId": "interp_00962", "role": "ProjectedSpace", "simultaneous": false}]}], "agents": [{"id": "ingravallo", "iri": "https://w3id.org/gaddatlas/id/focalizer/ingravallo", "name": "Ingravallo", "gender": "male", "description": "Commissario molisano, detto don Ciccio; protagonista-investigatore e principale centro di focalizzazione del romanzo.", "refCount": 114}, {"id": "pestalozzi", "iri": "https://w3id.org/gaddatlas/id/focalizer/pestalozzi", "name": "Pestalozzi", "gender": "male", "description": "Brigadiere Pestalozzi, conduce le indagini nell'area dei Castelli, dalla tenenza dei carabinieri di Marino", "refCount": 75}, {"id": "narrator", "iri": "https://w3id.org/gaddatlas/id/focalizer/narrator", "name": "narrator", "gender": null, "description": "Voce narrante gaddiana: onnisciente ma pervasa di digressioni, ironia e plurilinguismo; focalizzatore a pieno titolo.", "refCount": 74}, {"id": "santarella", "iri": "https://w3id.org/gaddatlas/id/focalizer/santarella", "name": "Santarella", "gender": "male", "description": "Maresciallo Santarella, conduce le indagini nell'area dei Castelli, dalla tenenza dei carabinieri di Marino", "refCount": 55}, {"id": "ines_cionini", "iri": "https://w3id.org/gaddatlas/id/focalizer/ines_cionini", "name": "Ines Cionini", "gender": "female", "description": null, "refCount": 38}, {"id": "diomede", "iri": "https://w3id.org/gaddatlas/id/focalizer/diomede", "name": "Diomede Lanciani", "gender": "male", "description": "Diomede Lanciani è il fidanzato o amante (“paìno”) di Ines Cionini, fratello maggiore di Ascanio", "refCount": 36}, {"id": "pompeo", "iri": "https://w3id.org/gaddatlas/id/focalizer/pompeo", "name": "Pompeo", "gender": "male", "description": "Pompeo, detto lo Sgranfia, agente/informatore nell'orbita dell'indagine.", "refCount": 36}, {"id": "commendador_angeloni", "iri": "https://w3id.org/gaddatlas/id/focalizer/commendador_angeloni", "name": "Commendador Angeloni", "gender": "male", "description": "Commendator Angeloni, vicino di casa dei Balducci, interrogato all'inizio dell'indagine.", "refCount": 34}, {"id": "remo_balducci", "iri": "https://w3id.org/gaddatlas/id/focalizer/remo_balducci", "name": "Remo Balducci", "gender": "male", "description": "Marito di Liliana, commerciante spesso in viaggio.", "refCount": 30}, {"id": "agente_runzato", "iri": "https://w3id.org/gaddatlas/id/focalizer/agente_runzato", "name": "Agente Runzato", "gender": "male", "description": "Agente della tenenza di Marino che accompagna Ingravallo a casa di Assunta Crocchiapani", "refCount": 29}, {"id": "liliana", "iri": "https://w3id.org/gaddatlas/id/focalizer/liliana", "name": "Liliana Balducci", "gender": "female", "description": "Liliana Balducci, vittima dell'omicidio di via Merulana; figura centrale attorno a cui ruota la doppia indagine del romanzo", "refCount": 29}, {"id": "zamira_pacori", "iri": "https://w3id.org/gaddatlas/id/focalizer/zamira_pacori", "name": "Zamira Pacori", "gender": "female", "description": "Zamira Pàcori, tenutaria di un laboratorio-osteria a Marino, figura ambigua legata al sottobosco criminale dei Colli Albani", "refCount": 29}, {"id": "maresciallo_di_pietrantonio", "iri": "https://w3id.org/gaddatlas/id/focalizer/maresciallo_di_pietrantonio", "name": "Maresciallo Di Pietrantonio", "gender": "male", "description": null, "refCount": 28}, {"id": "cocullo", "iri": "https://w3id.org/gaddatlas/id/focalizer/cocullo", "name": "Cocullo", "gender": "male", "description": "Agente Cocullo, accompagna il brigadiere Pestalozzi in moto dalla tenenza dei carabinieri di Marino alla casa di Camilla Mattonari", "refCount": 24}, {"id": "enea_retalli", "iri": "https://w3id.org/gaddatlas/id/focalizer/enea_retalli", "name": "Enea Retalli", "gender": "male", "description": "Giovane sospettato, legato all'ambiente dei Castelli Romani.", "refCount": 24}, {"id": "camilla_mattonari", "iri": "https://w3id.org/gaddatlas/id/focalizer/camilla_mattonari", "name": "Camilla Mattonari", "gender": "female", "description": "Camilla Mattonari, una delle cugine legate ad Enea Retalli, coinvolta nel furto di gioielli della Menegazzi", "refCount": 23}, {"id": "autista_questura", "iri": "https://w3id.org/gaddatlas/id/focalizer/autista_questura", "name": "Autista della Questura di Santo Stefano", "gender": "male", "description": "Personaggio non nominato, che accompagna Ingravallo da Santo Stefano ai Colli Albani", "refCount": 20}, {"id": "gaudenzio", "iri": "https://w3id.org/gaddatlas/id/focalizer/gaudenzio", "name": "Gaudenzio", "gender": "male", "description": "Gaudenzio, detto Biondone, collega di Ingravallo coinvolto nelle indagini dell'omicidio di Liliana Balducci", "refCount": 20}, {"id": "giuliano_valdarena", "iri": "https://w3id.org/gaddatlas/id/focalizer/giuliano_valdarena", "name": "Giuliano Valdarena", "gender": "male", "description": "Giuliano Valdarena, cugino di Liliana, tra i sospettati.", "refCount": 18}, {"id": "ascanio_lanciani", "iri": "https://w3id.org/gaddatlas/id/focalizer/ascanio_lanciani", "name": "Ascanio Lanciani", "gender": "male", "description": "Ascanio Lanciani, fratello minore di Diomede Lanciani, coinvolto nel furto della contessa Menegazzi", "refCount": 17}, {"id": "don_lorenzo_corpi", "iri": "https://w3id.org/gaddatlas/id/focalizer/don_lorenzo_corpi", "name": "Don Lorenzo Corpi", "gender": "male", "description": "Don Lorenzo Corpi, sacerdote legato alla cerchia di Liliana.", "refCount": 15}, {"id": "assunta", "iri": "https://w3id.org/gaddatlas/id/focalizer/assunta", "name": "Assunta Crocchiapani", "gender": "female", "description": "Assunta Crocchiapani, detta anche Tina, una delle \"nipoti\" assunte dai Balducci, originaria di Pozzofondo", "refCount": 11}, {"id": "virginia_troddu", "iri": "https://w3id.org/gaddatlas/id/focalizer/virginia_troddu", "name": "Virginia Troddu", "gender": "female", "description": "Virginia Troddu: ex pupilla e “nipote” adottiva informale di Liliana Balducci, originaria della Pavona; già convivente presso i Balducci in una condizione forse assimilabile al mezzo servizio, beneficiaria della loro protezione e di una dote, seduttrice di entrambi i coniugi e assassina implicita di Liliana.", "refCount": 11}, {"id": "lavinia_mattonari", "iri": "https://w3id.org/gaddatlas/id/focalizer/lavinia_mattonari", "name": "Lavinia Mattonari", "gender": "female", "description": "Lavinia Mattonari, cugina di Camilla Mattonari e compagna di Enea Retalli, lavora al laboratorio della Zamira Pacori", "refCount": 10}, {"id": "maharaja_di_tripura", "iri": "https://w3id.org/gaddatlas/id/focalizer/maharaja_di_tripura", "name": "Maharaja Di Tripura", "gender": "male", "description": "Il maharaja di Tripura, figura della digressione sull'anacronistica visita ufficiale.", "refCount": 10}, {"id": "dottor_fumi", "iri": "https://w3id.org/gaddatlas/id/focalizer/dottor_fumi", "name": "Dottor Fumi", "gender": "male", "description": "Dottor Fumi, capo della squadra investigativa di Santo Stefano del Cacco", "refCount": 9}, {"id": "mussolini", "iri": "https://w3id.org/gaddatlas/id/focalizer/mussolini", "name": "Mussolini", "gender": "male", "description": "Riferimento storico-narrativo (il Duce), presente nel tessuto ironico e anacronistico del romanzo.", "refCount": 9}, {"id": "irene_spinaci", "iri": "https://w3id.org/gaddatlas/id/focalizer/irene_spinaci", "name": "Irene Spinaci", "gender": "female", "description": null, "refCount": 7}, {"id": "luigia_zanchetti", "iri": "https://w3id.org/gaddatlas/id/focalizer/luigia_zanchetti", "name": "Luigia Zanchetti", "gender": "female", "description": null, "refCount": 7}, {"id": "nonna_lanciani", "iri": "https://w3id.org/gaddatlas/id/focalizer/nonna_lanciani", "name": "Nonna Lanciani", "gender": "female", "description": "Zia della madre di Ascanio Lanciani", "refCount": 7}, {"id": "menegazzi", "iri": "https://w3id.org/gaddatlas/id/focalizer/menegazzi", "name": "Menegazzi", "gender": "female", "description": null, "refCount": 6}, {"id": "nerovestite", "iri": "https://w3id.org/gaddatlas/id/focalizer/nerovestite", "name": "Nerovestite", "gender": "female", "description": null, "refCount": 6}, {"id": "zio_cantoniere", "iri": "https://w3id.org/gaddatlas/id/focalizer/zio_cantoniere", "name": "Zio Cantoniere", "gender": "male", "description": "Zio di Camilla Mattonari", "refCount": 6}, {"id": "americana_inglese", "iri": "https://w3id.org/gaddatlas/id/focalizer/americana_inglese", "name": "Americana / Inglese", "gender": "female", "description": "Personaggio non qualificato, emblematico di una categoria sociale-culturale (turista anglosassone in Italia)", "refCount": 5}, {"id": "sor_manuela", "iri": "https://w3id.org/gaddatlas/id/focalizer/sor_manuela", "name": "Sor Manuela", "gender": "female", "description": null, "refCount": 5}, {"id": "bigliettaio_merlani", "iri": "https://w3id.org/gaddatlas/id/focalizer/bigliettaio_merlani", "name": "Bigliettaio Merlani", "gender": "male", "description": null, "refCount": 4}, {"id": "contessa_veneziana", "iri": "https://w3id.org/gaddatlas/id/focalizer/contessa_veneziana", "name": "Contessa Veneziana", "gender": "female", "description": "Personaggio non qualificato", "refCount": 4}, {"id": "corteo_funebre", "iri": "https://w3id.org/gaddatlas/id/focalizer/corteo_funebre", "name": "Corteo Funebre", "gender": "male/female", "description": "Folla indistinta presente al funerale di Liliana Balducci", "refCount": 4}, {"id": "nipotine_zamira", "iri": "https://w3id.org/gaddatlas/id/focalizer/nipotine_zamira", "name": "Nipotine Zamira", "gender": "female", "description": null, "refCount": 4}, {"id": "nonna_mattonari", "iri": "https://w3id.org/gaddatlas/id/focalizer/nonna_mattonari", "name": "Nonna Mattonari", "gender": "female", "description": "Nonna presente sulla scena durante la visita e perquisizione di Pestalozzi e Cocullo in casa di Camilla Mattonari", "refCount": 4}, {"id": "padre_domenico", "iri": "https://w3id.org/gaddatlas/id/focalizer/padre_domenico", "name": "Padre Domenico", "gender": "male", "description": null, "refCount": 4}, {"id": "cassiere_capo_del_bo", "iri": "https://w3id.org/gaddatlas/id/focalizer/cassiere_capo_del_bo", "name": "Cassiere Capo Del Bo", "gender": "male", "description": null, "refCount": 3}, {"id": "cencia", "iri": "https://w3id.org/gaddatlas/id/focalizer/cencia", "name": "Cencia", "gender": "male", "description": null, "refCount": 3}, {"id": "clelia_farcioni", "iri": "https://w3id.org/gaddatlas/id/focalizer/clelia_farcioni", "name": "Clelia Farcioni", "gender": "female", "description": "Clelia Farcioni, originaria di Pozzofondo, una delle donne impiegate al \"laboratorio\" della Zamira Pacori", "refCount": 3}, {"id": "portinaia", "iri": "https://w3id.org/gaddatlas/id/focalizer/portinaia", "name": "Portinaia", "gender": "female", "description": null, "refCount": 3}, {"id": "agente_paolillo", "iri": "https://w3id.org/gaddatlas/id/focalizer/agente_paolillo", "name": "Agente Paolillo", "gender": "male", "description": null, "refCount": 2}, {"id": "alda_pernetti", "iri": "https://w3id.org/gaddatlas/id/focalizer/alda_pernetti", "name": "Alda Pernetti", "gender": "female", "description": null, "refCount": 2}, {"id": "bottafavi", "iri": "https://w3id.org/gaddatlas/id/focalizer/bottafavi", "name": "Bottafavi", "gender": "male", "description": null, "refCount": 2}, {"id": "brigatiere_juppariello", "iri": "https://w3id.org/gaddatlas/id/focalizer/brigatiere_juppariello", "name": "Brigatiere Juppariello", "gender": "male", "description": null, "refCount": 2}, {"id": "contadina", "iri": "https://w3id.org/gaddatlas/id/focalizer/contadina", "name": "Contadina", "gender": "female", "description": null, "refCount": 2}, {"id": "due_militi", "iri": "https://w3id.org/gaddatlas/id/focalizer/due_militi", "name": "Due Militi", "gender": "male", "description": "Due agenti non qualificati nel romanzo", "refCount": 2}, {"id": "enea_cucco", "iri": "https://w3id.org/gaddatlas/id/focalizer/enea_cucco", "name": "Enea Cucco", "gender": "male", "description": null, "refCount": 2}, {"id": "militi_castello", "iri": "https://w3id.org/gaddatlas/id/focalizer/militi_castello", "name": "Militi Castello", "gender": "male", "description": "Agenti della tenenza di Castello, non identificati nel romanzo", "refCount": 2}, {"id": "paolillo", "iri": "https://w3id.org/gaddatlas/id/focalizer/paolillo", "name": "Paolillo", "gender": "male", "description": null, "refCount": 2}, {"id": "signor_valdarena", "iri": "https://w3id.org/gaddatlas/id/focalizer/signor_valdarena", "name": "Signor Valdarena", "gender": "male", "description": null, "refCount": 2}, {"id": "vetturale", "iri": "https://w3id.org/gaddatlas/id/focalizer/vetturale", "name": "Vetturale", "gender": "male", "description": null, "refCount": 2}, {"id": "barbezzi_gallo", "iri": "https://w3id.org/gaddatlas/id/focalizer/barbezzi_gallo", "name": "Barbezzi Gallo", "gender": "male", "description": null, "refCount": 1}, {"id": "cammarota", "iri": "https://w3id.org/gaddatlas/id/focalizer/cammarota", "name": "Cammarota", "gender": "male", "description": null, "refCount": 1}, {"id": "ceccherelli", "iri": "https://w3id.org/gaddatlas/id/focalizer/ceccherelli", "name": "Ceccherelli", "gender": "male", "description": null, "refCount": 1}, {"id": "character_un1", "iri": "https://w3id.org/gaddatlas/id/focalizer/character_un1", "name": "Character Un1", "gender": "male", "description": null, "refCount": 1}, {"id": "contessa_mondeguggoli", "iri": "https://w3id.org/gaddatlas/id/focalizer/contessa_mondeguggoli", "name": "Contessa Mondeguggoli", "gender": "female", "description": null, "refCount": 1}, {"id": "dottor_ghianda", "iri": "https://w3id.org/gaddatlas/id/focalizer/dottor_ghianda", "name": "Dottor Ghianda", "gender": "male", "description": null, "refCount": 1}, {"id": "elodia", "iri": "https://w3id.org/gaddatlas/id/focalizer/elodia", "name": "Elodia", "gender": "female", "description": null, "refCount": 1}, {"id": "fratello_pernetti", "iri": "https://w3id.org/gaddatlas/id/focalizer/fratello_pernetti", "name": "Fratello Pernetti", "gender": "male", "description": null, "refCount": 1}, {"id": "garzone_serpenti", "iri": "https://w3id.org/gaddatlas/id/focalizer/garzone_serpenti", "name": "Garzone Serpenti", "gender": "male", "description": null, "refCount": 1}, {"id": "giulietta_frisoni", "iri": "https://w3id.org/gaddatlas/id/focalizer/giulietta_frisoni", "name": "Giulietta Frisoni", "gender": "female", "description": null, "refCount": 1}, {"id": "maddalena_felicetti", "iri": "https://w3id.org/gaddatlas/id/focalizer/maddalena_felicetti", "name": "Maddalena Felicetti", "gender": "female", "description": null, "refCount": 1}, {"id": "monache", "iri": "https://w3id.org/gaddatlas/id/focalizer/monache", "name": "Monache", "gender": "female", "description": null, "refCount": 1}, {"id": "monello", "iri": "https://w3id.org/gaddatlas/id/focalizer/monello", "name": "Monello", "gender": "male", "description": null, "refCount": 1}, {"id": "nipote_un1", "iri": "https://w3id.org/gaddatlas/id/focalizer/nipote_un1", "name": "Nipote Un1", "gender": "male", "description": "Personaggio non identificato nel romanzo", "refCount": 1}, {"id": "notaio_gaetano_de_marini", "iri": "https://w3id.org/gaddatlas/id/focalizer/notaio_gaetano_de_marini", "name": "Notaio Gaetano De Marini", "gender": "male", "description": null, "refCount": 1}, {"id": "orestino_bozzi", "iri": "https://w3id.org/gaddatlas/id/focalizer/orestino_bozzi", "name": "Orestino Bozzi", "gender": "male", "description": null, "refCount": 1}, {"id": "pizzicarolo_moglie", "iri": "https://w3id.org/gaddatlas/id/focalizer/pizzicarolo_moglie", "name": "Pizzicarolo Moglie", "gender": "female", "description": null, "refCount": 1}, {"id": "pollarola", "iri": "https://w3id.org/gaddatlas/id/focalizer/pollarola", "name": "Pollarola", "gender": "female", "description": null, "refCount": 1}, {"id": "porchettini", "iri": "https://w3id.org/gaddatlas/id/focalizer/porchettini", "name": "Porchettini", "gender": "male", "description": null, "refCount": 1}, {"id": "rosa_taddei", "iri": "https://w3id.org/gaddatlas/id/focalizer/rosa_taddei", "name": "Rosa Taddei", "gender": "female", "description": null, "refCount": 1}, {"id": "scarpara", "iri": "https://w3id.org/gaddatlas/id/focalizer/scarpara", "name": "Scarpara", "gender": "female", "description": null, "refCount": 1}, {"id": "sora_elodia", "iri": "https://w3id.org/gaddatlas/id/focalizer/sora_elodia", "name": "Sora Elodia", "gender": "female", "description": null, "refCount": 1}, {"id": "veronica_magliarini", "iri": "https://w3id.org/gaddatlas/id/focalizer/veronica_magliarini", "name": "Veronica Magliarini", "gender": "female", "description": "Domestica presente sulla scena durante la visita finale di Ingravallo in casa di Assunta Crocchiapani", "refCount": 1}, {"id": "zia_elvira", "iri": "https://w3id.org/gaddatlas/id/focalizer/zia_elvira", "name": "Zia Elvira", "gender": "female", "description": null, "refCount": 1}, {"id": "zia_marietta", "iri": "https://w3id.org/gaddatlas/id/focalizer/zia_marietta", "name": "Zia Marietta", "gender": "female", "description": null, "refCount": 1}, {"id": "zie_valdarena", "iri": "https://w3id.org/gaddatlas/id/focalizer/zie_valdarena", "name": "Zie Valdarena", "gender": "female", "description": null, "refCount": 1}, {"id": "zio_peppe", "iri": "https://w3id.org/gaddatlas/id/focalizer/zio_peppe", "name": "Zio Peppe", "gender": "male", "description": null, "refCount": 1}], "chapters": [{"id": "capitolo_I", "iri": "https://w3id.org/gaddatlas/id/chapter/capitolo_I", "number": 1, "title": "Capitolo I", "pageRange": "11-54"}, {"id": "capitolo_II", "iri": "https://w3id.org/gaddatlas/id/chapter/capitolo_II", "number": 2, "title": "Capitolo II", "pageRange": "55-75"}, {"id": "capitolo_III", "iri": "https://w3id.org/gaddatlas/id/chapter/capitolo_III", "number": 3, "title": "Capitolo III", "pageRange": "76-91"}, {"id": "capitolo_IV", "iri": "https://w3id.org/gaddatlas/id/chapter/capitolo_IV", "number": 4, "title": "Capitolo IV", "pageRange": "92-131"}, {"id": "capitolo_V", "iri": "https://w3id.org/gaddatlas/id/chapter/capitolo_V", "number": 5, "title": "Capitolo V", "pageRange": "132-151"}, {"id": "capitolo_VI", "iri": "https://w3id.org/gaddatlas/id/chapter/capitolo_VI", "number": 6, "title": "Capitolo VI", "pageRange": "152-175"}, {"id": "capitolo_VII", "iri": "https://w3id.org/gaddatlas/id/chapter/capitolo_VII", "number": 7, "title": "Capitolo VII", "pageRange": "176-205"}, {"id": "capitolo_VIII", "iri": "https://w3id.org/gaddatlas/id/chapter/capitolo_VIII", "number": 8, "title": "Capitolo VIII", "pageRange": "206-237"}, {"id": "capitolo_IX", "iri": "https://w3id.org/gaddatlas/id/chapter/capitolo_IX", "number": 9, "title": "Capitolo IX", "pageRange": "238-277"}, {"id": "capitolo_X", "iri": "https://w3id.org/gaddatlas/id/chapter/capitolo_X", "number": 10, "title": "Capitolo X", "pageRange": "278-307"}]}, "relief": [{"targetId": "gaz_molise", "interpretationId": "interp_00001", "referenceId": "ref_00001", "page": 11, "chapter": 1, "agentId": "ingravallo", "role": "ProjectedSpace", "determination": "Indeterminate", "criticalNote": "La “collina molisana” è impiegata come sineddoche spaziale dell’origine sociale del personaggio; lo spazio non è diegeticamente attivo ma funziona come proiezione identitaria e culturale.", "isRouteNode": null}, {"targetId": "gaz_san_martino_ai_monti", "interpretationId": "interp_00002", "referenceId": "ref_00002", "page": 14, "chapter": 1, "agentId": "remo_balducci", "role": "Marker", "determination": "Approximate", "criticalNote": null, "isRouteNode": null}, {"targetId": "gaz_collegio_romano", "interpretationId": "interp_00003", "referenceId": "ref_00003", "page": 14, "chapter": 1, "agentId": "ingravallo", "role": "Marker", "determination": "Approximate", "criticalNote": null, "isRouteNode": null}, {"targetId": "gaz_santo_stefano_del_cacco_celio_santo_stefano", "interpretationId": "interp_00004", "referenceId": "ref_00004", "page": 14, "chapter": 1, "agentId": "ingravallo", "role": "Setting", "determination": "Approximate", "criticalNote": null, "isRouteNode": null}, {"targetId": "barbiere", "interpretationId": "interp_00005", "referenceId": "ref_00005", "page": 14, "chapter": 1, "agentId": "ingravallo", "role": "Marker", "determination": "Indeterminate", "criticalNote": "Generico Barbiere", "isRouteNode": null}, {"targetId": "gaz_vicenza", "interpretationId": "interp_00006", "referenceId": "ref_00006", "page": 16, "chapter": 1, "agentId": "remo_balducci", "role": "Marker", "determination": "Indeterminate", "criticalNote": "Luogo generico", "isRouteNode": null}, {"targetId": "palazzo_219", "interpretationId": "interp_00007", "referenceId": "ref_00007", "page": 16, "chapter": 1, "agentId": "narrator", "role": "Setting", "determination": "Approximate", "criticalNote": "Palazzo del \"fattaccio\", in cui prende luogo l'evento principale del romanzo", "isRouteNode": null}, {"targetId": "palazzo_219", "interpretationId": "interp_00008", "referenceId": "ref_00008", "page": 16, "chapter": 1, "agentId": "narrator", "role": "Setting", "determination": "Approximate", "criticalNote": "Palazzo del \"fattaccio\", in cui prende luogo l'evento principale del romanzo", "isRouteNode": null}, {"targetId": "scale", "interpretationId": "interp_00009", "referenceId": "ref_00009", "page": 16, "chapter": 1, "agentId": "narrator", "role": "Setting", "determination": "Precise", "criticalNote": "Scala A e Scala B del palazzo, a riflettere la simmetria imperfetta che alligna nel Palazzo", "isRouteNode": null}, {"targetId": "scala_a", "interpretationId": "interp_00010", "referenceId": "ref_00010", "page": 16, "chapter": 1, "agentId": "narrator", "role": "Setting", "determination": "Precise", "criticalNote": "Scala A del palazzo, in cui si realizzeranno i due crimini centrali del romanzo", "isRouteNode": null}, {"targetId": "gaz_frascati", "interpretationId": "interp_00011", "referenceId": "ref_00011", "page": 17, "chapter": 1, "agentId": "assunta", "role": "Marker", "determination": "Indeterminate", "criticalNote": "Aggettivo che evoca lo spazio dei Colli Albani/Castelli Romani", "isRouteNode": null}, {"targetId": "gaz_tivoli", "interpretationId": "interp_00012", "referenceId": "ref_00012", "page": 17, "chapter": 1, "agentId": "assunta", "role": "Marker", "determination": "Indeterminate", "criticalNote": "Aggettivo che evoca lo spazio di Tivoli", "isRouteNode": null}, {"targetId": "gaz_santagnese_in_agone", "interpretationId": "interp_00018", "referenceId": "ref_00018", "page": 17, "chapter": 1, "agentId": "narrator", "role": "Marker", "determination": "Approximate", "criticalNote": null, "isRouteNode": null}, {"targetId": "gaz_santa_maria_in_porta_paradisi", "interpretationId": "interp_00019", "referenceId": "ref_00019", "page": 17, "chapter": 1, "agentId": "narrator", "role": "Marker", "determination": "Approximate", "criticalNote": null, "isRouteNode": null}, {"targetId": "gaz_santi_quattro_coronati", "interpretationId": "interp_00020", "referenceId": "ref_00020", "page": 19, "chapter": 1, "agentId": "don_lorenzo_corpi", "role": "Marker", "determination": "Approximate", "criticalNote": null, "isRouteNode": null}, {"targetId": "gaz_lazio", "interpretationId": "interp_00013", "referenceId": "ref_00013", "page": 20, "chapter": 1, "agentId": "ingravallo", "role": "ProjectedSpace", "determination": "Indeterminate", "criticalNote": null, "isRouteNode": null}, {"targetId": "gaz_marsica", "interpretationId": "interp_00014", "referenceId": "ref_00014", "page": 20, "chapter": 1, "agentId": "ingravallo", "role": "ProjectedSpace", "determination": "Indeterminate", "criticalNote": null, "isRouteNode": null}, {"targetId": "gaz_piceno", "interpretationId": "interp_00015", "referenceId": "ref_00015", "page": 20, "chapter": 1, "agentId": "ingravallo", "role": "ProjectedSpace", "determination": "Indeterminate", "criticalNote": null, "isRouteNode": null}, {"targetId": "gaz_sannio", "interpretationId": "interp_00016", "referenceId": "ref_00016", "page": 20, "chapter": 1, "agentId": "ingravallo", "role": "ProjectedSpace", "determination": "Indeterminate", "criticalNote": null, "isRouteNode": null}, {"targetId": "gaz_molise", "interpretationId": "interp_00017", "referenceId": "ref_00017", "page": 20, "chapter": 1, "agentId": "ingravallo", "role": "ProjectedSpace", "determination": "Indeterminate", "criticalNote": null, "isRouteNode": null}, {"targetId": "gaz_santa_maria_in_porta_paradisi", "interpretationId": "interp_00021", "referenceId": "ref_00021", "page": 20, "chapter": 1, "agentId": "ingravallo", "role": "Marker", "determination": "Approximate", "criticalNote": null, "isRouteNode": null}, {"targetId": "gaz_salsomaggiore", "interpretationId": "interp_00022", "referenceId": "ref_00022", "page": 21, "chapter": 1, "agentId": "narrator", "role": "Marker", "determination": "Indeterminate", "criticalNote": null, "isRouteNode": null}, {"targetId": "gaz_monteleone", "interpretationId": "interp_00023", "referenceId": "ref_00023", "page": 21, "chapter": 1, "agentId": "nipote_un1", "role": "Marker", "determination": "Indeterminate", "criticalNote": "Monteleone, probabilmente Monteleone sabino, indicato come luogo d'origine d'una delle \"nipotine\" al servizio dei Balducci", "isRouteNode": null}, {"targetId": "gaz_anzio", "interpretationId": "interp_00024", "referenceId": "ref_00024", "page": 21, "chapter": 1, "agentId": "ingravallo", "role": "Marker", "determination": "Indeterminate", "criticalNote": "Anzio si collona nel territorio costiero del Castelli Romani", "isRouteNode": null}, {"targetId": "area_oltre_tevere", "interpretationId": "interp_00025", "referenceId": "ref_00025", "page": 21, "chapter": 1, "agentId": "liliana", "role": "ProjectedSpace", "determination": "Relative", "criticalNote": "Area paesaggistica vaga e analogica, delimitata dal Tevere e costruita per accumulo descrittivo (castelli, vigne, colli, monti, piane), contrapposta alla città di Roma; spazio percepito e mitizzato da Liliana Balducci. Il Tevere funziona come barriera idrografica e simbolica di separazione tra spazio urbano e spazio campestre, più che come luogo in sé.", "isRouteNode": null}, {"targetId": "gaz_via_merulana", "interpretationId": "interp_00026", "referenceId": "ref_00026", "page": 22, "chapter": 1, "agentId": "narrator", "role": "Setting", "determination": "Precise", "criticalNote": null, "isRouteNode": null}, {"targetId": "palazzo_219", "interpretationId": "interp_00027", "referenceId": "ref_00027", "page": 22, "chapter": 1, "agentId": "narrator", "role": "Setting", "determination": "Precise", "criticalNote": "Palazzo del \"fattaccio\", in cui prende luogo l'evento principale del romanzo", "isRouteNode": null}, {"targetId": "via_delle_oche", "interpretationId": "interp_00028", "referenceId": "ref_00028", "page": 22, "chapter": 1, "agentId": "ingravallo", "role": "ProjectedSpace", "determination": "Relative", "criticalNote": "L’espressione «via delle Oche», riferita a Milano, non risulta attestata nella toponomastica urbana storica. Il toponimo può essere interpretato come una trasposizione simbolica e ironica della via delle Oche bolognese, luogo storicamente associato alla prostituzione e alla cultura popolare femminile. Il contesto discorsivo (la figura della «ragazza» e il riferimento al «dispensario celtico» come \"luogo di marginalità femminile travestito da antropologia nordica\") suggerisce un uso allusivo e deformante dello spazio urbano, coerente con la pratica gaddiana di sovrapposizione e travestimento topografico. Il riferimento non va quindi inteso in senso referenziale, ma come costruzione narrativa a forte densità simbolica (prostituzione, oralità popolare, corpo femminile).", "isRouteNode": null}, {"targetId": "via_delle_oche", "interpretationId": "interp_00029", "referenceId": "ref_00028", "page": 22, "chapter": 1, "agentId": "ingravallo", "role": "ProjectedSpace", "determination": "Relative", "criticalNote": "L’espressione «via delle Oche», riferita a Milano, non risulta attestata nella toponomastica urbana storica. Il toponimo può essere interpretato come una trasposizione simbolica e ironica della via delle Oche bolognese, luogo storicamente associato alla prostituzione e alla cultura popolare femminile. Il contesto discorsivo (la figura della «ragazza» e il riferimento al «dispensario celtico» come \"luogo di marginalità femminile travestito da antropologia nordica\") suggerisce un uso allusivo e deformante dello spazio urbano, coerente con la pratica gaddiana di sovrapposizione e travestimento topografico. Il riferimento non va quindi inteso in senso referenziale, ma come costruzione narrativa a forte densità simbolica (prostituzione, oralità popolare, corpo femminile).", "isRouteNode": null}, {"targetId": "gaz_via_merulana", "interpretationId": "interp_00030", "referenceId": "ref_00029", "page": 24, "chapter": 1, "agentId": "ingravallo", "role": "Setting", "determination": "Approximate", "criticalNote": null, "isRouteNode": null}, {"targetId": "palazzo_219", "interpretationId": "interp_00031", "referenceId": "ref_00030", "page": 24, "chapter": 1, "agentId": "ingravallo", "role": "Setting", "determination": "Approximate", "criticalNote": "Palazzo del \"fattaccio\", in cui prende luogo l'evento principale del romanzo", "isRouteNode": null}, {"targetId": "gaz_via_merulana", "interpretationId": "interp_00032", "referenceId": "ref_00031", "page": 25, "chapter": 1, "agentId": "ingravallo", "role": "Setting", "determination": "Approximate", "criticalNote": null, "isRouteNode": null}, {"targetId": "gaz_via_botteghe_oscure", "interpretationId": "interp_00033", "referenceId": "ref_00032", "page": 25, "chapter": 1, "agentId": "dottor_fumi", "role": "ProjectedSpace", "determination": "Approximate", "criticalNote": null, "isRouteNode": null}, {"targetId": "gaz_viale_liegi", "interpretationId": "interp_00034", "referenceId": "ref_00033", "page": 25, "chapter": 1, "agentId": "dottor_fumi", "role": "ProjectedSpace", "determination": "Approximate", "criticalNote": null, "isRouteNode": null}, {"targetId": "gaz_viminale", "interpretationId": "interp_00035", "referenceId": "ref_00034", "page": 25, "chapter": 1, "agentId": "ingravallo", "role": null, "determination": null, "criticalNote": null, "isRouteNode": "tragitto_viminale_merulana"}, {"targetId": "gaz_viminale", "interpretationId": "interp_00036", "referenceId": "ref_00034", "page": 25, "chapter": 1, "agentId": "gaudenzio", "role": null, "determination": null, "criticalNote": null, "isRouteNode": "tragitto_viminale_merulana"}, {"targetId": "gaz_viminale", "interpretationId": "interp_00037", "referenceId": "ref_00034", "page": 25, "chapter": 1, "agentId": "pompeo", "role": null, "determination": null, "criticalNote": null, "isRouteNode": "tragitto_viminale_merulana"}, {"targetId": "gaz_san_giovanni_in_laterano", "interpretationId": "interp_00038", "referenceId": "ref_00035", "page": 25, "chapter": 1, "agentId": "ingravallo", "role": null, "determination": null, "criticalNote": null, "isRouteNode": "tragitto_viminale_merulana"}, {"targetId": "gaz_san_giovanni_in_laterano", "interpretationId": "interp_00039", "referenceId": "ref_00035", "page": 25, "chapter": 1, "agentId": "gaudenzio", "role": null, "determination": null, "criticalNote": null, "isRouteNode": "tragitto_viminale_merulana"}, {"targetId": "gaz_san_giovanni_in_laterano", "interpretationId": "interp_00040", "referenceId": "ref_00035", "page": 25, "chapter": 1, "agentId": "pompeo", "role": null, "determination": null, "criticalNote": null, "isRouteNode": "tragitto_viminale_merulana"}, {"targetId": "palazzo_219", "interpretationId": "interp_00041", "referenceId": "ref_00036", "page": 25, "chapter": 1, "agentId": "ingravallo", "role": null, "determination": null, "criticalNote": "Palazzo del \"fattaccio\", in cui prende luogo l'evento principale del romanzo", "isRouteNode": "tragitto_viminale_merulana"}, {"targetId": "palazzo_219", "interpretationId": "interp_00042", "referenceId": "ref_00036", "page": 25, "chapter": 1, "agentId": "gaudenzio", "role": null, "determination": null, "criticalNote": "Palazzo del \"fattaccio\", in cui prende luogo l'evento principale del romanzo", "isRouteNode": "tragitto_viminale_merulana"}, {"targetId": "palazzo_219", "interpretationId": "interp_00043", "referenceId": "ref_00036", "page": 25, "chapter": 1, "agentId": "pompeo", "role": null, "determination": null, "criticalNote": "Palazzo del \"fattaccio\", in cui prende luogo l'evento principale del romanzo", "isRouteNode": "tragitto_viminale_merulana"}, {"targetId": "palazzo_219", "interpretationId": "interp_00047", "referenceId": "ref_00038", "page": 25, "chapter": 1, "agentId": "ingravallo", "role": "Setting", "determination": "Precise", "criticalNote": "Palazzo del \"fattaccio\", in cui prende luogo l'evento principale del romanzo", "isRouteNode": null}, {"targetId": "palazzo_219", "interpretationId": "interp_00048", "referenceId": "ref_00038", "page": 25, "chapter": 1, "agentId": "gaudenzio", "role": "Setting", "determination": "Precise", "criticalNote": "Palazzo del \"fattaccio\", in cui prende luogo l'evento principale del romanzo", "isRouteNode": null}, {"targetId": "palazzo_219", "interpretationId": "interp_00049", "referenceId": "ref_00038", "page": 25, "chapter": 1, "agentId": "pompeo", "role": "Setting", "determination": "Precise", "criticalNote": "Palazzo del \"fattaccio\", in cui prende luogo l'evento principale del romanzo", "isRouteNode": null}, {"targetId": "palazzo_219", "interpretationId": "interp_00050", "referenceId": "ref_00039", "page": 26, "chapter": 1, "agentId": "ingravallo", "role": "Setting", "determination": "Relative", "criticalNote": "L’espressione «la ben nota architettura» costituisce una perifrasi eufemistica e allusiva riferita al palazzo di via Merulana (civico 219), già più volte menzionato nel romanzo attraverso denominazioni varianti. L’identificazione non è letterale né nominativa, ma si fonda sulla ricorrenza contestuale, sulla focalizzazione interna (Ingravallo) e sul valore di riconoscibilità implicita attribuito al luogo, che assume qui una funzione evocativa e psicologica più che descrittiva o topografica.", "isRouteNode": null}, {"targetId": "palazzo_219", "interpretationId": "interp_00051", "referenceId": "ref_00040", "page": 26, "chapter": 1, "agentId": "ingravallo", "role": "Setting", "determination": "Relative", "criticalNote": "L’espressione «casermone color pidocchio» costituisce una perifrasi eufemistica e allusiva riferita al palazzo di via Merulana (civico 219), già più volte menzionato nel romanzo attraverso denominazioni varianti.", "isRouteNode": null}, {"targetId": "palazzo_219", "interpretationId": "interp_00052", "referenceId": "ref_00040", "page": 26, "chapter": 1, "agentId": "gaudenzio", "role": "Setting", "determination": "Relative", "criticalNote": "L’espressione «casermone color pidocchio» costituisce una perifrasi eufemistica e allusiva riferita al palazzo di via Merulana (civico 219), già più volte menzionato nel romanzo attraverso denominazioni varianti.", "isRouteNode": null}, {"targetId": "palazzo_219", "interpretationId": "interp_00053", "referenceId": "ref_00040", "page": 26, "chapter": 1, "agentId": "pompeo", "role": "Setting", "determination": "Relative", "criticalNote": "L’espressione «casermone color pidocchio» costituisce una perifrasi eufemistica e allusiva riferita al palazzo di via Merulana (civico 219), già più volte menzionato nel romanzo attraverso denominazioni varianti.", "isRouteNode": null}, {"targetId": "palazzo_219", "interpretationId": "interp_00054", "referenceId": "ref_00041", "page": 26, "chapter": 1, "agentId": "monello", "role": "Setting", "determination": "Relative", "criticalNote": "L’espressione «sto palazzo» costituisce una perifrasi eufemistica e allusiva riferita al palazzo di via Merulana (civico 219), già più volte menzionato nel romanzo attraverso denominazioni varianti.", "isRouteNode": null}, {"targetId": "gaz_san_giovanni", "interpretationId": "interp_00055", "referenceId": "ref_00042", "page": 26, "chapter": 1, "agentId": "narrator", "role": "Marker", "determination": "Approximate", "criticalNote": null, "isRouteNode": null}, {"targetId": "scala_a", "interpretationId": "interp_00056", "referenceId": "ref_00043", "page": 27, "chapter": 1, "agentId": "ingravallo", "role": "Setting", "determination": "Precise", "criticalNote": "Scala A del palazzo, in cui si realizzeranno i due crimini centrali del romanzo", "isRouteNode": null}, {"targetId": "gaz_sacro_cuore", "interpretationId": "interp_00057", "referenceId": "ref_00044", "page": 28, "chapter": 1, "agentId": "luigia_zanchetti", "role": "ProjectedSpace", "determination": "Indeterminate", "criticalNote": null, "isRouteNode": null}, {"targetId": "piani_alti_219", "interpretationId": "interp_00058", "referenceId": "ref_00045", "page": 30, "chapter": 1, "agentId": "narrator", "role": "Setting", "determination": "Precise", "criticalNote": "Piani alti della Scala A, palazzo 219", "isRouteNode": null}, {"targetId": "palazzo_219", "interpretationId": "interp_00059", "referenceId": "ref_00046", "page": 32, "chapter": 1, "agentId": "narrator", "role": "Setting", "determination": "Precise", "criticalNote": "Palazzo del \"fattaccio\", in cui prende luogo l'evento principale del romanzo", "isRouteNode": null}, {"targetId": "scale", "interpretationId": "interp_00060", "referenceId": "ref_00047", "page": 32, "chapter": 1, "agentId": "narrator", "role": "Setting", "determination": "Precise", "criticalNote": "Scala A e Scala B del palazzo, a riflettere la simmetria imperfetta che alligna nel Palazzo", "isRouteNode": null}, {"targetId": "scala_a", "interpretationId": "interp_00061", "referenceId": "ref_00048", "page": 32, "chapter": 1, "agentId": "narrator", "role": "Setting", "determination": "Approximate", "criticalNote": "Scala A del palazzo, in cui si realizzeranno i due crimini centrali del romanzo", "isRouteNode": null}, {"targetId": "gaz_santa_maria_maggiore", "interpretationId": "interp_00062", "referenceId": "ref_00049", "page": 33, "chapter": 1, "agentId": "character_un1", "role": "Marker", "determination": "Approximate", "criticalNote": null, "isRouteNode": null}, {"targetId": "palazzo_219", "interpretationId": "interp_00063", "referenceId": "ref_00050", "page": 34, "chapter": 1, "agentId": "portinaia", "role": "Setting", "determination": "Relative", "criticalNote": null, "isRouteNode": null}, {"targetId": "gaz_via_valadier", "interpretationId": "interp_00064", "referenceId": "ref_00051", "page": 36, "chapter": 1, "agentId": "narrator", "role": "ProjectedSpace", "determination": "Approximate", "criticalNote": null, "isRouteNode": null}, {"targetId": "gaz_via_montebello", "interpretationId": "interp_00065", "referenceId": "ref_00052", "page": 36, "chapter": 1, "agentId": "narrator", "role": "ProjectedSpace", "determination": "Approximate", "criticalNote": null, "isRouteNode": null}, {"targetId": "gaz_tranvie_dei_castelli", "interpretationId": "interp_00066", "referenceId": "ref_00053", "page": 36, "chapter": 1, "agentId": "ingravallo", "role": "Marker", "determination": "Approximate", "criticalNote": null, "isRouteNode": null}, {"targetId": "gaz_due_santi", "interpretationId": "interp_00067", "referenceId": "ref_00054", "page": 36, "chapter": 1, "agentId": "ingravallo", "role": "Marker", "determination": "Approximate", "criticalNote": null, "isRouteNode": null}, {"targetId": "gaz_torraccio", "interpretationId": "interp_00068", "referenceId": "ref_00055", "page": 36, "chapter": 1, "agentId": "gaudenzio", "role": "Setting", "determination": "Approximate", "criticalNote": null, "isRouteNode": null}, {"targetId": "gaz_marino", "interpretationId": "interp_00069", "referenceId": "ref_00056", "page": 37, "chapter": 1, "agentId": "cencia", "role": "ZoneOfAction", "determination": "Approximate", "criticalNote": null, "isRouteNode": null}, {"targetId": "gaz_via_de_querceti", "interpretationId": "interp_00070", "referenceId": "ref_00057", "page": 37, "chapter": 1, "agentId": "cencia", "role": "Marker", "determination": "Approximate", "criticalNote": null, "isRouteNode": null}, {"targetId": "gaz_santi_quattro_coronati", "interpretationId": "interp_00071", "referenceId": "ref_00058", "page": 37, "chapter": 1, "agentId": "cencia", "role": "Marker", "determination": "Approximate", "criticalNote": null, "isRouteNode": null}, {"targetId": "gaz_santi_quattro_coronati", "interpretationId": "interp_00072", "referenceId": "ref_00059", "page": 37, "chapter": 1, "agentId": "don_lorenzo_corpi", "role": "Marker", "determination": "Approximate", "criticalNote": null, "isRouteNode": null}, {"targetId": "palazzo_219", "interpretationId": "interp_00073", "referenceId": "ref_00060", "page": 39, "chapter": 1, "agentId": "portinaia", "role": "Setting", "determination": "Relative", "criticalNote": "Palazzo del \"fattaccio\"", "isRouteNode": null}, {"targetId": "gaz_san_luigi_de_francesi", "interpretationId": "interp_00074", "referenceId": "ref_00061", "page": 40, "chapter": 1, "agentId": "commendador_angeloni", "role": "Marker", "determination": "Approximate", "criticalNote": null, "isRouteNode": null}, {"targetId": "gaz_santa_maria_sopra_minerva", "interpretationId": "interp_00075", "referenceId": "ref_00062", "page": 40, "chapter": 1, "agentId": "commendador_angeloni", "role": "Marker", "determination": "Approximate", "criticalNote": null, "isRouteNode": null}, {"targetId": "gaz_santagostino", "interpretationId": "interp_00076", "referenceId": "ref_00063", "page": 40, "chapter": 1, "agentId": "commendador_angeloni", "role": null, "determination": null, "criticalNote": null, "isRouteNode": "tragitto_agostino_aquiro"}, {"targetId": "gaz_via_della_scrofa", "interpretationId": "interp_00077", "referenceId": "ref_00064", "page": 40, "chapter": 1, "agentId": "commendador_angeloni", "role": null, "determination": null, "criticalNote": null, "isRouteNode": "tragitto_agostino_aquiro"}, {"targetId": "gaz_via_delle_coppelle", "interpretationId": "interp_00078", "referenceId": "ref_00065", "page": 40, "chapter": 1, "agentId": "commendador_angeloni", "role": null, "determination": null, "criticalNote": null, "isRouteNode": "tragitto_agostino_aquiro"}, {"targetId": "gaz_pozzo_delle_cornacchie", "interpretationId": "interp_00079", "referenceId": "ref_00066", "page": 40, "chapter": 1, "agentId": "commendador_angeloni", "role": null, "determination": null, "criticalNote": null, "isRouteNode": "tragitto_agostino_aquiro"}, {"targetId": "gaz_santa_maria_in_aquiro", "interpretationId": "interp_00080", "referenceId": "ref_00067", "page": 40, "chapter": 1, "agentId": "commendador_angeloni", "role": null, "determination": null, "criticalNote": null, "isRouteNode": "tragitto_agostino_aquiro"}, {"targetId": "gaz_via_colonna_vittoria", "interpretationId": "interp_00082", "referenceId": "ref_00069", "page": 40, "chapter": 1, "agentId": "commendador_angeloni", "role": null, "determination": null, "criticalNote": null, "isRouteNode": "tragitto_colonna_treccani"}, {"targetId": "gaz_piazza_di_pietra", "interpretationId": "interp_00083", "referenceId": "ref_00070", "page": 40, "chapter": 1, "agentId": "commendador_angeloni", "role": null, "determination": null, "criticalNote": null, "isRouteNode": "tragitto_colonna_treccani"}, {"targetId": "gaz_via_di_pietra", "interpretationId": "interp_00084", "referenceId": "ref_00071", "page": 40, "chapter": 1, "agentId": "commendador_angeloni", "role": null, "determination": null, "criticalNote": null, "isRouteNode": "tragitto_colonna_treccani"}, {"targetId": "gaz_via_del_corso", "interpretationId": "interp_00085", "referenceId": "ref_00072", "page": 40, "chapter": 1, "agentId": "commendador_angeloni", "role": null, "determination": null, "criticalNote": null, "isRouteNode": "tragitto_colonna_treccani"}, {"targetId": "gaz_istituto_dellenciclopedia_treccani", "interpretationId": "interp_00086", "referenceId": "ref_00073", "page": 40, "chapter": 1, "agentId": "commendador_angeloni", "role": null, "determination": null, "criticalNote": null, "isRouteNode": "tragitto_colonna_treccani"}, {"targetId": "gioielliere_catellani", "interpretationId": "interp_00087", "referenceId": "ref_00074", "page": 40, "chapter": 1, "agentId": "commendador_angeloni", "role": "Marker", "determination": "Indeterminate", "criticalNote": null, "isRouteNode": null}, {"targetId": "gaz_santa_chiara", "interpretationId": "interp_00089", "referenceId": "ref_00076", "page": 41, "chapter": 1, "agentId": "commendador_angeloni", "role": null, "determination": null, "criticalNote": null, "isRouteNode": "tragitto_chiara_pantheon"}, {"targetId": "gaz_via_della_palombella", "interpretationId": "interp_00090", "referenceId": "ref_00077", "page": 41, "chapter": 1, "agentId": "commendador_angeloni", "role": null, "determination": null, "criticalNote": null, "isRouteNode": "tragitto_chiara_pantheon"}, {"targetId": "gaz_pantheon", "interpretationId": "interp_00091", "referenceId": "ref_00078", "page": 41, "chapter": 1, "agentId": "commendador_angeloni", "role": null, "determination": null, "criticalNote": null, "isRouteNode": "tragitto_chiara_pantheon"}, {"targetId": "gaz_via_campo_marzio", "interpretationId": "interp_00093", "referenceId": "ref_00080", "page": 41, "chapter": 1, "agentId": "commendador_angeloni", "role": "Marker", "determination": "Approximate", "criticalNote": null, "isRouteNode": null}, {"targetId": "gaz_via_del_parlamento", "interpretationId": "interp_00094", "referenceId": "ref_00081", "page": 41, "chapter": 1, "agentId": "commendador_angeloni", "role": "Marker", "determination": "Approximate", "criticalNote": null, "isRouteNode": null}, {"targetId": "gaz_via_merulana", "interpretationId": "interp_00095", "referenceId": "ref_00082", "page": 41, "chapter": 1, "agentId": "commendador_angeloni", "role": "Setting", "determination": "Precise", "criticalNote": null, "isRouteNode": null}, {"targetId": "palazzo_219", "interpretationId": "interp_00096", "referenceId": "ref_00083", "page": 41, "chapter": 1, "agentId": "commendador_angeloni", "role": "Setting", "determination": "Approximate", "criticalNote": null, "isRouteNode": null}, {"targetId": "gaz_santo_stefano_del_cacco_celio_santo_stefano", "interpretationId": "interp_00097", "referenceId": "ref_00084", "page": 43, "chapter": 1, "agentId": "commendador_angeloni", "role": "ProjectedSpace", "determination": "Approximate", "criticalNote": null, "isRouteNode": null}, {"targetId": "gaz_santo_stefano_del_cacco_celio_santo_stefano", "interpretationId": "interp_00098", "referenceId": "ref_00084", "page": 43, "chapter": 1, "agentId": "ingravallo", "role": "ProjectedSpace", "determination": "Approximate", "criticalNote": null, "isRouteNode": null}, {"targetId": "gaz_maccheronaro", "interpretationId": "interp_00099", "referenceId": "ref_00085", "page": 43, "chapter": 1, "agentId": "pompeo", "role": "Marker", "determination": "Relative", "criticalNote": null, "isRouteNode": null}, {"targetId": "gaz_via_del_gesu", "interpretationId": "interp_00100", "referenceId": "ref_00086", "page": 43, "chapter": 1, "agentId": "pompeo", "role": "Marker", "determination": "Approximate", "criticalNote": null, "isRouteNode": null}, {"targetId": "gaz_santo_stefano_del_cacco_celio_santo_stefano", "interpretationId": "interp_00101", "referenceId": "ref_00087", "page": 43, "chapter": 1, "agentId": "sor_manuela", "role": "Setting", "determination": "Approximate", "criticalNote": null, "isRouteNode": null}, {"targetId": "gaz_tevere", "interpretationId": "interp_00102", "referenceId": "ref_00088", "page": 44, "chapter": 1, "agentId": "ingravallo", "role": "ProjectedSpace", "determination": "Indeterminate", "criticalNote": "Tevere e Biferno sono impiegati come sineddoche spaziale dei tratti diatopici della lingua di Ingravallo", "isRouteNode": null}, {"targetId": "gaz_biferno", "interpretationId": "interp_00103", "referenceId": "ref_00088", "page": 44, "chapter": 1, "agentId": "ingravallo", "role": "ProjectedSpace", "determination": "Indeterminate", "criticalNote": "Tevere e Biferno sono impiegati come sineddoche spaziale dei tratti diatopici della lingua di Ingravallo", "isRouteNode": null}, {"targetId": "gaz_via_venti_settembre", "interpretationId": "interp_00104", "referenceId": "ref_00089", "page": 44, "chapter": 1, "agentId": "commendador_angeloni", "role": "ProjectedSpace", "determination": "Precise", "criticalNote": null, "isRouteNode": null}, {"targetId": "gaz_via_panisperna", "interpretationId": "interp_00105", "referenceId": "ref_00090", "page": 45, "chapter": 1, "agentId": "commendador_angeloni", "role": "Marker", "determination": "Approximate", "criticalNote": null, "isRouteNode": null}, {"targetId": "gaz_via_dei_serpenti", "interpretationId": "interp_00106", "referenceId": "ref_00091", "page": 45, "chapter": 1, "agentId": "gaudenzio", "role": "Marker", "determination": "Approximate", "criticalNote": null, "isRouteNode": null}, {"targetId": "gaz_via_dei_serpenti", "interpretationId": "interp_00107", "referenceId": "ref_00092", "page": 45, "chapter": 1, "agentId": "gaudenzio", "role": "Marker", "determination": "Approximate", "criticalNote": null, "isRouteNode": null}, {"targetId": "gaz_via_panisperna", "interpretationId": "interp_00108", "referenceId": "ref_00093", "page": 45, "chapter": 1, "agentId": "gaudenzio", "role": "Marker", "determination": "Approximate", "criticalNote": null, "isRouteNode": null}, {"targetId": "gaz_via_merulana", "interpretationId": "interp_00109", "referenceId": "ref_00094", "page": 46, "chapter": 1, "agentId": "garzone_serpenti", "role": "Marker", "determination": "Precise", "criticalNote": null, "isRouteNode": null}, {"targetId": "gaz_via_merulana", "interpretationId": "interp_00110", "referenceId": "ref_00095", "page": 47, "chapter": 1, "agentId": "portinaia", "role": "ProjectedSpace", "determination": "Approximate", "criticalNote": null, "isRouteNode": null}, {"targetId": "gaz_via_panisperna", "interpretationId": "interp_00111", "referenceId": "ref_00096", "page": 48, "chapter": 1, "agentId": "commendador_angeloni", "role": "ProjectedSpace", "determination": "Approximate", "criticalNote": null, "isRouteNode": null}, {"targetId": "palazzo_219", "interpretationId": "interp_00112", "referenceId": "ref_00097", "page": 49, "chapter": 1, "agentId": "narrator", "role": "Setting", "determination": "Approximate", "criticalNote": null, "isRouteNode": null}, {"targetId": "scala_a", "interpretationId": "interp_00113", "referenceId": "ref_00098", "page": 49, "chapter": 1, "agentId": "sor_manuela", "role": "Setting", "determination": "Approximate", "criticalNote": null, "isRouteNode": null}, {"targetId": "scala_a", "interpretationId": "interp_00114", "referenceId": "ref_00098", "page": 49, "chapter": 1, "agentId": "menegazzi", "role": "Setting", "determination": "Approximate", "criticalNote": null, "isRouteNode": null}, {"targetId": "scala_a", "interpretationId": "interp_00115", "referenceId": "ref_00098", "page": 49, "chapter": 1, "agentId": "bottafavi", "role": "Setting", "determination": "Approximate", "criticalNote": null, "isRouteNode": null}, {"targetId": "scala_a", "interpretationId": "interp_00116", "referenceId": "ref_00098", "page": 49, "chapter": 1, "agentId": "alda_pernetti", "role": "Setting", "determination": "Approximate", "criticalNote": null, "isRouteNode": null}, {"targetId": "scala_a", "interpretationId": "interp_00117", "referenceId": "ref_00098", "page": 49, "chapter": 1, "agentId": "fratello_pernetti", "role": "Setting", "determination": "Approximate", "criticalNote": null, "isRouteNode": null}, {"targetId": "scala_b", "interpretationId": "interp_00118", "referenceId": "ref_00099", "page": 49, "chapter": 1, "agentId": "sor_manuela", "role": "Setting", "determination": "Approximate", "criticalNote": null, "isRouteNode": null}, {"targetId": "scala_b", "interpretationId": "interp_00119", "referenceId": "ref_00099", "page": 49, "chapter": 1, "agentId": "orestino_bozzi", "role": "Setting", "determination": "Approximate", "criticalNote": null, "isRouteNode": null}, {"targetId": "scala_b", "interpretationId": "interp_00120", "referenceId": "ref_00099", "page": 49, "chapter": 1, "agentId": "sora_elodia", "role": "Setting", "determination": "Approximate", "criticalNote": null, "isRouteNode": null}, {"targetId": "scala_b", "interpretationId": "interp_00121", "referenceId": "ref_00099", "page": 49, "chapter": 1, "agentId": "enea_cucco", "role": "Setting", "determination": "Approximate", "criticalNote": null, "isRouteNode": null}, {"targetId": "gaz_san_giovanni_in_laterano", "interpretationId": "interp_00122", "referenceId": "ref_00100", "page": 51, "chapter": 1, "agentId": "assunta", "role": "Marker", "determination": "Approximate", "criticalNote": null, "isRouteNode": null}, {"targetId": "terzo_piano_219", "interpretationId": "interp_00123", "referenceId": "ref_00101", "page": 52, "chapter": 1, "agentId": "narrator", "role": "Setting", "determination": "Approximate", "criticalNote": null, "isRouteNode": null}, {"targetId": "scala_a", "interpretationId": "interp_00124", "referenceId": "ref_00102", "page": 52, "chapter": 1, "agentId": "narrator", "role": "Setting", "determination": "Approximate", "criticalNote": null, "isRouteNode": null}, {"targetId": "scala_b", "interpretationId": "interp_00125", "referenceId": "ref_00103", "page": 52, "chapter": 1, "agentId": "narrator", "role": "Setting", "determination": "Approximate", "criticalNote": null, "isRouteNode": null}, {"targetId": "gaz_san_clemente", "interpretationId": "interp_00126", "referenceId": "ref_00104", "page": 52, "chapter": 1, "agentId": "narrator", "role": "Marker", "determination": "Approximate", "criticalNote": null, "isRouteNode": null}, {"targetId": "gaz_santantonio_da_padova", "interpretationId": "interp_00127", "referenceId": "ref_00105", "page": 52, "chapter": 1, "agentId": "narrator", "role": "Marker", "determination": "Approximate", "criticalNote": null, "isRouteNode": null}, {"targetId": "gaz_santi_quattro_coronati", "interpretationId": "interp_00128", "referenceId": "ref_00106", "page": 52, "chapter": 1, "agentId": "narrator", "role": "Marker", "determination": "Approximate", "criticalNote": null, "isRouteNode": null}, {"targetId": "gaz_via_labbricana", "interpretationId": "interp_00129", "referenceId": "ref_00107", "page": 52, "chapter": 1, "agentId": "narrator", "role": "Setting", "determination": "Approximate", "criticalNote": null, "isRouteNode": null}, {"targetId": "gaz_via_merulana", "interpretationId": "interp_00130", "referenceId": "ref_00108", "page": 52, "chapter": 1, "agentId": "narrator", "role": "Setting", "determination": "Approximate", "criticalNote": null, "isRouteNode": null}, {"targetId": "cobianchi", "interpretationId": "interp_00131", "referenceId": "ref_00109", "page": 53, "chapter": 1, "agentId": "menegazzi", "role": "Marker", "determination": "Indeterminate", "criticalNote": null, "isRouteNode": null}, {"targetId": "gaz_piazza_san_lorenzo_in_lucina", "interpretationId": "interp_00132", "referenceId": "ref_00110", "page": 53, "chapter": 1, "agentId": "menegazzi", "role": "Marker", "determination": "Approximate", "criticalNote": null, "isRouteNode": null}, {"targetId": "gaz_palazzo_ruspoli", "interpretationId": "interp_00133", "referenceId": "ref_00111", "page": 53, "chapter": 1, "agentId": "menegazzi", "role": "Marker", "determination": "Approximate", "criticalNote": null, "isRouteNode": null}, {"targetId": "gaz_san_silvestro_in_capite", "interpretationId": "interp_00134", "referenceId": "ref_00112", "page": 53, "chapter": 1, "agentId": "menegazzi", "role": "Marker", "determination": "Relative", "criticalNote": null, "isRouteNode": null}, {"targetId": "gaz_celio", "interpretationId": "interp_00135", "referenceId": "ref_00113", "page": 53, "chapter": 1, "agentId": "ines_cionini", "role": "ProjectedSpace", "determination": "Relative", "criticalNote": null, "isRouteNode": null}, {"targetId": "gaz_torraccio", "interpretationId": "interp_00136", "referenceId": "ref_00114", "page": 53, "chapter": 1, "agentId": "ines_cionini", "role": "ProjectedSpace", "determination": "Relative", "criticalNote": null, "isRouteNode": null}, {"targetId": "gaz_torraccio", "interpretationId": "interp_00137", "referenceId": "ref_00115", "page": 54, "chapter": 1, "agentId": "dottor_fumi", "role": "ProjectedSpace", "determination": "Approximate", "criticalNote": null, "isRouteNode": null}, {"targetId": "gaz_torraccio", "interpretationId": "interp_00138", "referenceId": "ref_00116", "page": 54, "chapter": 1, "agentId": "ines_cionini", "role": "Setting", "determination": "Approximate", "criticalNote": null, "isRouteNode": null}, {"targetId": "gaz_san_giovanni", "interpretationId": "interp_00139", "referenceId": "ref_00117", "page": 54, "chapter": 1, "agentId": "ines_cionini", "role": "ProjectedSpace", "determination": "Precise", "criticalNote": null, "isRouteNode": null}, {"targetId": "gaz_santo_stefano_del_cacco_celio_santo_stefano", "interpretationId": "interp_00140", "referenceId": "ref_00118", "page": 54, "chapter": 1, "agentId": "ines_cionini", "role": "ProjectedSpace", "determination": "Precise", "criticalNote": null, "isRouteNode": null}, {"targetId": "gaz_santo_stefano_rotondo", "interpretationId": "interp_00141", "referenceId": "ref_00119", "page": 54, "chapter": 1, "agentId": "ines_cionini", "role": "Marker", "determination": "Approximate", "criticalNote": null, "isRouteNode": null}, {"targetId": "gaz_via_frangipane", "interpretationId": "interp_00142", "referenceId": "ref_00120", "page": 54, "chapter": 1, "agentId": "narrator", "role": "Marker", "determination": "Approximate", "criticalNote": null, "isRouteNode": null}, {"targetId": "gaz_santa_croce_in_gerusalemme", "interpretationId": "interp_00143", "referenceId": "ref_00121", "page": 54, "chapter": 1, "agentId": "narrator", "role": "Marker", "determination": "Approximate", "criticalNote": null, "isRouteNode": null}, {"targetId": "gaz_marino", "interpretationId": "interp_00144", "referenceId": "ref_00122", "page": 55, "chapter": 2, "agentId": "ingravallo", "role": "ZoneOfAction", "determination": "Approximate", "criticalNote": null, "isRouteNode": null}, {"targetId": "gaz_viminale", "interpretationId": "interp_00145", "referenceId": "ref_00123", "page": 55, "chapter": 2, "agentId": "ingravallo", "role": "Setting", "determination": "Approximate", "criticalNote": null, "isRouteNode": null}, {"targetId": "gaz_viminale", "interpretationId": "interp_00146", "referenceId": "ref_00123", "page": 55, "chapter": 2, "agentId": "gaudenzio", "role": "Setting", "determination": "Approximate", "criticalNote": null, "isRouteNode": null}, {"targetId": "gaz_marino", "interpretationId": "interp_00147", "referenceId": "ref_00124", "page": 55, "chapter": 2, "agentId": "ingravallo", "role": "ZoneOfAction", "determination": "Approximate", "criticalNote": null, "isRouteNode": null}, {"targetId": "grotta_de_sor_pippo", "interpretationId": "interp_00148", "referenceId": "ref_00125", "page": 55, "chapter": 2, "agentId": "ingravallo", "role": "ProjectedSpace", "determination": "Indeterminate", "criticalNote": null, "isRouteNode": null}, {"targetId": "gaz_via_merulana", "interpretationId": "interp_00149", "referenceId": "ref_00126", "page": 56, "chapter": 2, "agentId": "ingravallo", "role": "Setting", "determination": "Approximate", "criticalNote": null, "isRouteNode": null}, {"targetId": "gaz_tranvie_dei_castelli", "interpretationId": "interp_00150", "referenceId": "ref_00127", "page": 56, "chapter": 2, "agentId": "ingravallo", "role": "Setting", "determination": "Approximate", "criticalNote": null, "isRouteNode": null}, {"targetId": "gaz_torraccio", "interpretationId": "interp_00151", "referenceId": "ref_00128", "page": 56, "chapter": 2, "agentId": "narrator", "role": "Setting", "determination": "Approximate", "criticalNote": null, "isRouteNode": null}, {"targetId": "gaz_due_santi", "interpretationId": "interp_00152", "referenceId": "ref_00129", "page": 56, "chapter": 2, "agentId": "bigliettaio_merlani", "role": null, "determination": null, "criticalNote": null, "isRouteNode": "tragitto_duesanti_frattocchie"}, {"targetId": "gaz_torraccio", "interpretationId": "interp_00153", "referenceId": "ref_00130", "page": 56, "chapter": 2, "agentId": "bigliettaio_merlani", "role": null, "determination": null, "criticalNote": null, "isRouteNode": "tragitto_duesanti_frattocchie"}, {"targetId": "gaz_frattocchie", "interpretationId": "interp_00154", "referenceId": "ref_00131", "page": 56, "chapter": 2, "agentId": "bigliettaio_merlani", "role": null, "determination": null, "criticalNote": null, "isRouteNode": "tragitto_duesanti_frattocchie"}, {"targetId": "gaz_via_dazeglio", "interpretationId": "interp_00156", "referenceId": "ref_00133", "page": 56, "chapter": 2, "agentId": "ingravallo", "role": "Marker", "determination": "Precise", "criticalNote": null, "isRouteNode": null}, {"targetId": "gaz_pincio", "interpretationId": "interp_00157", "referenceId": "ref_00134", "page": 56, "chapter": 2, "agentId": "narrator", "role": "Marker", "determination": "Approximate", "criticalNote": null, "isRouteNode": null}, {"targetId": "gaz_gianicolo", "interpretationId": "interp_00158", "referenceId": "ref_00135", "page": 56, "chapter": 2, "agentId": "narrator", "role": "Marker", "determination": "Approximate", "criticalNote": null, "isRouteNode": null}, {"targetId": "gaz_collegio_romano", "interpretationId": "interp_00159", "referenceId": "ref_00136", "page": 57, "chapter": 2, "agentId": "narrator", "role": "Marker", "determination": "Approximate", "criticalNote": null, "isRouteNode": null}, {"targetId": "gaz_molo_beverello", "interpretationId": "interp_00160", "referenceId": "ref_00137", "page": 57, "chapter": 2, "agentId": "narrator", "role": "Marker", "determination": "Approximate", "criticalNote": null, "isRouteNode": null}, {"targetId": "gaz_palazzo_chigi", "interpretationId": "interp_00161", "referenceId": "ref_00138", "page": 57, "chapter": 2, "agentId": "mussolini", "role": "Marker", "determination": "Precise", "criticalNote": null, "isRouteNode": null}, {"targetId": "gaz_collegio_romano", "interpretationId": "interp_00162", "referenceId": "ref_00139", "page": 58, "chapter": 2, "agentId": "narrator", "role": "Marker", "determination": "Approximate", "criticalNote": null, "isRouteNode": null}, {"targetId": "gaz_via_dazeglio", "interpretationId": "interp_00163", "referenceId": "ref_00140", "page": 58, "chapter": 2, "agentId": "ingravallo", "role": "Setting", "determination": "Precise", "criticalNote": null, "isRouteNode": null}, {"targetId": "gaz_via_merulana", "interpretationId": "interp_00164", "referenceId": "ref_00141", "page": 58, "chapter": 2, "agentId": "porchettini", "role": "Setting", "determination": "Approximate", "criticalNote": null, "isRouteNode": null}, {"targetId": "gaz_via_merulana", "interpretationId": "interp_00165", "referenceId": "ref_00142", "page": 59, "chapter": 2, "agentId": "giuliano_valdarena", "role": "Setting", "determination": "Approximate", "criticalNote": null, "isRouteNode": null}, {"targetId": "gaz_via_merulana", "interpretationId": "interp_00166", "referenceId": "ref_00143", "page": 59, "chapter": 2, "agentId": "ingravallo", "role": "Setting", "determination": "Precise", "criticalNote": null, "isRouteNode": null}, {"targetId": "gaz_via_merulana", "interpretationId": "interp_00167", "referenceId": "ref_00143", "page": 59, "chapter": 2, "agentId": "pompeo", "role": "Setting", "determination": "Precise", "criticalNote": null, "isRouteNode": null}, {"targetId": "gaz_dosso_faiti", "interpretationId": "interp_00168", "referenceId": "ref_00144", "page": 61, "chapter": 2, "agentId": "ingravallo", "role": "ProjectedSpace", "determination": "Relative", "criticalNote": null, "isRouteNode": null}, {"targetId": "gaz_monte_cengio", "interpretationId": "interp_00169", "referenceId": "ref_00145", "page": 61, "chapter": 2, "agentId": "ingravallo", "role": "ProjectedSpace", "determination": "Relative", "criticalNote": "La visione del sangue produce uno slittamento semantico tra il personaggio di Ingravallo e un elemento biografico centrale dell'esperienza di Gadda, l'esperienza del fronte e la morte del fratello, attraverso il referente topografico del Cengio e del Faiti", "isRouteNode": null}, {"targetId": "gaz_ostia", "interpretationId": "interp_00170", "referenceId": "ref_00146", "page": 62, "chapter": 2, "agentId": "narrator", "role": "Marker", "determination": "Approximate", "criticalNote": null, "isRouteNode": null}, {"targetId": "gaz_forte_de_marmi", "interpretationId": "interp_00171", "referenceId": "ref_00147", "page": 62, "chapter": 2, "agentId": "narrator", "role": "Marker", "determination": "Approximate", "criticalNote": null, "isRouteNode": null}, {"targetId": "gaz_genova", "interpretationId": "interp_00172", "referenceId": "ref_00148", "page": 63, "chapter": 2, "agentId": "giuliano_valdarena", "role": "ProjectedSpace", "determination": "Approximate", "criticalNote": null, "isRouteNode": null}, {"targetId": "gaz_via_nicotera", "interpretationId": "interp_00173", "referenceId": "ref_00149", "page": 63, "chapter": 2, "agentId": "giuliano_valdarena", "role": "Marker", "determination": "Approximate", "criticalNote": null, "isRouteNode": null}, {"targetId": "scala_b", "interpretationId": "interp_00174", "referenceId": "ref_00150", "page": 63, "chapter": 2, "agentId": "sor_manuela", "role": "Setting", "determination": "Precise", "criticalNote": null, "isRouteNode": null}, {"targetId": "gaz_sacro_cuore", "interpretationId": "interp_00175", "referenceId": "ref_00151", "page": 65, "chapter": 2, "agentId": "luigia_zanchetti", "role": "Marker", "determination": "Approximate", "criticalNote": null, "isRouteNode": null}, {"targetId": "gaz_milano", "interpretationId": "interp_00176", "referenceId": "ref_00152", "page": 65, "chapter": 2, "agentId": "remo_balducci", "role": "ProjectedSpace", "determination": "Relative", "criticalNote": null, "isRouteNode": null}, {"targetId": "gaz_verona", "interpretationId": "interp_00177", "referenceId": "ref_00153", "page": 65, "chapter": 2, "agentId": "remo_balducci", "role": "ProjectedSpace", "determination": "Relative", "criticalNote": null, "isRouteNode": null}, {"targetId": "palazzo_219", "interpretationId": "interp_00178", "referenceId": "ref_00154", "page": 66, "chapter": 2, "agentId": "maddalena_felicetti", "role": "Setting", "determination": "Relative", "criticalNote": null, "isRouteNode": null}, {"targetId": "gaz_sacro_cuore", "interpretationId": "interp_00179", "referenceId": "ref_00155", "page": 66, "chapter": 2, "agentId": "luigia_zanchetti", "role": "Marker", "determination": "Approximate", "criticalNote": null, "isRouteNode": null}, {"targetId": "gaz_corso_umberto", "interpretationId": "interp_00180", "referenceId": "ref_00156", "page": 67, "chapter": 2, "agentId": "narrator", "role": "Marker", "determination": "Approximate", "criticalNote": null, "isRouteNode": null}, {"targetId": "gaz_vado_ligure", "interpretationId": "interp_00181", "referenceId": "ref_00157", "page": 67, "chapter": 2, "agentId": "giuliano_valdarena", "role": "ProjectedSpace", "determination": "Relative", "criticalNote": null, "isRouteNode": null}, {"targetId": "gaz_genova", "interpretationId": "interp_00182", "referenceId": "ref_00158", "page": 67, "chapter": 2, "agentId": "giuliano_valdarena", "role": "ProjectedSpace", "determination": "Relative", "criticalNote": null, "isRouteNode": null}, {"targetId": "cantinone_albano", "interpretationId": "interp_00183", "referenceId": "ref_00159", "page": 67, "chapter": 2, "agentId": "ingravallo", "role": "ProjectedSpace", "determination": "Indeterminate", "criticalNote": null, "isRouteNode": null}, {"targetId": "cantinone_albano", "interpretationId": "interp_00184", "referenceId": "ref_00159", "page": 67, "chapter": 2, "agentId": "remo_balducci", "role": "ProjectedSpace", "determination": "Indeterminate", "criticalNote": null, "isRouteNode": null}, {"targetId": "cantinone_albano", "interpretationId": "interp_00185", "referenceId": "ref_00160", "page": 68, "chapter": 2, "agentId": "ingravallo", "role": "ProjectedSpace", "determination": "Indeterminate", "criticalNote": null, "isRouteNode": null}, {"targetId": "cantinone_albano", "interpretationId": "interp_00186", "referenceId": "ref_00160", "page": 68, "chapter": 2, "agentId": "remo_balducci", "role": "ProjectedSpace", "determination": "Indeterminate", "criticalNote": null, "isRouteNode": null}, {"targetId": "gaz_monte_matese", "interpretationId": "interp_00187", "referenceId": "ref_00161", "page": 68, "chapter": 2, "agentId": "ingravallo", "role": "ProjectedSpace", "determination": "Indeterminate", "criticalNote": "Il monte rappresenta per sineddoche l'origine molisana del protagonista", "isRouteNode": null}, {"targetId": "gaz_via_dei_banchi_vecchi", "interpretationId": "interp_00188", "referenceId": "ref_00162", "page": 69, "chapter": 2, "agentId": "giuliano_valdarena", "role": "ProjectedSpace", "determination": "Relative", "criticalNote": null, "isRouteNode": null}, {"targetId": "gaz_regina_coeli", "interpretationId": "interp_00189", "referenceId": "ref_00163", "page": 69, "chapter": 2, "agentId": "giuliano_valdarena", "role": "Marker", "determination": "Approximate", "criticalNote": null, "isRouteNode": null}, {"targetId": "gaz_milano", "interpretationId": "interp_00190", "referenceId": "ref_00164", "page": 70, "chapter": 2, "agentId": "remo_balducci", "role": "ProjectedSpace", "determination": "Approximate", "criticalNote": null, "isRouteNode": null}, {"targetId": "gaz_padova", "interpretationId": "interp_00191", "referenceId": "ref_00165", "page": 70, "chapter": 2, "agentId": "remo_balducci", "role": "ProjectedSpace", "determination": "Approximate", "criticalNote": null, "isRouteNode": null}, {"targetId": "gaz_bologna", "interpretationId": "interp_00192", "referenceId": "ref_00166", "page": 70, "chapter": 2, "agentId": "remo_balducci", "role": "ProjectedSpace", "determination": "Approximate", "criticalNote": null, "isRouteNode": null}, {"targetId": "gaz_tranvie_dei_castelli", "interpretationId": "interp_00193", "referenceId": "ref_00167", "page": 73, "chapter": 2, "agentId": "ingravallo", "role": "ProjectedSpace", "determination": "Approximate", "criticalNote": null, "isRouteNode": null}, {"targetId": "gaz_torraccio", "interpretationId": "interp_00194", "referenceId": "ref_00168", "page": 73, "chapter": 2, "agentId": "ingravallo", "role": "ProjectedSpace", "determination": "Approximate", "criticalNote": null, "isRouteNode": null}, {"targetId": "scala_a", "interpretationId": "interp_00195", "referenceId": "ref_00169", "page": 74, "chapter": 2, "agentId": "ingravallo", "role": "ProjectedSpace", "determination": "Approximate", "criticalNote": null, "isRouteNode": null}, {"targetId": "gaz_via_dei_serpenti", "interpretationId": "interp_00196", "referenceId": "ref_00170", "page": 74, "chapter": 2, "agentId": "ingravallo", "role": "ProjectedSpace", "determination": "Approximate", "criticalNote": null, "isRouteNode": null}, {"targetId": "gaz_via_dei_serpenti", "interpretationId": "interp_00197", "referenceId": "ref_00170", "page": 74, "chapter": 2, "agentId": "commendador_angeloni", "role": "ProjectedSpace", "determination": "Approximate", "criticalNote": null, "isRouteNode": null}, {"targetId": "gaz_via_panisperna", "interpretationId": "interp_00198", "referenceId": "ref_00171", "page": 74, "chapter": 2, "agentId": "ingravallo", "role": "ProjectedSpace", "determination": "Approximate", "criticalNote": null, "isRouteNode": null}, {"targetId": "gaz_via_panisperna", "interpretationId": "interp_00199", "referenceId": "ref_00171", "page": 74, "chapter": 2, "agentId": "commendador_angeloni", "role": "ProjectedSpace", "determination": "Approximate", "criticalNote": null, "isRouteNode": null}, {"targetId": "gaz_via_merulana", "interpretationId": "interp_00200", "referenceId": "ref_00172", "page": 75, "chapter": 2, "agentId": "ingravallo", "role": "Setting", "determination": "Approximate", "criticalNote": null, "isRouteNode": null}, {"targetId": "gaz_san_giovanni_in_laterano", "interpretationId": "interp_00201", "referenceId": "ref_00173", "page": 75, "chapter": 2, "agentId": "ingravallo", "role": "ProjectedSpace", "determination": "Approximate", "criticalNote": null, "isRouteNode": null}, {"targetId": "gaz_porta_maggiore", "interpretationId": "interp_00202", "referenceId": "ref_00174", "page": 75, "chapter": 2, "agentId": "ingravallo", "role": "ProjectedSpace", "determination": "Approximate", "criticalNote": null, "isRouteNode": null}, {"targetId": "gaz_celio", "interpretationId": "interp_00203", "referenceId": "ref_00175", "page": 75, "chapter": 2, "agentId": "ingravallo", "role": "ProjectedSpace", "determination": "Approximate", "criticalNote": null, "isRouteNode": null}, {"targetId": "gaz_suburra", "interpretationId": "interp_00204", "referenceId": "ref_00176", "page": 75, "chapter": 2, "agentId": "ingravallo", "role": "ProjectedSpace", "determination": "Approximate", "criticalNote": null, "isRouteNode": null}, {"targetId": "gaz_via_merulana", "interpretationId": "interp_00205", "referenceId": "ref_00177", "page": 76, "chapter": 3, "agentId": "narrator", "role": "Setting", "determination": "Approximate", "criticalNote": null, "isRouteNode": null}, {"targetId": "gaz_santo_stefano_rotondo", "interpretationId": "interp_00206", "referenceId": "ref_00178", "page": 76, "chapter": 3, "agentId": "narrator", "role": "Setting", "determination": "Approximate", "criticalNote": null, "isRouteNode": null}, {"targetId": "gaz_piazza_vittorio_emanuele", "interpretationId": "interp_00207", "referenceId": "ref_00179", "page": 76, "chapter": 3, "agentId": "narrator", "role": "Marker", "determination": "Approximate", "criticalNote": null, "isRouteNode": null}, {"targetId": "gaz_palazzo_chigi", "interpretationId": "interp_00208", "referenceId": "ref_00180", "page": 77, "chapter": 3, "agentId": "mussolini", "role": "Marker", "determination": "Approximate", "criticalNote": null, "isRouteNode": null}, {"targetId": "gaz_lungara", "interpretationId": "interp_00209", "referenceId": "ref_00181", "page": 77, "chapter": 3, "agentId": "narrator", "role": "Marker", "determination": "Approximate", "criticalNote": null, "isRouteNode": null}, {"targetId": "gaz_borgo_pio", "interpretationId": "interp_00210", "referenceId": "ref_00182", "page": 77, "chapter": 3, "agentId": "nerovestite", "role": "Marker", "determination": "Approximate", "criticalNote": "Le nerovestite costituisce un nome collettivo orientato a caratterizzare genericamente lo spettro femminile di donne che, a vario titolo, gravitarono nell'orbita dalla fascinazione fascista", "isRouteNode": null}, {"targetId": "gaz_borgo_vecchio", "interpretationId": "interp_00211", "referenceId": "ref_00183", "page": 77, "chapter": 3, "agentId": "nerovestite", "role": "Marker", "determination": "Approximate", "criticalNote": "Le nerovestite costituisce un nome collettivo orientato a caratterizzare genericamente lo spettro femminile di donne che, a vario titolo, gravitarono nell'orbita dalla fascinazione fascista", "isRouteNode": null}, {"targetId": "gaz_piazza_rusticucci", "interpretationId": "interp_00212", "referenceId": "ref_00184", "page": 77, "chapter": 3, "agentId": "nerovestite", "role": "Marker", "determination": "Approximate", "criticalNote": "Le nerovestite costituisce un nome collettivo orientato a caratterizzare genericamente lo spettro femminile di donne che, a vario titolo, gravitarono nell'orbita dalla fascinazione fascista", "isRouteNode": null}, {"targetId": "gaz_porta_angelica", "interpretationId": "interp_00213", "referenceId": "ref_00185", "page": 77, "chapter": 3, "agentId": "nerovestite", "role": "Marker", "determination": "Approximate", "criticalNote": "Le nerovestite costituisce un nome collettivo orientato a caratterizzare genericamente lo spettro femminile di donne che, a vario titolo, gravitarono nell'orbita dalla fascinazione fascista", "isRouteNode": null}, {"targetId": "gaz_santanna", "interpretationId": "interp_00214", "referenceId": "ref_00186", "page": 77, "chapter": 3, "agentId": "nerovestite", "role": "Marker", "determination": "Approximate", "criticalNote": "Le nerovestite costituisce un nome collettivo orientato a caratterizzare genericamente lo spettro femminile di donne che, a vario titolo, gravitarono nell'orbita dalla fascinazione fascista", "isRouteNode": null}, {"targetId": "gaz_piazza_san_pietro", "interpretationId": "interp_00215", "referenceId": "ref_00187", "page": 77, "chapter": 3, "agentId": "nerovestite", "role": "Marker", "determination": "Relative", "criticalNote": "Le nerovestite costituisce un nome collettivo orientato a caratterizzare genericamente lo spettro femminile di donne che, a vario titolo, gravitarono nell'orbita dalla fascinazione fascista", "isRouteNode": null}, {"targetId": "cantinone_albano", "interpretationId": "interp_00216", "referenceId": "ref_00188", "page": 78, "chapter": 3, "agentId": "ingravallo", "role": "ProjectedSpace", "determination": "Indeterminate", "criticalNote": null, "isRouteNode": null}, {"targetId": "cantinone_albano", "interpretationId": "interp_00217", "referenceId": "ref_00188", "page": 78, "chapter": 3, "agentId": "remo_balducci", "role": "ProjectedSpace", "determination": "Indeterminate", "criticalNote": null, "isRouteNode": null}, {"targetId": "gaz_via_merulana", "interpretationId": "interp_00218", "referenceId": "ref_00189", "page": 80, "chapter": 3, "agentId": "signor_valdarena", "role": "ProjectedSpace", "determination": "Approximate", "criticalNote": null, "isRouteNode": null}, {"targetId": "gaz_via_capo_dafrica", "interpretationId": "interp_00219", "referenceId": "ref_00190", "page": 81, "chapter": 3, "agentId": "pompeo", "role": "Marker", "determination": "Precise", "criticalNote": null, "isRouteNode": null}, {"targetId": "gaz_via_frangipane", "interpretationId": "interp_00220", "referenceId": "ref_00191", "page": 81, "chapter": 3, "agentId": "pompeo", "role": "Marker", "determination": "Precise", "criticalNote": null, "isRouteNode": null}, {"targetId": "gaz_via_degli_zingari", "interpretationId": "interp_00221", "referenceId": "ref_00192", "page": 81, "chapter": 3, "agentId": "pompeo", "role": "Marker", "determination": "Precise", "criticalNote": null, "isRouteNode": null}, {"targetId": "gaz_via_dei_capocci", "interpretationId": "interp_00222", "referenceId": "ref_00193", "page": 81, "chapter": 3, "agentId": "pompeo", "role": "Marker", "determination": "Precise", "criticalNote": null, "isRouteNode": null}, {"targetId": "gaz_vicolo_ciancaleoni", "interpretationId": "interp_00223", "referenceId": "ref_00194", "page": 81, "chapter": 3, "agentId": "pompeo", "role": "Marker", "determination": "Precise", "criticalNote": null, "isRouteNode": null}, {"targetId": "gaz_piazza_montanara", "interpretationId": "interp_00224", "referenceId": "ref_00195", "page": 81, "chapter": 3, "agentId": "pompeo", "role": "Marker", "determination": "Precise", "criticalNote": null, "isRouteNode": null}, {"targetId": "gaz_via_monte_caprino", "interpretationId": "interp_00225", "referenceId": "ref_00196", "page": 81, "chapter": 3, "agentId": "pompeo", "role": "Marker", "determination": "Precise", "criticalNote": null, "isRouteNode": null}, {"targetId": "gaz_vicolo_della_bucimazza", "interpretationId": "interp_00226", "referenceId": "ref_00197", "page": 81, "chapter": 3, "agentId": "pompeo", "role": "Marker", "determination": "Precise", "criticalNote": null, "isRouteNode": null}, {"targetId": "gaz_via_dei_fienili", "interpretationId": "interp_00227", "referenceId": "ref_00198", "page": 81, "chapter": 3, "agentId": "pompeo", "role": "Marker", "determination": "Precise", "criticalNote": null, "isRouteNode": null}, {"targetId": "gaz_palazzo_pio", "interpretationId": "interp_00228", "referenceId": "ref_00199", "page": 81, "chapter": 3, "agentId": "pompeo", "role": "Marker", "determination": "Precise", "criticalNote": null, "isRouteNode": null}, {"targetId": "gaz_santandrea_della_valle", "interpretationId": "interp_00229", "referenceId": "ref_00200", "page": 81, "chapter": 3, "agentId": "pompeo", "role": "Marker", "determination": "Precise", "criticalNote": null, "isRouteNode": null}, {"targetId": "gaz_via_di_grotta_pinta", "interpretationId": "interp_00230", "referenceId": "ref_00201", "page": 81, "chapter": 3, "agentId": "pompeo", "role": "Marker", "determination": "Precise", "criticalNote": null, "isRouteNode": null}, {"targetId": "gaz_via_di_ferro", "interpretationId": "interp_00231", "referenceId": "ref_00202", "page": 81, "chapter": 3, "agentId": "pompeo", "role": "Marker", "determination": "Precise", "criticalNote": null, "isRouteNode": null}, {"targetId": "gaz_vicolo_delle_grotte_del_teatro", "interpretationId": "interp_00232", "referenceId": "ref_00203", "page": 81, "chapter": 3, "agentId": "pompeo", "role": "Marker", "determination": "Precise", "criticalNote": null, "isRouteNode": null}, {"targetId": "gaz_piazza_pollarola", "interpretationId": "interp_00233", "referenceId": "ref_00204", "page": 81, "chapter": 3, "agentId": "pompeo", "role": "Marker", "determination": "Precise", "criticalNote": null, "isRouteNode": null}, {"targetId": "gaz_regina_coeli", "interpretationId": "interp_00234", "referenceId": "ref_00205", "page": 83, "chapter": 3, "agentId": "narrator", "role": "Marker", "determination": "Approximate", "criticalNote": null, "isRouteNode": null}, {"targetId": "gaz_genova", "interpretationId": "interp_00235", "referenceId": "ref_00206", "page": 83, "chapter": 3, "agentId": "giuliano_valdarena", "role": "ProjectedSpace", "determination": "Approximate", "criticalNote": null, "isRouteNode": null}, {"targetId": "gaz_via_nicotera", "interpretationId": "interp_00236", "referenceId": "ref_00207", "page": 83, "chapter": 3, "agentId": "giuliano_valdarena", "role": "Marker", "determination": "Approximate", "criticalNote": null, "isRouteNode": null}, {"targetId": "palazzo_219", "interpretationId": "interp_00237", "referenceId": "ref_00208", "page": 85, "chapter": 3, "agentId": "sor_manuela", "role": "Setting", "determination": "Approximate", "criticalNote": null, "isRouteNode": null}, {"targetId": "palazzo_219", "interpretationId": "interp_00238", "referenceId": "ref_00208", "page": 85, "chapter": 3, "agentId": "barbezzi_gallo", "role": "Setting", "determination": "Approximate", "criticalNote": null, "isRouteNode": null}, {"targetId": "gaz_via_merulana", "interpretationId": "interp_00239", "referenceId": "ref_00209", "page": 87, "chapter": 3, "agentId": "narrator", "role": "Setting", "determination": "Approximate", "criticalNote": null, "isRouteNode": null}, {"targetId": "gaz_santo_stefano_del_cacco_celio_santo_stefano", "interpretationId": "interp_00240", "referenceId": "ref_00210", "page": 87, "chapter": 3, "agentId": "commendador_angeloni", "role": "Setting", "determination": "Approximate", "criticalNote": null, "isRouteNode": null}, {"targetId": "gaz_lungara", "interpretationId": "interp_00241", "referenceId": "ref_00211", "page": 87, "chapter": 3, "agentId": "commendador_angeloni", "role": "Setting", "determination": "Approximate", "criticalNote": null, "isRouteNode": null}, {"targetId": "gaz_via_dei_greci", "interpretationId": "interp_00242", "referenceId": "ref_00212", "page": 90, "chapter": 3, "agentId": "narrator", "role": "Marker", "determination": "Approximate", "criticalNote": null, "isRouteNode": null}, {"targetId": "gaz_milano", "interpretationId": "interp_00243", "referenceId": "ref_00213", "page": 92, "chapter": 4, "agentId": "remo_balducci", "role": "ProjectedSpace", "determination": "Relative", "criticalNote": null, "isRouteNode": null}, {"targetId": "gaz_bologna", "interpretationId": "interp_00244", "referenceId": "ref_00214", "page": 92, "chapter": 4, "agentId": "remo_balducci", "role": "ProjectedSpace", "determination": "Relative", "criticalNote": null, "isRouteNode": null}, {"targetId": "gaz_vicenza", "interpretationId": "interp_00245", "referenceId": "ref_00215", "page": 92, "chapter": 4, "agentId": "remo_balducci", "role": "ProjectedSpace", "determination": "Relative", "criticalNote": null, "isRouteNode": null}, {"targetId": "gaz_padova", "interpretationId": "interp_00246", "referenceId": "ref_00216", "page": 92, "chapter": 4, "agentId": "remo_balducci", "role": "ProjectedSpace", "determination": "Relative", "criticalNote": null, "isRouteNode": null}, {"targetId": "gaz_termini", "interpretationId": "interp_00247", "referenceId": "ref_00217", "page": 92, "chapter": 4, "agentId": "remo_balducci", "role": "Marker", "determination": "Approximate", "criticalNote": null, "isRouteNode": null}, {"targetId": "gaz_policlinico", "interpretationId": "interp_00248", "referenceId": "ref_00218", "page": 93, "chapter": 4, "agentId": "liliana", "role": "Marker", "determination": "Approximate", "criticalNote": null, "isRouteNode": null}, {"targetId": "gaz_via_merulana", "interpretationId": "interp_00249", "referenceId": "ref_00219", "page": 93, "chapter": 4, "agentId": "liliana", "role": null, "determination": null, "criticalNote": null, "isRouteNode": "tragitto_merulana_policlinico"}, {"targetId": "gaz_policlinico", "interpretationId": "interp_00250", "referenceId": "ref_00220", "page": 93, "chapter": 4, "agentId": "liliana", "role": null, "determination": null, "criticalNote": null, "isRouteNode": "tragitto_merulana_policlinico"}, {"targetId": "gaz_palazzo_chigi", "interpretationId": "interp_00252", "referenceId": "ref_00222", "page": 93, "chapter": 4, "agentId": "mussolini", "role": "Marker", "determination": "Relative", "criticalNote": null, "isRouteNode": null}, {"targetId": "gaz_terracina", "interpretationId": "interp_00253", "referenceId": "ref_00223", "page": 94, "chapter": 4, "agentId": "pompeo", "role": "ProjectedSpace", "determination": "Relative", "criticalNote": null, "isRouteNode": null}, {"targetId": "gaz_terracina", "interpretationId": "interp_00254", "referenceId": "ref_00223", "page": 94, "chapter": 4, "agentId": "gaudenzio", "role": "ProjectedSpace", "determination": "Relative", "criticalNote": null, "isRouteNode": null}, {"targetId": "gaz_banca_commerciale_italiana", "interpretationId": "interp_00255", "referenceId": "ref_00224", "page": 95, "chapter": 4, "agentId": "liliana", "role": "Marker", "determination": "Relative", "criticalNote": null, "isRouteNode": null}, {"targetId": "gaz_banco_di_santo_spirito", "interpretationId": "interp_00256", "referenceId": "ref_00225", "page": 95, "chapter": 4, "agentId": "liliana", "role": "Marker", "determination": "Relative", "criticalNote": null, "isRouteNode": null}, {"targetId": "gaz_termini", "interpretationId": "interp_00257", "referenceId": "ref_00226", "page": 95, "chapter": 4, "agentId": "remo_balducci", "role": "Marker", "determination": "Approximate", "criticalNote": null, "isRouteNode": null}, {"targetId": "gaz_santi_quattro_coronati", "interpretationId": "interp_00258", "referenceId": "ref_00227", "page": 97, "chapter": 4, "agentId": "liliana", "role": "ProjectedSpace", "determination": "Approximate", "criticalNote": null, "isRouteNode": null}, {"targetId": "gaz_santi_quattro_coronati", "interpretationId": "interp_00259", "referenceId": "ref_00227", "page": 97, "chapter": 4, "agentId": "remo_balducci", "role": "ProjectedSpace", "determination": "Approximate", "criticalNote": null, "isRouteNode": null}, {"targetId": "gaz_palazzo_chigi", "interpretationId": "interp_00260", "referenceId": "ref_00228", "page": 97, "chapter": 4, "agentId": "mussolini", "role": "Marker", "determination": "Relative", "criticalNote": null, "isRouteNode": null}, {"targetId": "gaz_collegio_romano", "interpretationId": "interp_00261", "referenceId": "ref_00229", "page": 98, "chapter": 4, "agentId": "giuliano_valdarena", "role": "Setting", "determination": "Approximate", "criticalNote": null, "isRouteNode": null}, {"targetId": "gaz_santo_stefano_del_cacco_celio_santo_stefano", "interpretationId": "interp_00262", "referenceId": "ref_00230", "page": 102, "chapter": 4, "agentId": "remo_balducci", "role": "Setting", "determination": "Approximate", "criticalNote": null, "isRouteNode": null}, {"targetId": "gaz_campo_de_fiori", "interpretationId": "interp_00263", "referenceId": "ref_00231", "page": 102, "chapter": 4, "agentId": "liliana", "role": "ProjectedSpace", "determination": "Approximate", "criticalNote": null, "isRouteNode": null}, {"targetId": "gaz_banca_commerciale_italiana", "interpretationId": "interp_00264", "referenceId": "ref_00232", "page": 103, "chapter": 4, "agentId": "liliana", "role": "ProjectedSpace", "determination": "Precise", "criticalNote": null, "isRouteNode": null}, {"targetId": "gaz_piazza_vittorio_emanuele", "interpretationId": "interp_00265", "referenceId": "ref_00233", "page": 103, "chapter": 4, "agentId": "liliana", "role": "Marker", "determination": "Approximate", "criticalNote": null, "isRouteNode": null}, {"targetId": "gaz_via_carlo_alberto", "interpretationId": "interp_00266", "referenceId": "ref_00234", "page": 103, "chapter": 4, "agentId": "liliana", "role": "Marker", "determination": "Approximate", "criticalNote": null, "isRouteNode": null}, {"targetId": "gaz_banco_di_santo_spirito", "interpretationId": "interp_00267", "referenceId": "ref_00235", "page": 103, "chapter": 4, "agentId": "liliana", "role": "ProjectedSpace", "determination": "Approximate", "criticalNote": null, "isRouteNode": null}, {"targetId": "gaz_corso_umberto", "interpretationId": "interp_00268", "referenceId": "ref_00236", "page": 103, "chapter": 4, "agentId": "liliana", "role": "Marker", "determination": "Approximate", "criticalNote": null, "isRouteNode": null}, {"targetId": "palazzo_219", "interpretationId": "interp_00269", "referenceId": "ref_00237", "page": 104, "chapter": 4, "agentId": "liliana", "role": "ProjectedSpace", "determination": "Relative", "criticalNote": null, "isRouteNode": null}, {"targetId": "palazzo_219", "interpretationId": "interp_00270", "referenceId": "ref_00237", "page": 104, "chapter": 4, "agentId": "signor_valdarena", "role": "ProjectedSpace", "determination": "Relative", "criticalNote": null, "isRouteNode": null}, {"targetId": "palazzo_219", "interpretationId": "interp_00271", "referenceId": "ref_00238", "page": 104, "chapter": 4, "agentId": "remo_balducci", "role": "ProjectedSpace", "determination": "Relative", "criticalNote": null, "isRouteNode": null}, {"targetId": "palazzo_219", "interpretationId": "interp_00272", "referenceId": "ref_00238", "page": 104, "chapter": 4, "agentId": "liliana", "role": "ProjectedSpace", "determination": "Relative", "criticalNote": null, "isRouteNode": null}, {"targetId": "gaz_via_merulana", "interpretationId": "interp_00273", "referenceId": "ref_00239", "page": 104, "chapter": 4, "agentId": "remo_balducci", "role": "ProjectedSpace", "determination": "Approximate", "criticalNote": null, "isRouteNode": null}, {"targetId": "palazzo_219", "interpretationId": "interp_00274", "referenceId": "ref_00240", "page": 105, "chapter": 4, "agentId": "liliana", "role": "ProjectedSpace", "determination": "Relative", "criticalNote": null, "isRouteNode": null}, {"targetId": "palazzo_219", "interpretationId": "interp_00275", "referenceId": "ref_00240", "page": 105, "chapter": 4, "agentId": "remo_balducci", "role": "ProjectedSpace", "determination": "Relative", "criticalNote": null, "isRouteNode": null}, {"targetId": "gaz_santi_quattro_coronati", "interpretationId": "interp_00276", "referenceId": "ref_00241", "page": 105, "chapter": 4, "agentId": "liliana", "role": "ProjectedSpace", "determination": "Approximate", "criticalNote": null, "isRouteNode": null}, {"targetId": "gaz_santi_quattro_coronati", "interpretationId": "interp_00277", "referenceId": "ref_00241", "page": 105, "chapter": 4, "agentId": "remo_balducci", "role": "ProjectedSpace", "determination": "Approximate", "criticalNote": null, "isRouteNode": null}, {"targetId": "palazzo_219", "interpretationId": "interp_00278", "referenceId": "ref_00242", "page": 105, "chapter": 4, "agentId": "remo_balducci", "role": "ProjectedSpace", "determination": "Precise", "criticalNote": null, "isRouteNode": null}, {"targetId": "gaz_prati_di_castello", "interpretationId": "interp_00279", "referenceId": "ref_00243", "page": 105, "chapter": 4, "agentId": "remo_balducci", "role": "ProjectedSpace", "determination": "Relative", "criticalNote": null, "isRouteNode": null}, {"targetId": "villino_lungotevere", "interpretationId": "interp_00280", "referenceId": "ref_00244", "page": 105, "chapter": 4, "agentId": "remo_balducci", "role": "ProjectedSpace", "determination": "Relative", "criticalNote": null, "isRouteNode": null}, {"targetId": "gaz_dazeglio", "interpretationId": "interp_00281", "referenceId": "ref_00245", "page": 105, "chapter": 4, "agentId": "remo_balducci", "role": "Marker", "determination": "Approximate", "criticalNote": null, "isRouteNode": null}, {"targetId": "gaz_via_merulana", "interpretationId": "interp_00282", "referenceId": "ref_00246", "page": 106, "chapter": 4, "agentId": "don_lorenzo_corpi", "role": "ProjectedSpace", "determination": "Approximate", "criticalNote": null, "isRouteNode": null}, {"targetId": "gaz_santo_stefano_del_cacco_celio_santo_stefano", "interpretationId": "interp_00283", "referenceId": "ref_00247", "page": 106, "chapter": 4, "agentId": "dottor_fumi", "role": "Setting", "determination": "Approximate", "criticalNote": null, "isRouteNode": null}, {"targetId": "gaz_santo_stefano_del_cacco_celio_santo_stefano", "interpretationId": "interp_00284", "referenceId": "ref_00247", "page": 106, "chapter": 4, "agentId": "don_lorenzo_corpi", "role": "Setting", "determination": "Approximate", "criticalNote": null, "isRouteNode": null}, {"targetId": "gaz_aventino", "interpretationId": "interp_00285", "referenceId": "ref_00248", "page": 106, "chapter": 4, "agentId": "don_lorenzo_corpi", "role": "Marker", "determination": "Indeterminate", "criticalNote": null, "isRouteNode": null}, {"targetId": "gaz_celio", "interpretationId": "interp_00286", "referenceId": "ref_00249", "page": 106, "chapter": 4, "agentId": "don_lorenzo_corpi", "role": "Marker", "determination": "Indeterminate", "criticalNote": null, "isRouteNode": null}, {"targetId": "roccafringoli", "interpretationId": "interp_00287", "referenceId": "ref_00250", "page": 107, "chapter": 4, "agentId": "don_lorenzo_corpi", "role": "ProjectedSpace", "determination": "Relative", "criticalNote": null, "isRouteNode": null}, {"targetId": "gaz_monte_manno", "interpretationId": "interp_00288", "referenceId": "ref_00251", "page": 107, "chapter": 4, "agentId": "don_lorenzo_corpi", "role": "ProjectedSpace", "determination": "Relative", "criticalNote": null, "isRouteNode": null}, {"targetId": "gaz_palestrina", "interpretationId": "interp_00289", "referenceId": "ref_00252", "page": 107, "chapter": 4, "agentId": "don_lorenzo_corpi", "role": "ProjectedSpace", "determination": "Relative", "criticalNote": null, "isRouteNode": null}, {"targetId": "gaz_policlinico", "interpretationId": "interp_00290", "referenceId": "ref_00253", "page": 107, "chapter": 4, "agentId": "don_lorenzo_corpi", "role": "ProjectedSpace", "determination": "Approximate", "criticalNote": null, "isRouteNode": null}, {"targetId": "gaz_policlinico", "interpretationId": "interp_00291", "referenceId": "ref_00253", "page": 107, "chapter": 4, "agentId": "liliana", "role": "ProjectedSpace", "determination": "Approximate", "criticalNote": null, "isRouteNode": null}, {"targetId": "gaz_banco_di_santo_spirito", "interpretationId": "interp_00292", "referenceId": "ref_00254", "page": 107, "chapter": 4, "agentId": "don_lorenzo_corpi", "role": "ProjectedSpace", "determination": "Approximate", "criticalNote": null, "isRouteNode": null}, {"targetId": "gaz_via_milano", "interpretationId": "interp_00293", "referenceId": "ref_00255", "page": 107, "chapter": 4, "agentId": "notaio_gaetano_de_marini", "role": "Marker", "determination": "Approximate", "criticalNote": null, "isRouteNode": null}, {"targetId": "gaz_zagarolo", "interpretationId": "interp_00294", "referenceId": "ref_00256", "page": 108, "chapter": 4, "agentId": "luigia_zanchetti", "role": "ProjectedSpace", "determination": "Approximate", "criticalNote": null, "isRouteNode": null}, {"targetId": "gaz_zagarolo", "interpretationId": "interp_00295", "referenceId": "ref_00257", "page": 108, "chapter": 4, "agentId": "luigia_zanchetti", "role": "Marker", "determination": "Approximate", "criticalNote": null, "isRouteNode": null}, {"targetId": "gaz_tivoli", "interpretationId": "interp_00296", "referenceId": "ref_00258", "page": 109, "chapter": 4, "agentId": "irene_spinaci", "role": "Marker", "determination": "Approximate", "criticalNote": null, "isRouteNode": null}, {"targetId": "gaz_zagarolo", "interpretationId": "interp_00297", "referenceId": "ref_00259", "page": 109, "chapter": 4, "agentId": "irene_spinaci", "role": "Marker", "determination": "Approximate", "criticalNote": null, "isRouteNode": null}, {"targetId": "gaz_zagarolo", "interpretationId": "interp_00298", "referenceId": "ref_00260", "page": 109, "chapter": 4, "agentId": "irene_spinaci", "role": "Marker", "determination": "Approximate", "criticalNote": null, "isRouteNode": null}, {"targetId": "gaz_villa_deste", "interpretationId": "interp_00299", "referenceId": "ref_00261", "page": 110, "chapter": 4, "agentId": "irene_spinaci", "role": "Marker", "determination": "Approximate", "criticalNote": null, "isRouteNode": null}, {"targetId": "gaz_aniene", "interpretationId": "interp_00301", "referenceId": "ref_00263", "page": 110, "chapter": 4, "agentId": "padre_domenico", "role": "ProjectedSpace", "determination": "Approximate", "criticalNote": null, "isRouteNode": null}, {"targetId": "gaz_aniene", "interpretationId": "interp_00302", "referenceId": "ref_00264", "page": 110, "chapter": 4, "agentId": "padre_domenico", "role": "ProjectedSpace", "determination": "Approximate", "criticalNote": null, "isRouteNode": null}, {"targetId": "gaz_filettino", "interpretationId": "interp_00303", "referenceId": "ref_00265", "page": 110, "chapter": 4, "agentId": "padre_domenico", "role": "ProjectedSpace", "determination": "Approximate", "criticalNote": null, "isRouteNode": null}, {"targetId": "gaz_villa_gregoriana", "interpretationId": "interp_00304", "referenceId": "ref_00266", "page": 110, "chapter": 4, "agentId": "padre_domenico", "role": "ProjectedSpace", "determination": "Approximate", "criticalNote": null, "isRouteNode": null}, {"targetId": "gaz_villa_gregoriana", "interpretationId": "interp_00300", "referenceId": "ref_00262", "page": 111, "chapter": 4, "agentId": "irene_spinaci", "role": "Marker", "determination": "Approximate", "criticalNote": null, "isRouteNode": null}, {"targetId": "gaz_viale_della_regina", "interpretationId": "interp_00305", "referenceId": "ref_00267", "page": 111, "chapter": 4, "agentId": "zio_peppe", "role": "Marker", "determination": "Precise", "criticalNote": null, "isRouteNode": null}, {"targetId": "gaz_san_camillo", "interpretationId": "interp_00306", "referenceId": "ref_00268", "page": 111, "chapter": 4, "agentId": "rosa_taddei", "role": "Marker", "determination": "Approximate", "criticalNote": null, "isRouteNode": null}, {"targetId": "gaz_palazzo_chigi", "interpretationId": "interp_00307", "referenceId": "ref_00269", "page": 115, "chapter": 4, "agentId": "mussolini", "role": "Marker", "determination": "Relative", "criticalNote": null, "isRouteNode": null}, {"targetId": "gaz_prati", "interpretationId": "interp_00308", "referenceId": "ref_00270", "page": 116, "chapter": 4, "agentId": "giuliano_valdarena", "role": "Marker", "determination": "Approximate", "criticalNote": null, "isRouteNode": null}, {"targetId": "gaz_via_nicotera", "interpretationId": "interp_00309", "referenceId": "ref_00271", "page": 116, "chapter": 4, "agentId": "giuliano_valdarena", "role": "Marker", "determination": "Approximate", "criticalNote": null, "isRouteNode": null}, {"targetId": "gaz_via_nicotera", "interpretationId": "interp_00310", "referenceId": "ref_00271", "page": 116, "chapter": 4, "agentId": "giuliano_valdarena", "role": "Setting", "determination": "Approximate", "criticalNote": null, "isRouteNode": null}, {"targetId": "gaz_via_nicotera", "interpretationId": "interp_00311", "referenceId": "ref_00272", "page": 116, "chapter": 4, "agentId": "maresciallo_di_pietrantonio", "role": "Setting", "determination": "Approximate", "criticalNote": null, "isRouteNode": null}, {"targetId": "gaz_via_nicotera", "interpretationId": "interp_00312", "referenceId": "ref_00272", "page": 116, "chapter": 4, "agentId": "agente_paolillo", "role": "Setting", "determination": "Approximate", "criticalNote": null, "isRouteNode": null}, {"targetId": "gaz_santo_stefano_del_cacco_celio_santo_stefano", "interpretationId": "interp_00313", "referenceId": "ref_00273", "page": 119, "chapter": 4, "agentId": "remo_balducci", "role": "Setting", "determination": "Approximate", "criticalNote": null, "isRouteNode": null}, {"targetId": "gaz_via_nicotera", "interpretationId": "interp_00314", "referenceId": "ref_00274", "page": 119, "chapter": 4, "agentId": "giuliano_valdarena", "role": "Setting", "determination": "Approximate", "criticalNote": null, "isRouteNode": null}, {"targetId": "gaz_via_nicotera", "interpretationId": "interp_00315", "referenceId": "ref_00274", "page": 119, "chapter": 4, "agentId": "maresciallo_di_pietrantonio", "role": "Setting", "determination": "Approximate", "criticalNote": null, "isRouteNode": null}, {"targetId": "gaz_via_nicotera", "interpretationId": "interp_00316", "referenceId": "ref_00274", "page": 119, "chapter": 4, "agentId": "agente_paolillo", "role": "Setting", "determination": "Approximate", "criticalNote": null, "isRouteNode": null}, {"targetId": "gaz_via_del_corso", "interpretationId": "interp_00317", "referenceId": "ref_00275", "page": 121, "chapter": 4, "agentId": "giuliano_valdarena", "role": "ProjectedSpace", "determination": "Relative", "criticalNote": null, "isRouteNode": null}, {"targetId": "gaz_campo_marzio", "interpretationId": "interp_00318", "referenceId": "ref_00276", "page": 126, "chapter": 4, "agentId": "liliana", "role": "Marker", "determination": "Approximate", "criticalNote": null, "isRouteNode": null}, {"targetId": "gaz_campo_marzio", "interpretationId": "interp_00319", "referenceId": "ref_00277", "page": 126, "chapter": 4, "agentId": "liliana", "role": "ProjectedSpace", "determination": "Precise", "criticalNote": null, "isRouteNode": null}, {"targetId": "gaz_campo_marzio", "interpretationId": "interp_00320", "referenceId": "ref_00277", "page": 126, "chapter": 4, "agentId": "giuliano_valdarena", "role": "ProjectedSpace", "determination": "Precise", "criticalNote": null, "isRouteNode": null}, {"targetId": "gaz_piazza_san_lorenzo_in_lucina", "interpretationId": "interp_00321", "referenceId": "ref_00278", "page": 126, "chapter": 4, "agentId": "liliana", "role": "ProjectedSpace", "determination": "Precise", "criticalNote": null, "isRouteNode": null}, {"targetId": "gaz_piazza_san_lorenzo_in_lucina", "interpretationId": "interp_00322", "referenceId": "ref_00278", "page": 126, "chapter": 4, "agentId": "giuliano_valdarena", "role": "ProjectedSpace", "determination": "Precise", "criticalNote": null, "isRouteNode": null}, {"targetId": "gaz_campo_marzio", "interpretationId": "interp_00323", "referenceId": "ref_00279", "page": 128, "chapter": 4, "agentId": "giuliano_valdarena", "role": "ProjectedSpace", "determination": "Approximate", "criticalNote": null, "isRouteNode": null}, {"targetId": "bottega_ceccherelli", "interpretationId": "interp_00324", "referenceId": "ref_00280", "page": 132, "chapter": 5, "agentId": "liliana", "role": "ProjectedSpace", "determination": "Approximate", "criticalNote": null, "isRouteNode": null}, {"targetId": "bottega_ceccherelli", "interpretationId": "interp_00325", "referenceId": "ref_00281", "page": 133, "chapter": 5, "agentId": "ceccherelli", "role": "Setting", "determination": "Approximate", "criticalNote": null, "isRouteNode": null}, {"targetId": "bottega_ceccherelli", "interpretationId": "interp_00326", "referenceId": "ref_00282", "page": 133, "chapter": 5, "agentId": "liliana", "role": "ProjectedSpace", "determination": "Approximate", "criticalNote": null, "isRouteNode": null}, {"targetId": "bottega_ceccherelli", "interpretationId": "interp_00327", "referenceId": "ref_00283", "page": 133, "chapter": 5, "agentId": "liliana", "role": "ProjectedSpace", "determination": "Approximate", "criticalNote": null, "isRouteNode": null}, {"targetId": "gaz_via_dei_banchi_vecchi", "interpretationId": "interp_00328", "referenceId": "ref_00284", "page": 134, "chapter": 5, "agentId": "zie_valdarena", "role": "Marker", "determination": "Approximate", "criticalNote": null, "isRouteNode": null}, {"targetId": "gaz_banco_di_santo_spirito", "interpretationId": "interp_00329", "referenceId": "ref_00285", "page": 134, "chapter": 5, "agentId": "cassiere_capo_del_bo", "role": "Marker", "determination": "Approximate", "criticalNote": null, "isRouteNode": null}, {"targetId": "gaz_banca_ditalia", "interpretationId": "interp_00330", "referenceId": "ref_00286", "page": 135, "chapter": 5, "agentId": "cassiere_capo_del_bo", "role": "ProjectedSpace", "determination": "Approximate", "criticalNote": null, "isRouteNode": null}, {"targetId": "gaz_piazza_verdi", "interpretationId": "interp_00331", "referenceId": "ref_00287", "page": 135, "chapter": 5, "agentId": "cassiere_capo_del_bo", "role": "ProjectedSpace", "determination": "Approximate", "criticalNote": null, "isRouteNode": null}, {"targetId": "gaz_santo_stefano_del_cacco_celio_santo_stefano", "interpretationId": "interp_00332", "referenceId": "ref_00288", "page": 135, "chapter": 5, "agentId": "ingravallo", "role": "Setting", "determination": "Precise", "criticalNote": null, "isRouteNode": null}, {"targetId": "gaz_teatro_jovinelli", "interpretationId": "interp_00333", "referenceId": "ref_00289", "page": 135, "chapter": 5, "agentId": "ingravallo", "role": "ProjectedSpace", "determination": "Precise", "criticalNote": null, "isRouteNode": null}, {"targetId": "gaz_golfo_di_napoli", "interpretationId": "interp_00334", "referenceId": "ref_00290", "page": 136, "chapter": 5, "agentId": "dottor_fumi", "role": "ProjectedSpace", "determination": "Relative", "criticalNote": null, "isRouteNode": null}, {"targetId": "gaz_vomero", "interpretationId": "interp_00335", "referenceId": "ref_00291", "page": 136, "chapter": 5, "agentId": "dottor_fumi", "role": "ProjectedSpace", "determination": "Relative", "criticalNote": null, "isRouteNode": null}, {"targetId": "gaz_piazza_vittorio_emanuele", "interpretationId": "interp_00336", "referenceId": "ref_00292", "page": 136, "chapter": 5, "agentId": "liliana", "role": "ProjectedSpace", "determination": "Approximate", "criticalNote": null, "isRouteNode": null}, {"targetId": "gaz_soriano_nel_cimino", "interpretationId": "interp_00337", "referenceId": "ref_00293", "page": 137, "chapter": 5, "agentId": "contadina", "role": "Marker", "determination": "Relative", "criticalNote": null, "isRouteNode": null}, {"targetId": "gaz_san_giovanni_in_laterano", "interpretationId": "interp_00338", "referenceId": "ref_00294", "page": 137, "chapter": 5, "agentId": "contadina", "role": "Marker", "determination": "Relative", "criticalNote": null, "isRouteNode": null}, {"targetId": "gaz_soriano_nel_cimino", "interpretationId": "interp_00339", "referenceId": "ref_00295", "page": 137, "chapter": 5, "agentId": "remo_balducci", "role": "ProjectedSpace", "determination": "Relative", "criticalNote": null, "isRouteNode": null}, {"targetId": "gaz_milano", "interpretationId": "interp_00340", "referenceId": "ref_00296", "page": 138, "chapter": 5, "agentId": "remo_balducci", "role": "ProjectedSpace", "determination": "Approximate", "criticalNote": null, "isRouteNode": null}, {"targetId": "gaz_sacro_cuore", "interpretationId": "interp_00341", "referenceId": "ref_00297", "page": 138, "chapter": 5, "agentId": "monache", "role": "Marker", "determination": "Approximate", "criticalNote": null, "isRouteNode": null}, {"targetId": "gaz_via_dei_banchi_vecchi", "interpretationId": "interp_00342", "referenceId": "ref_00298", "page": 138, "chapter": 5, "agentId": "zia_elvira", "role": "Marker", "determination": "Approximate", "criticalNote": null, "isRouteNode": null}, {"targetId": "gaz_via_dei_banchi_vecchi", "interpretationId": "interp_00343", "referenceId": "ref_00298", "page": 138, "chapter": 5, "agentId": "zia_marietta", "role": "Marker", "determination": "Approximate", "criticalNote": null, "isRouteNode": null}, {"targetId": "scala_b", "interpretationId": "interp_00344", "referenceId": "ref_00299", "page": 139, "chapter": 5, "agentId": "elodia", "role": "ProjectedSpace", "determination": "Approximate", "criticalNote": null, "isRouteNode": null}, {"targetId": "scala_b", "interpretationId": "interp_00345", "referenceId": "ref_00299", "page": 139, "chapter": 5, "agentId": "enea_cucco", "role": "ProjectedSpace", "determination": "Approximate", "criticalNote": null, "isRouteNode": null}, {"targetId": "scala_b", "interpretationId": "interp_00346", "referenceId": "ref_00299", "page": 139, "chapter": 5, "agentId": "giulietta_frisoni", "role": "ProjectedSpace", "determination": "Approximate", "criticalNote": null, "isRouteNode": null}, {"targetId": "scala_a", "interpretationId": "interp_00347", "referenceId": "ref_00300", "page": 139, "chapter": 5, "agentId": "cammarota", "role": "ProjectedSpace", "determination": "Approximate", "criticalNote": null, "isRouteNode": null}, {"targetId": "scala_a", "interpretationId": "interp_00348", "referenceId": "ref_00300", "page": 139, "chapter": 5, "agentId": "bottafavi", "role": "ProjectedSpace", "determination": "Approximate", "criticalNote": null, "isRouteNode": null}, {"targetId": "scala_a", "interpretationId": "interp_00349", "referenceId": "ref_00300", "page": 139, "chapter": 5, "agentId": "alda_pernetti", "role": "ProjectedSpace", "determination": "Approximate", "criticalNote": null, "isRouteNode": null}, {"targetId": "gaz_policlinico", "interpretationId": "interp_00350", "referenceId": "ref_00301", "page": 139, "chapter": 5, "agentId": "corteo_funebre", "role": null, "determination": null, "criticalNote": null, "isRouteNode": "tragitto_policlinico_san_lorenzo_al_verano"}, {"targetId": "gaz_viale_regina_margherita", "interpretationId": "interp_00351", "referenceId": "ref_00302", "page": 140, "chapter": 5, "agentId": "corteo_funebre", "role": null, "determination": null, "criticalNote": null, "isRouteNode": "tragitto_policlinico_san_lorenzo_al_verano"}, {"targetId": "gaz_san_lorenzo_al_verano", "interpretationId": "interp_00352", "referenceId": "ref_00303", "page": 140, "chapter": 5, "agentId": "corteo_funebre", "role": null, "determination": null, "criticalNote": null, "isRouteNode": "tragitto_policlinico_san_lorenzo_al_verano"}, {"targetId": "gaz_molo_beverello", "interpretationId": "interp_00354", "referenceId": "ref_00305", "page": 140, "chapter": 5, "agentId": "maharaja_di_tripura", "role": "Marker", "determination": "Relative", "criticalNote": null, "isRouteNode": null}, {"targetId": "gaz_molo_beverello", "interpretationId": "interp_00355", "referenceId": "ref_00305", "page": 140, "chapter": 5, "agentId": "mussolini", "role": "Marker", "determination": "Relative", "criticalNote": null, "isRouteNode": null}, {"targetId": "scerpure", "interpretationId": "interp_00356", "referenceId": "ref_00306", "page": 140, "chapter": 5, "agentId": "maharaja_di_tripura", "role": "ProjectedSpace", "determination": "Relative", "criticalNote": null, "isRouteNode": null}, {"targetId": "gaz_brahmaputra", "interpretationId": "interp_00357", "referenceId": "ref_00307", "page": 140, "chapter": 5, "agentId": "maharaja_di_tripura", "role": "ProjectedSpace", "determination": "Relative", "criticalNote": null, "isRouteNode": null}, {"targetId": "gaz_predappio", "interpretationId": "interp_00358", "referenceId": "ref_00308", "page": 140, "chapter": 5, "agentId": "maharaja_di_tripura", "role": "Marker", "determination": "Relative", "criticalNote": null, "isRouteNode": null}, {"targetId": "gaz_predappio", "interpretationId": "interp_00359", "referenceId": "ref_00308", "page": 140, "chapter": 5, "agentId": "mussolini", "role": "Marker", "determination": "Relative", "criticalNote": null, "isRouteNode": null}, {"targetId": "gaz_india", "interpretationId": "interp_00360", "referenceId": "ref_00309", "page": 140, "chapter": 5, "agentId": "mussolini", "role": "Marker", "determination": "Approximate", "criticalNote": null, "isRouteNode": null}, {"targetId": "gaz_policlinico", "interpretationId": "interp_00361", "referenceId": "ref_00310", "page": 141, "chapter": 5, "agentId": "maharaja_di_tripura", "role": "Marker", "determination": "Approximate", "criticalNote": null, "isRouteNode": null}, {"targetId": "gaz_centrale_del_latte", "interpretationId": "interp_00362", "referenceId": "ref_00311", "page": 141, "chapter": 5, "agentId": "maharaja_di_tripura", "role": "Marker", "determination": "Relative", "criticalNote": null, "isRouteNode": null}, {"targetId": "gaz_centrale_del_latte", "interpretationId": "interp_00363", "referenceId": "ref_00312", "page": 141, "chapter": 5, "agentId": "narrator", "role": "Marker", "determination": "Relative", "criticalNote": null, "isRouteNode": null}, {"targetId": "gaz_policlinico", "interpretationId": "interp_00364", "referenceId": "ref_00313", "page": 141, "chapter": 5, "agentId": "maharaja_di_tripura", "role": "Marker", "determination": "Approximate", "criticalNote": null, "isRouteNode": null}, {"targetId": "scerpure", "interpretationId": "interp_00365", "referenceId": "ref_00314", "page": 141, "chapter": 5, "agentId": "maharaja_di_tripura", "role": "ProjectedSpace", "determination": "Relative", "criticalNote": null, "isRouteNode": null}, {"targetId": "gaz_brahmaputra", "interpretationId": "interp_00366", "referenceId": "ref_00315", "page": 141, "chapter": 5, "agentId": "maharaja_di_tripura", "role": "ProjectedSpace", "determination": "Relative", "criticalNote": null, "isRouteNode": null}, {"targetId": "scerpure", "interpretationId": "interp_00367", "referenceId": "ref_00316", "page": 141, "chapter": 5, "agentId": "maharaja_di_tripura", "role": "ProjectedSpace", "determination": "Relative", "criticalNote": null, "isRouteNode": null}, {"targetId": "gaz_san_lorenzo_al_verano", "interpretationId": "interp_00368", "referenceId": "ref_00317", "page": 141, "chapter": 5, "agentId": "ingravallo", "role": "Setting", "determination": "Approximate", "criticalNote": null, "isRouteNode": null}, {"targetId": "gaz_san_lorenzo_al_verano", "interpretationId": "interp_00369", "referenceId": "ref_00317", "page": 141, "chapter": 5, "agentId": "pompeo", "role": "Setting", "determination": "Approximate", "criticalNote": null, "isRouteNode": null}, {"targetId": "gaz_san_lorenzo_al_verano", "interpretationId": "interp_00370", "referenceId": "ref_00317", "page": 141, "chapter": 5, "agentId": "gaudenzio", "role": "Setting", "determination": "Approximate", "criticalNote": null, "isRouteNode": null}, {"targetId": "gaz_campo_verano", "interpretationId": "interp_00371", "referenceId": "ref_00318", "page": 141, "chapter": 5, "agentId": "ingravallo", "role": "Setting", "determination": "Precise", "criticalNote": null, "isRouteNode": null}, {"targetId": "gaz_campo_verano", "interpretationId": "interp_00372", "referenceId": "ref_00318", "page": 141, "chapter": 5, "agentId": "don_lorenzo_corpi", "role": "Setting", "determination": "Approximate", "criticalNote": null, "isRouteNode": null}, {"targetId": "gaz_santo_stefano_del_cacco_celio_santo_stefano", "interpretationId": "interp_00373", "referenceId": "ref_00319", "page": 141, "chapter": 5, "agentId": "ingravallo", "role": "ProjectedSpace", "determination": "Approximate", "criticalNote": null, "isRouteNode": null}, {"targetId": "gaz_santo_stefano_del_cacco_celio_santo_stefano", "interpretationId": "interp_00374", "referenceId": "ref_00319", "page": 141, "chapter": 5, "agentId": "don_lorenzo_corpi", "role": "ProjectedSpace", "determination": "Approximate", "criticalNote": null, "isRouteNode": null}, {"targetId": "gaz_santi_quattro_coronati", "interpretationId": "interp_00375", "referenceId": "ref_00320", "page": 141, "chapter": 5, "agentId": "liliana", "role": "ProjectedSpace", "determination": "Approximate", "criticalNote": null, "isRouteNode": null}, {"targetId": "roccafringoli", "interpretationId": "interp_00376", "referenceId": "ref_00321", "page": 142, "chapter": 5, "agentId": "don_lorenzo_corpi", "role": "ProjectedSpace", "determination": "Relative", "criticalNote": null, "isRouteNode": null}, {"targetId": "gaz_soriano_nel_cimino", "interpretationId": "interp_00377", "referenceId": "ref_00322", "page": 142, "chapter": 5, "agentId": "remo_balducci", "role": "ProjectedSpace", "determination": "Relative", "criticalNote": null, "isRouteNode": null}, {"targetId": "gaz_zagarolo", "interpretationId": "interp_00378", "referenceId": "ref_00323", "page": 144, "chapter": 5, "agentId": "luigia_zanchetti", "role": "ProjectedSpace", "determination": "Relative", "criticalNote": null, "isRouteNode": null}, {"targetId": "gaz_tivoli", "interpretationId": "interp_00379", "referenceId": "ref_00324", "page": 144, "chapter": 5, "agentId": "irene_spinaci", "role": "Marker", "determination": "Approximate", "criticalNote": null, "isRouteNode": null}, {"targetId": "gaz_sacro_cuore", "interpretationId": "interp_00380", "referenceId": "ref_00325", "page": 144, "chapter": 5, "agentId": "luigia_zanchetti", "role": "Marker", "determination": "Approximate", "criticalNote": null, "isRouteNode": null}, {"targetId": "gaz_sacro_cuore", "interpretationId": "interp_00381", "referenceId": "ref_00325", "page": 144, "chapter": 5, "agentId": "irene_spinaci", "role": "ProjectedSpace", "determination": "Approximate", "criticalNote": null, "isRouteNode": null}, {"targetId": "gaz_banca_commerciale_italiana", "interpretationId": "interp_00382", "referenceId": "ref_00326", "page": 146, "chapter": 5, "agentId": "liliana", "role": "ProjectedSpace", "determination": "Approximate", "criticalNote": null, "isRouteNode": null}, {"targetId": "gaz_san_giovanni_in_laterano", "interpretationId": "interp_00383", "referenceId": "ref_00327", "page": 147, "chapter": 5, "agentId": "ines_cionini", "role": "ProjectedSpace", "determination": "Precise", "criticalNote": "Galilei' = Alessandro Galilei, architetto della facciata di San Giovanni in Laterano. Perifrasi per metonimia dell'autore.", "isRouteNode": null}, {"targetId": "gaz_san_giovanni_in_laterano", "interpretationId": "interp_00384", "referenceId": "ref_00328", "page": 148, "chapter": 5, "agentId": "don_lorenzo_corpi", "role": "ProjectedSpace", "determination": "Relative", "criticalNote": null, "isRouteNode": null}, {"targetId": "scale", "interpretationId": "interp_00385", "referenceId": "ref_00329", "page": 149, "chapter": 5, "agentId": "dottor_ghianda", "role": "Setting", "determination": "Relative", "criticalNote": null, "isRouteNode": null}, {"targetId": "gaz_via_villari", "interpretationId": "interp_00386", "referenceId": "ref_00330", "page": 149, "chapter": 5, "agentId": "pizzicarolo_moglie", "role": "Marker", "determination": "Relative", "criticalNote": null, "isRouteNode": null}, {"targetId": "gaz_regina_coeli", "interpretationId": "interp_00387", "referenceId": "ref_00331", "page": 149, "chapter": 5, "agentId": "commendador_angeloni", "role": "Marker", "determination": "Approximate", "criticalNote": null, "isRouteNode": null}, {"targetId": "gaz_santo_stefano_del_cacco_celio_santo_stefano", "interpretationId": "interp_00388", "referenceId": "ref_00332", "page": 149, "chapter": 5, "agentId": "commendador_angeloni", "role": "Setting", "determination": "Approximate", "criticalNote": null, "isRouteNode": null}, {"targetId": "gaz_lungara", "interpretationId": "interp_00389", "referenceId": "ref_00333", "page": 149, "chapter": 5, "agentId": "commendador_angeloni", "role": "Marker", "determination": "Approximate", "criticalNote": null, "isRouteNode": null}, {"targetId": "gaz_via_merulana", "interpretationId": "interp_00390", "referenceId": "ref_00334", "page": 150, "chapter": 5, "agentId": "virginia_troddu", "role": "Setting", "determination": "Approximate", "criticalNote": null, "isRouteNode": null}, {"targetId": "gaz_santi_quattro_coronati", "interpretationId": "interp_00391", "referenceId": "ref_00335", "page": 150, "chapter": 5, "agentId": "liliana", "role": "Marker", "determination": "Approximate", "criticalNote": null, "isRouteNode": null}, {"targetId": "gaz_san_giovanni_in_laterano", "interpretationId": "interp_00392", "referenceId": "ref_00336", "page": 151, "chapter": 5, "agentId": "virginia_troddu", "role": "Marker", "determination": "Approximate", "criticalNote": null, "isRouteNode": null}, {"targetId": "gaz_santo_stefano_del_cacco_celio_santo_stefano", "interpretationId": "interp_00393", "referenceId": "ref_00337", "page": 152, "chapter": 6, "agentId": "maresciallo_di_pietrantonio", "role": "Setting", "determination": "Approximate", "criticalNote": null, "isRouteNode": null}, {"targetId": "tenenza_carabinieri_marino", "interpretationId": "interp_00394", "referenceId": "ref_00338", "page": 152, "chapter": 6, "agentId": "maresciallo_di_pietrantonio", "role": "ProjectedSpace", "determination": "Approximate", "criticalNote": null, "isRouteNode": null}, {"targetId": "gaz_torraccio", "interpretationId": "interp_00395", "referenceId": "ref_00339", "page": 152, "chapter": 6, "agentId": "enea_retalli", "role": "ProjectedSpace", "determination": "Relative", "criticalNote": null, "isRouteNode": null}, {"targetId": "gaz_frattocchie", "interpretationId": "interp_00396", "referenceId": "ref_00340", "page": 152, "chapter": 6, "agentId": "enea_retalli", "role": "ProjectedSpace", "determination": "Relative", "criticalNote": null, "isRouteNode": null}, {"targetId": "gaz_torraccio", "interpretationId": "interp_00397", "referenceId": "ref_00341", "page": 152, "chapter": 6, "agentId": "enea_retalli", "role": "ProjectedSpace", "determination": "Relative", "criticalNote": null, "isRouteNode": null}, {"targetId": "gaz_via_orazio", "interpretationId": "interp_00398", "referenceId": "ref_00342", "page": 153, "chapter": 6, "agentId": "contessa_mondeguggoli", "role": "Marker", "determination": "Indeterminate", "criticalNote": null, "isRouteNode": null}, {"targetId": "gaz_due_santi", "interpretationId": "interp_00399", "referenceId": "ref_00343", "page": 153, "chapter": 6, "agentId": "enea_retalli", "role": "ProjectedSpace", "determination": "Relative", "criticalNote": null, "isRouteNode": null}, {"targetId": "gaz_due_santi", "interpretationId": "interp_00400", "referenceId": "ref_00343", "page": 153, "chapter": 6, "agentId": "zamira_pacori", "role": "Setting", "determination": "Relative", "criticalNote": null, "isRouteNode": null}, {"targetId": "gaz_via_appia", "interpretationId": "interp_00401", "referenceId": "ref_00344", "page": 153, "chapter": 6, "agentId": "enea_retalli", "role": "ProjectedSpace", "determination": "Relative", "criticalNote": null, "isRouteNode": null}, {"targetId": "gaz_via_appia", "interpretationId": "interp_00402", "referenceId": "ref_00344", "page": 153, "chapter": 6, "agentId": "zamira_pacori", "role": "Setting", "determination": "Relative", "criticalNote": null, "isRouteNode": null}, {"targetId": "gaz_marino", "interpretationId": "interp_00403", "referenceId": "ref_00345", "page": 153, "chapter": 6, "agentId": "zamira_pacori", "role": "Setting", "determination": "Relative", "criticalNote": null, "isRouteNode": null}, {"targetId": "gaz_albano_laziale", "interpretationId": "interp_00404", "referenceId": "ref_00346", "page": 153, "chapter": 6, "agentId": "zamira_pacori", "role": "Setting", "determination": "Relative", "criticalNote": null, "isRouteNode": null}, {"targetId": "gaz_santo_stefano_del_cacco_celio_santo_stefano", "interpretationId": "interp_00405", "referenceId": "ref_00347", "page": 153, "chapter": 6, "agentId": "pestalozzi", "role": null, "determination": null, "criticalNote": null, "isRouteNode": "tragitto_marino_santo_stefano"}, {"targetId": "tenenza_carabinieri_marino", "interpretationId": "interp_00406", "referenceId": "ref_00348", "page": 153, "chapter": 6, "agentId": "pestalozzi", "role": null, "determination": null, "criticalNote": null, "isRouteNode": "tragitto_marino_santo_stefano"}, {"targetId": "gaz_santo_stefano_del_cacco_celio_santo_stefano", "interpretationId": "interp_00408", "referenceId": "ref_00350", "page": 154, "chapter": 6, "agentId": "narrator", "role": "Setting", "determination": "Approximate", "criticalNote": null, "isRouteNode": null}, {"targetId": "gaz_maccheronaro", "interpretationId": "interp_00409", "referenceId": "ref_00351", "page": 154, "chapter": 6, "agentId": "pompeo", "role": "ProjectedSpace", "determination": "Relative", "criticalNote": null, "isRouteNode": null}, {"targetId": "gaz_via_del_gesu", "interpretationId": "interp_00410", "referenceId": "ref_00352", "page": 154, "chapter": 6, "agentId": "pompeo", "role": "ProjectedSpace", "determination": "Approximate", "criticalNote": null, "isRouteNode": null}, {"targetId": "tenenza_carabinieri_marino", "interpretationId": "interp_00411", "referenceId": "ref_00353", "page": 154, "chapter": 6, "agentId": "dottor_fumi", "role": "ProjectedSpace", "determination": "Relative", "criticalNote": null, "isRouteNode": null}, {"targetId": "gaz_santo_stefano_del_cacco_celio_santo_stefano", "interpretationId": "interp_00412", "referenceId": "ref_00354", "page": 155, "chapter": 6, "agentId": "pestalozzi", "role": "Setting", "determination": "Approximate", "criticalNote": "La “collina molisana” è impiegata come sineddoche spaziale dell’origine sociale del personaggio; lo spazio non è diegeticamente attivo ma funziona come proiezione identitaria e culturale.", "isRouteNode": null}, {"targetId": "gaz_santo_stefano_del_cacco_celio_santo_stefano", "interpretationId": "interp_00413", "referenceId": "ref_00354", "page": 155, "chapter": 6, "agentId": "dottor_fumi", "role": "Setting", "determination": "Approximate", "criticalNote": "Luogo generico", "isRouteNode": null}, {"targetId": "gaz_santo_stefano_del_cacco_celio_santo_stefano", "interpretationId": "interp_00414", "referenceId": "ref_00354", "page": 155, "chapter": 6, "agentId": "pompeo", "role": "Setting", "determination": "Approximate", "criticalNote": "Aggettivo che evoca lo spazio dei Colli Albani/Castelli Romani", "isRouteNode": null}, {"targetId": "gaz_santo_stefano_del_cacco_celio_santo_stefano", "interpretationId": "interp_00415", "referenceId": "ref_00354", "page": 155, "chapter": 6, "agentId": "maresciallo_di_pietrantonio", "role": "Setting", "determination": "Approximate", "criticalNote": "Aggettivo che evoca lo spazio di Tivoli", "isRouteNode": null}, {"targetId": "gaz_santo_stefano_del_cacco_celio_santo_stefano", "interpretationId": "interp_00416", "referenceId": "ref_00354", "page": 155, "chapter": 6, "agentId": "ingravallo", "role": "Setting", "determination": "Approximate", "criticalNote": null, "isRouteNode": null}, {"targetId": "gaz_santo_stefano_del_cacco_celio_santo_stefano", "interpretationId": "interp_00417", "referenceId": "ref_00354", "page": 155, "chapter": 6, "agentId": "paolillo", "role": "Setting", "determination": "Approximate", "criticalNote": null, "isRouteNode": null}, {"targetId": "gaz_frascati", "interpretationId": "interp_00418", "referenceId": "ref_00355", "page": 155, "chapter": 6, "agentId": "narrator", "role": "Marker", "determination": "Relative", "criticalNote": null, "isRouteNode": null}, {"targetId": "gaz_velletri", "interpretationId": "interp_00419", "referenceId": "ref_00356", "page": 155, "chapter": 6, "agentId": "narrator", "role": "Marker", "determination": "Relative", "criticalNote": null, "isRouteNode": null}, {"targetId": "gaz_vinchiaturo", "interpretationId": "interp_00420", "referenceId": "ref_00357", "page": 155, "chapter": 6, "agentId": "ingravallo", "role": "ProjectedSpace", "determination": "Relative", "criticalNote": null, "isRouteNode": null}, {"targetId": "gaz_vinchiaturo", "interpretationId": "interp_00421", "referenceId": "ref_00357", "page": 155, "chapter": 6, "agentId": "santarella", "role": "ProjectedSpace", "determination": "Relative", "criticalNote": null, "isRouteNode": null}, {"targetId": "gaz_ovindoli", "interpretationId": "interp_00422", "referenceId": "ref_00358", "page": 155, "chapter": 6, "agentId": "ingravallo", "role": "ProjectedSpace", "determination": "Relative", "criticalNote": null, "isRouteNode": null}, {"targetId": "gaz_ovindoli", "interpretationId": "interp_00423", "referenceId": "ref_00358", "page": 155, "chapter": 6, "agentId": "santarella", "role": "ProjectedSpace", "determination": "Relative", "criticalNote": "Monteleone, probabilmente Monteleone sabino, indicato come luogo d'origine d'una delle \"nipotine\" al servizio dei Balducci", "isRouteNode": null}, {"targetId": "laboratorio_zamira", "interpretationId": "interp_00424", "referenceId": "ref_00359", "page": 155, "chapter": 6, "agentId": "maresciallo_di_pietrantonio", "role": "ProjectedSpace", "determination": "Indeterminate", "criticalNote": "Anzio si collona nel territorio costiero del Castelli Romani", "isRouteNode": null}, {"targetId": "laboratorio_zamira", "interpretationId": "interp_00425", "referenceId": "ref_00359", "page": 155, "chapter": 6, "agentId": "pompeo", "role": "ProjectedSpace", "determination": "Indeterminate", "criticalNote": "Area paesaggistica vaga e analogica, delimitata dal Tevere e costruita per accumulo descrittivo (castelli, vigne, colli, monti, piane), contrapposta alla città di Roma; spazio percepito e mitizzato da Liliana Balducci. Il Tevere funziona come barriera idrografica e simbolica di separazione tra spazio urbano e spazio campestre, più che come luogo in sé.", "isRouteNode": null}, {"targetId": "gaz_marino", "interpretationId": "interp_00426", "referenceId": "ref_00360", "page": 156, "chapter": 6, "agentId": "zamira_pacori", "role": "ProjectedSpace", "determination": "Relative", "criticalNote": "Tevere e Biferno sono impiegati come sineddoche spaziale dei tratti diatopici della lingua di Ingravallo", "isRouteNode": null}, {"targetId": "gaz_albano_laziale", "interpretationId": "interp_00427", "referenceId": "ref_00361", "page": 156, "chapter": 6, "agentId": "zamira_pacori", "role": "ProjectedSpace", "determination": "Relative", "criticalNote": null, "isRouteNode": null}, {"targetId": "gaz_castel_gandolfo", "interpretationId": "interp_00428", "referenceId": "ref_00362", "page": 156, "chapter": 6, "agentId": "zamira_pacori", "role": "ProjectedSpace", "determination": "Relative", "criticalNote": null, "isRouteNode": null}, {"targetId": "gaz_ariccia", "interpretationId": "interp_00429", "referenceId": "ref_00363", "page": 156, "chapter": 6, "agentId": "zamira_pacori", "role": "ProjectedSpace", "determination": "Relative", "criticalNote": null, "isRouteNode": null}, {"targetId": "ditta_ciurlani", "interpretationId": "interp_00430", "referenceId": "ref_00364", "page": 156, "chapter": 6, "agentId": "zamira_pacori", "role": "ProjectedSpace", "determination": "Relative", "criticalNote": null, "isRouteNode": null}, {"targetId": "gaz_marino", "interpretationId": "interp_00431", "referenceId": "ref_00365", "page": 156, "chapter": 6, "agentId": "pestalozzi", "role": "ProjectedSpace", "determination": "Relative", "criticalNote": null, "isRouteNode": null}, {"targetId": "gaz_due_santi", "interpretationId": "interp_00432", "referenceId": "ref_00366", "page": 156, "chapter": 6, "agentId": "zamira_pacori", "role": "ProjectedSpace", "determination": "Relative", "criticalNote": null, "isRouteNode": null}, {"targetId": "tenenza_carabinieri_marino", "interpretationId": "interp_00433", "referenceId": "ref_00367", "page": 156, "chapter": 6, "agentId": "pestalozzi", "role": "Setting", "determination": "Approximate", "criticalNote": null, "isRouteNode": null}, {"targetId": "tenenza_carabinieri_marino", "interpretationId": "interp_00434", "referenceId": "ref_00367", "page": 156, "chapter": 6, "agentId": "santarella", "role": "Setting", "determination": "Approximate", "criticalNote": null, "isRouteNode": null}, {"targetId": "tenenza_carabinieri_marino", "interpretationId": "interp_00435", "referenceId": "ref_00368", "page": 156, "chapter": 6, "agentId": "narrator", "role": "Setting", "determination": "Approximate", "criticalNote": null, "isRouteNode": null}, {"targetId": "gaz_torraccio", "interpretationId": "interp_00436", "referenceId": "ref_00369", "page": 157, "chapter": 6, "agentId": "ines_cionini", "role": "ProjectedSpace", "determination": "Relative", "criticalNote": null, "isRouteNode": null}, {"targetId": "gaz_via_appia", "interpretationId": "interp_00437", "referenceId": "ref_00370", "page": 157, "chapter": 6, "agentId": "ines_cionini", "role": "ProjectedSpace", "determination": "Relative", "criticalNote": null, "isRouteNode": null}, {"targetId": "gaz_frattocchie", "interpretationId": "interp_00438", "referenceId": "ref_00371", "page": 157, "chapter": 6, "agentId": "ines_cionini", "role": "ProjectedSpace", "determination": "Approximate", "criticalNote": null, "isRouteNode": null}, {"targetId": "gaz_san_giovanni", "interpretationId": "interp_00439", "referenceId": "ref_00372", "page": 158, "chapter": 6, "agentId": "ines_cionini", "role": "ProjectedSpace", "determination": "Approximate", "criticalNote": null, "isRouteNode": null}, {"targetId": "gaz_santo_stefano_rotondo", "interpretationId": "interp_00440", "referenceId": "ref_00373", "page": 158, "chapter": 6, "agentId": "ines_cionini", "role": "ProjectedSpace", "determination": "Approximate", "criticalNote": null, "isRouteNode": null}, {"targetId": "gaz_piazza_vittorio_emanuele", "interpretationId": "interp_00441", "referenceId": "ref_00374", "page": 158, "chapter": 6, "agentId": "ines_cionini", "role": "ProjectedSpace", "determination": "Approximate", "criticalNote": null, "isRouteNode": null}, {"targetId": "gaz_san_giovanni", "interpretationId": "interp_00442", "referenceId": "ref_00375", "page": 158, "chapter": 6, "agentId": "brigatiere_juppariello", "role": "Marker", "determination": "Relative", "criticalNote": null, "isRouteNode": null}, {"targetId": "gaz_torraccio", "interpretationId": "interp_00443", "referenceId": "ref_00376", "page": 158, "chapter": 6, "agentId": "ines_cionini", "role": "ProjectedSpace", "determination": "Approximate", "criticalNote": null, "isRouteNode": null}, {"targetId": "gaz_san_giovanni", "interpretationId": "interp_00444", "referenceId": "ref_00377", "page": 159, "chapter": 6, "agentId": "brigatiere_juppariello", "role": "Marker", "determination": "Relative", "criticalNote": null, "isRouteNode": null}, {"targetId": "gaz_santo_stefano_del_cacco_celio_santo_stefano", "interpretationId": "interp_00445", "referenceId": "ref_00378", "page": 159, "chapter": 6, "agentId": "ines_cionini", "role": "Setting", "determination": "Approximate", "criticalNote": null, "isRouteNode": null}, {"targetId": "gaz_santo_stefano_del_cacco_celio_santo_stefano", "interpretationId": "interp_00446", "referenceId": "ref_00378", "page": 159, "chapter": 6, "agentId": "pollarola", "role": "Setting", "determination": "Approximate", "criticalNote": null, "isRouteNode": null}, {"targetId": "gaz_santo_stefano_del_cacco_celio_santo_stefano", "interpretationId": "interp_00447", "referenceId": "ref_00378", "page": 159, "chapter": 6, "agentId": "scarpara", "role": "Setting", "determination": "Approximate", "criticalNote": null, "isRouteNode": null}, {"targetId": "gaz_due_santi", "interpretationId": "interp_00448", "referenceId": "ref_00379", "page": 159, "chapter": 6, "agentId": "ines_cionini", "role": "ProjectedSpace", "determination": "Relative", "criticalNote": null, "isRouteNode": null}, {"targetId": "gaz_frattocchie", "interpretationId": "interp_00449", "referenceId": "ref_00380", "page": 159, "chapter": 6, "agentId": "ines_cionini", "role": "ProjectedSpace", "determination": "Relative", "criticalNote": null, "isRouteNode": null}, {"targetId": "gaz_santo_stefano_del_cacco_celio_santo_stefano", "interpretationId": "interp_00450", "referenceId": "ref_00381", "page": 159, "chapter": 6, "agentId": "paolillo", "role": "Setting", "determination": "Approximate", "criticalNote": null, "isRouteNode": null}, {"targetId": "gaz_regina_coeli", "interpretationId": "interp_00451", "referenceId": "ref_00382", "page": 159, "chapter": 6, "agentId": "ines_cionini", "role": "ProjectedSpace", "determination": "Approximate", "criticalNote": null, "isRouteNode": null}, {"targetId": "gaz_marino", "interpretationId": "interp_00452", "referenceId": "ref_00383", "page": 162, "chapter": 6, "agentId": "zamira_pacori", "role": "ProjectedSpace", "determination": "Relative", "criticalNote": null, "isRouteNode": null}, {"targetId": "gaz_ariccia", "interpretationId": "interp_00453", "referenceId": "ref_00384", "page": 162, "chapter": 6, "agentId": "zamira_pacori", "role": "ProjectedSpace", "determination": "Relative", "criticalNote": null, "isRouteNode": null}, {"targetId": "gaz_due_santi", "interpretationId": "interp_00454", "referenceId": "ref_00385", "page": 162, "chapter": 6, "agentId": "zamira_pacori", "role": "Setting", "determination": "Relative", "criticalNote": null, "isRouteNode": null}, {"targetId": "gaz_via_appia", "interpretationId": "interp_00455", "referenceId": "ref_00386", "page": 162, "chapter": 6, "agentId": "zamira_pacori", "role": "Setting", "determination": "Relative", "criticalNote": null, "isRouteNode": null}, {"targetId": "gaz_due_santi", "interpretationId": "interp_00456", "referenceId": "ref_00387", "page": 162, "chapter": 6, "agentId": "zamira_pacori", "role": "Setting", "determination": "Relative", "criticalNote": null, "isRouteNode": null}, {"targetId": "gaz_due_santi", "interpretationId": "interp_00457", "referenceId": "ref_00388", "page": 163, "chapter": 6, "agentId": "zamira_pacori", "role": "Setting", "determination": "Relative", "criticalNote": null, "isRouteNode": null}, {"targetId": "gaz_marino", "interpretationId": "interp_00458", "referenceId": "ref_00389", "page": 164, "chapter": 6, "agentId": "zamira_pacori", "role": "ProjectedSpace", "determination": "Relative", "criticalNote": null, "isRouteNode": null}, {"targetId": "gaz_ariccia", "interpretationId": "interp_00459", "referenceId": "ref_00390", "page": 164, "chapter": 6, "agentId": "zamira_pacori", "role": "ProjectedSpace", "determination": "Relative", "criticalNote": null, "isRouteNode": null}, {"targetId": "gaz_due_santi", "interpretationId": "interp_00460", "referenceId": "ref_00391", "page": 165, "chapter": 6, "agentId": "zamira_pacori", "role": "Setting", "determination": "Relative", "criticalNote": null, "isRouteNode": null}, {"targetId": "laboratorio_zamira", "interpretationId": "interp_00461", "referenceId": "ref_00392", "page": 165, "chapter": 6, "agentId": "zamira_pacori", "role": "Setting", "determination": "Precise", "criticalNote": null, "isRouteNode": null}, {"targetId": "gaz_via_appia", "interpretationId": "interp_00462", "referenceId": "ref_00393", "page": 165, "chapter": 6, "agentId": "zamira_pacori", "role": "Setting", "determination": "Approximate", "criticalNote": null, "isRouteNode": null}, {"targetId": "laboratorio_zamira", "interpretationId": "interp_00463", "referenceId": "ref_00394", "page": 166, "chapter": 6, "agentId": "zamira_pacori", "role": "Setting", "determination": "Precise", "criticalNote": null, "isRouteNode": null}, {"targetId": "gaz_via_appia", "interpretationId": "interp_00464", "referenceId": "ref_00395", "page": 167, "chapter": 6, "agentId": "zamira_pacori", "role": "Setting", "determination": "Approximate", "criticalNote": null, "isRouteNode": null}, {"targetId": "gaz_via_appia", "interpretationId": "interp_00465", "referenceId": "ref_00396", "page": 167, "chapter": 6, "agentId": "nipotine_zamira", "role": "ProjectedSpace", "determination": "Relative", "criticalNote": null, "isRouteNode": null}, {"targetId": "gaz_via_ardeatina", "interpretationId": "interp_00466", "referenceId": "ref_00397", "page": 167, "chapter": 6, "agentId": "nipotine_zamira", "role": "ProjectedSpace", "determination": "Relative", "criticalNote": null, "isRouteNode": null}, {"targetId": "gaz_via_anziate", "interpretationId": "interp_00467", "referenceId": "ref_00398", "page": 167, "chapter": 6, "agentId": "nipotine_zamira", "role": "ProjectedSpace", "determination": "Relative", "criticalNote": null, "isRouteNode": null}, {"targetId": "laboratorio_zamira", "interpretationId": "interp_00468", "referenceId": "ref_00399", "page": 168, "chapter": 6, "agentId": "narrator", "role": "Setting", "determination": "Approximate", "criticalNote": null, "isRouteNode": null}, {"targetId": "tenenza_carabinieri_marino", "interpretationId": "interp_00469", "referenceId": "ref_00400", "page": 169, "chapter": 6, "agentId": "santarella", "role": "Setting", "determination": "Approximate", "criticalNote": null, "isRouteNode": null}, {"targetId": "gaz_torraccio", "interpretationId": "interp_00470", "referenceId": "ref_00401", "page": 169, "chapter": 6, "agentId": "santarella", "role": null, "determination": null, "criticalNote": null, "isRouteNode": "tragitto_torraccio_ponte_divino_amore"}, {"targetId": "gaz_frattocchie", "interpretationId": "interp_00471", "referenceId": "ref_00402", "page": 169, "chapter": 6, "agentId": "santarella", "role": null, "determination": null, "criticalNote": null, "isRouteNode": "tragitto_torraccio_ponte_divino_amore"}, {"targetId": "robine_vecchie", "interpretationId": "interp_00472", "referenceId": "ref_00403", "page": 169, "chapter": 6, "agentId": "santarella", "role": null, "determination": null, "criticalNote": null, "isRouteNode": "tragitto_torraccio_ponte_divino_amore"}, {"targetId": "robine_vecchie", "interpretationId": "interp_00473", "referenceId": "ref_00403", "page": 169, "chapter": 6, "agentId": "santarella", "role": null, "determination": null, "criticalNote": null, "isRouteNode": "tragitto_torraccio_ponte_divino_amore"}, {"targetId": "cassero", "interpretationId": "interp_00474", "referenceId": "ref_00404", "page": 169, "chapter": 6, "agentId": "santarella", "role": null, "determination": null, "criticalNote": "Possibile referente: Castello della Castelluccia, circa 41.7443, 12.6165", "isRouteNode": "tragitto_torraccio_ponte_divino_amore"}, {"targetId": "cassero", "interpretationId": "interp_00475", "referenceId": "ref_00404", "page": 169, "chapter": 6, "agentId": "santarella", "role": null, "determination": null, "criticalNote": "Possibile referente: Castello della Castelluccia, circa 41.7443, 12.6165", "isRouteNode": "tragitto_torraccio_ponte_divino_amore"}, {"targetId": "ponte_divino_amore", "interpretationId": "interp_00476", "referenceId": "ref_00405", "page": 169, "chapter": 6, "agentId": "santarella", "role": null, "determination": null, "criticalNote": null, "isRouteNode": "tragitto_torraccio_ponte_divino_amore"}, {"targetId": "gaz_milano", "interpretationId": "interp_00478", "referenceId": "ref_00407", "page": 170, "chapter": 6, "agentId": "santarella", "role": "ProjectedSpace", "determination": "Indeterminate", "criticalNote": null, "isRouteNode": null}, {"targetId": "gaz_milano", "interpretationId": "interp_00479", "referenceId": "ref_00408", "page": 170, "chapter": 6, "agentId": "santarella", "role": "ProjectedSpace", "determination": "Indeterminate", "criticalNote": null, "isRouteNode": null}, {"targetId": "gaz_via_zanardelli", "interpretationId": "interp_00480", "referenceId": "ref_00409", "page": 171, "chapter": 6, "agentId": "santarella", "role": "Marker", "determination": "Approximate", "criticalNote": null, "isRouteNode": null}, {"targetId": "gaz_due_santi", "interpretationId": "interp_00481", "referenceId": "ref_00410", "page": 171, "chapter": 6, "agentId": "zamira_pacori", "role": "Setting", "determination": "Relative", "criticalNote": null, "isRouteNode": null}, {"targetId": "tenenza_carabinieri_marino", "interpretationId": "interp_00482", "referenceId": "ref_00411", "page": 172, "chapter": 6, "agentId": "santarella", "role": "Setting", "determination": "Approximate", "criticalNote": null, "isRouteNode": null}, {"targetId": "gaz_rocca_di_papa", "interpretationId": "interp_00483", "referenceId": "ref_00412", "page": 173, "chapter": 6, "agentId": "santarella", "role": null, "determination": null, "criticalNote": null, "isRouteNode": "tragitto_rocca_di_papa_monte_nuncupale"}, {"targetId": "gaz_castel_savello", "interpretationId": "interp_00484", "referenceId": "ref_00413", "page": 173, "chapter": 6, "agentId": "santarella", "role": null, "determination": null, "criticalNote": null, "isRouteNode": "tragitto_rocca_di_papa_monte_nuncupale"}, {"targetId": "gaz_rocca_orsina", "interpretationId": "interp_00485", "referenceId": "ref_00414", "page": 173, "chapter": 6, "agentId": "santarella", "role": null, "determination": null, "criticalNote": null, "isRouteNode": "tragitto_rocca_di_papa_monte_nuncupale"}, {"targetId": "monte_nuncupale", "interpretationId": "interp_00486", "referenceId": "ref_00415", "page": 173, "chapter": 6, "agentId": "santarella", "role": null, "determination": null, "criticalNote": null, "isRouteNode": "tragitto_rocca_di_papa_monte_nuncupale"}, {"targetId": "tenenza_carabinieri_marino", "interpretationId": "interp_00488", "referenceId": "ref_00417", "page": 173, "chapter": 6, "agentId": "santarella", "role": "Setting", "determination": "Relative", "criticalNote": null, "isRouteNode": null}, {"targetId": "gaz_via_ardeatina", "interpretationId": "interp_00489", "referenceId": "ref_00418", "page": 173, "chapter": 6, "agentId": "santarella", "role": "Marker", "determination": "Relative", "criticalNote": null, "isRouteNode": null}, {"targetId": "gaz_via_appia", "interpretationId": "interp_00490", "referenceId": "ref_00419", "page": 173, "chapter": 6, "agentId": "santarella", "role": "Setting", "determination": "Relative", "criticalNote": null, "isRouteNode": null}, {"targetId": "gaz_cecchina", "interpretationId": "interp_00491", "referenceId": "ref_00420", "page": 173, "chapter": 6, "agentId": "santarella", "role": null, "determination": null, "criticalNote": null, "isRouteNode": "tragitto_cecchina_anziate"}, {"targetId": "gaz_santa_palomba", "interpretationId": "interp_00492", "referenceId": "ref_00421", "page": 173, "chapter": 6, "agentId": "santarella", "role": null, "determination": null, "criticalNote": null, "isRouteNode": "tragitto_cecchina_anziate"}, {"targetId": "gaz_campoleone", "interpretationId": "interp_00493", "referenceId": "ref_00422", "page": 173, "chapter": 6, "agentId": "santarella", "role": null, "determination": null, "criticalNote": null, "isRouteNode": "tragitto_cecchina_anziate"}, {"targetId": "gaz_via_ardeatina", "interpretationId": "interp_00494", "referenceId": "ref_00423", "page": 173, "chapter": 6, "agentId": "santarella", "role": null, "determination": null, "criticalNote": null, "isRouteNode": "tragitto_cecchina_anziate"}, {"targetId": "gaz_via_anziate", "interpretationId": "interp_00495", "referenceId": "ref_00424", "page": 173, "chapter": 6, "agentId": "santarella", "role": null, "determination": null, "criticalNote": null, "isRouteNode": "tragitto_cecchina_anziate"}, {"targetId": "gaz_frattocchie", "interpretationId": "interp_00497", "referenceId": "ref_00426", "page": 174, "chapter": 6, "agentId": "santarella", "role": null, "determination": null, "criticalNote": null, "isRouteNode": "tragitto_frattocchie_ciampino"}, {"targetId": "gaz_via_appia", "interpretationId": "interp_00498", "referenceId": "ref_00427", "page": 174, "chapter": 6, "agentId": "santarella", "role": null, "determination": null, "criticalNote": null, "isRouteNode": "tragitto_frattocchie_ciampino"}, {"targetId": "ca_francesi", "interpretationId": "interp_00499", "referenceId": "ref_00428", "page": 174, "chapter": 6, "agentId": "santarella", "role": null, "determination": null, "criticalNote": null, "isRouteNode": "tragitto_frattocchie_ciampino"}, {"targetId": "gaz_tor_ser_paolo", "interpretationId": "interp_00500", "referenceId": "ref_00429", "page": 174, "chapter": 6, "agentId": "santarella", "role": null, "determination": null, "criticalNote": null, "isRouteNode": "tragitto_frattocchie_ciampino"}, {"targetId": "gaz_ciampino", "interpretationId": "interp_00501", "referenceId": "ref_00430", "page": 174, "chapter": 6, "agentId": "santarella", "role": null, "determination": null, "criticalNote": null, "isRouteNode": "tragitto_frattocchie_ciampino"}, {"targetId": "gaz_ciampino", "interpretationId": "interp_00503", "referenceId": "ref_00432", "page": 175, "chapter": 6, "agentId": "santarella", "role": "Marker", "determination": "Approximate", "criticalNote": null, "isRouteNode": null}, {"targetId": "gaz_santa_palomba", "interpretationId": "interp_00504", "referenceId": "ref_00433", "page": 175, "chapter": 6, "agentId": "santarella", "role": "Marker", "determination": "Approximate", "criticalNote": null, "isRouteNode": null}, {"targetId": "colli_saluberrimi", "interpretationId": "interp_00505", "referenceId": "ref_00434", "page": 176, "chapter": 7, "agentId": "pestalozzi", "role": "ProjectedSpace", "determination": "Relative", "criticalNote": null, "isRouteNode": null}, {"targetId": "gaz_via_lanza", "interpretationId": "interp_00506", "referenceId": "ref_00435", "page": 177, "chapter": 7, "agentId": "ingravallo", "role": "Marker", "determination": "Precise", "criticalNote": null, "isRouteNode": null}, {"targetId": "gaz_via_lanza", "interpretationId": "interp_00507", "referenceId": "ref_00436", "page": 177, "chapter": 7, "agentId": "ingravallo", "role": "Marker", "determination": "Precise", "criticalNote": null, "isRouteNode": null}, {"targetId": "palazzo_del_mappamondo", "interpretationId": "interp_00508", "referenceId": "ref_00437", "page": 177, "chapter": 7, "agentId": "mussolini", "role": "ProjectedSpace", "determination": "Relative", "criticalNote": null, "isRouteNode": null}, {"targetId": "tenenza_carabinieri_marino", "interpretationId": "interp_00509", "referenceId": "ref_00438", "page": 177, "chapter": 7, "agentId": "pestalozzi", "role": "Setting", "determination": "Approximate", "criticalNote": null, "isRouteNode": null}, {"targetId": "gaz_via_del_gesu", "interpretationId": "interp_00510", "referenceId": "ref_00439", "page": 177, "chapter": 7, "agentId": "pestalozzi", "role": "Marker", "determination": "Approximate", "criticalNote": null, "isRouteNode": null}, {"targetId": "gaz_via_del_gesu", "interpretationId": "interp_00511", "referenceId": "ref_00439", "page": 177, "chapter": 7, "agentId": "pompeo", "role": "Marker", "determination": "Approximate", "criticalNote": null, "isRouteNode": null}, {"targetId": "gaz_via_del_gesu", "interpretationId": "interp_00512", "referenceId": "ref_00440", "page": 178, "chapter": 7, "agentId": "pestalozzi", "role": "Marker", "determination": "Approximate", "criticalNote": null, "isRouteNode": null}, {"targetId": "gaz_via_del_gesu", "interpretationId": "interp_00513", "referenceId": "ref_00440", "page": 178, "chapter": 7, "agentId": "pompeo", "role": "Marker", "determination": "Approximate", "criticalNote": null, "isRouteNode": null}, {"targetId": "gaz_santo_stefano_del_cacco_celio_santo_stefano", "interpretationId": "interp_00514", "referenceId": "ref_00441", "page": 178, "chapter": 7, "agentId": "pompeo", "role": "ProjectedSpace", "determination": "Approximate", "criticalNote": null, "isRouteNode": null}, {"targetId": "laboratorio_zamira", "interpretationId": "interp_00515", "referenceId": "ref_00442", "page": 178, "chapter": 7, "agentId": "ines_cionini", "role": "ProjectedSpace", "determination": "Relative", "criticalNote": null, "isRouteNode": null}, {"targetId": "laboratorio_zamira", "interpretationId": "interp_00516", "referenceId": "ref_00442", "page": 178, "chapter": 7, "agentId": "camilla_mattonari", "role": "ProjectedSpace", "determination": "Relative", "criticalNote": null, "isRouteNode": null}, {"targetId": "gaz_santo_stefano_rotondo", "interpretationId": "interp_00517", "referenceId": "ref_00443", "page": 178, "chapter": 7, "agentId": "ines_cionini", "role": "ProjectedSpace", "determination": "Indeterminate", "criticalNote": null, "isRouteNode": null}, {"targetId": "gaz_santo_stefano_rotondo", "interpretationId": "interp_00518", "referenceId": "ref_00443", "page": 178, "chapter": 7, "agentId": "virginia_troddu", "role": "ProjectedSpace", "determination": "Indeterminate", "criticalNote": null, "isRouteNode": null}, {"targetId": "strada_di_campagna_celio", "interpretationId": "interp_00519", "referenceId": "ref_00444", "page": 179, "chapter": 7, "agentId": "ines_cionini", "role": "ProjectedSpace", "determination": "Relative", "criticalNote": null, "isRouteNode": null}, {"targetId": "strada_di_campagna_celio", "interpretationId": "interp_00520", "referenceId": "ref_00444", "page": 179, "chapter": 7, "agentId": "virginia_troddu", "role": "ProjectedSpace", "determination": "Relative", "criticalNote": null, "isRouteNode": null}, {"targetId": "gaz_via_di_san_paolo_della_croce", "interpretationId": "interp_00521", "referenceId": "ref_00445", "page": 180, "chapter": 7, "agentId": "ines_cionini", "role": "ProjectedSpace", "determination": "Relative", "criticalNote": null, "isRouteNode": null}, {"targetId": "gaz_via_di_san_paolo_della_croce", "interpretationId": "interp_00522", "referenceId": "ref_00445", "page": 180, "chapter": 7, "agentId": "virginia_troddu", "role": "ProjectedSpace", "determination": "Relative", "criticalNote": null, "isRouteNode": null}, {"targetId": "gaz_via_della_navicella", "interpretationId": "interp_00523", "referenceId": "ref_00446", "page": 180, "chapter": 7, "agentId": "ines_cionini", "role": "ProjectedSpace", "determination": "Relative", "criticalNote": null, "isRouteNode": null}, {"targetId": "gaz_via_della_navicella", "interpretationId": "interp_00524", "referenceId": "ref_00446", "page": 180, "chapter": 7, "agentId": "virginia_troddu", "role": "ProjectedSpace", "determination": "Relative", "criticalNote": null, "isRouteNode": null}, {"targetId": "gaz_via_di_santo_stefano_rotondo", "interpretationId": "interp_00525", "referenceId": "ref_00447", "page": 180, "chapter": 7, "agentId": "ines_cionini", "role": "ProjectedSpace", "determination": "Relative", "criticalNote": null, "isRouteNode": null}, {"targetId": "gaz_via_di_santo_stefano_rotondo", "interpretationId": "interp_00526", "referenceId": "ref_00447", "page": 180, "chapter": 7, "agentId": "virginia_troddu", "role": "ProjectedSpace", "determination": "Relative", "criticalNote": null, "isRouteNode": null}, {"targetId": "gaz_santa_maria_in_domnica", "interpretationId": "interp_00527", "referenceId": "ref_00448", "page": 180, "chapter": 7, "agentId": "ines_cionini", "role": "ProjectedSpace", "determination": "Relative", "criticalNote": null, "isRouteNode": null}, {"targetId": "gaz_santa_maria_in_domnica", "interpretationId": "interp_00528", "referenceId": "ref_00448", "page": 180, "chapter": 7, "agentId": "virginia_troddu", "role": "ProjectedSpace", "determination": "Relative", "criticalNote": null, "isRouteNode": null}, {"targetId": "gaz_santa_maria_in_domnica", "interpretationId": "interp_00529", "referenceId": "ref_00449", "page": 180, "chapter": 7, "agentId": "ines_cionini", "role": "ProjectedSpace", "determination": "Relative", "criticalNote": null, "isRouteNode": null}, {"targetId": "gaz_santa_maria_in_domnica", "interpretationId": "interp_00530", "referenceId": "ref_00449", "page": 180, "chapter": 7, "agentId": "virginia_troddu", "role": "ProjectedSpace", "determination": "Relative", "criticalNote": null, "isRouteNode": null}, {"targetId": "gaz_tempio_di_agrippa", "interpretationId": "interp_00531", "referenceId": "ref_00450", "page": 180, "chapter": 7, "agentId": "ines_cionini", "role": "ProjectedSpace", "determination": "Indeterminate", "criticalNote": null, "isRouteNode": null}, {"targetId": "gaz_tempio_di_agrippa", "interpretationId": "interp_00532", "referenceId": "ref_00450", "page": 180, "chapter": 7, "agentId": "virginia_troddu", "role": "ProjectedSpace", "determination": "Indeterminate", "criticalNote": null, "isRouteNode": null}, {"targetId": "gaz_santo_stefano_rotondo", "interpretationId": "interp_00533", "referenceId": "ref_00451", "page": 180, "chapter": 7, "agentId": "ines_cionini", "role": "ProjectedSpace", "determination": "Precise", "criticalNote": null, "isRouteNode": null}, {"targetId": "gaz_santo_stefano_rotondo", "interpretationId": "interp_00534", "referenceId": "ref_00451", "page": 180, "chapter": 7, "agentId": "virginia_troddu", "role": "ProjectedSpace", "determination": "Precise", "criticalNote": null, "isRouteNode": null}, {"targetId": "gaz_due_santi", "interpretationId": "interp_00535", "referenceId": "ref_00452", "page": 180, "chapter": 7, "agentId": "ines_cionini", "role": "ProjectedSpace", "determination": "Relative", "criticalNote": null, "isRouteNode": null}, {"targetId": "gaz_traforo", "interpretationId": "interp_00536", "referenceId": "ref_00453", "page": 181, "chapter": 7, "agentId": "ines_cionini", "role": "ProjectedSpace", "determination": "Approximate", "criticalNote": null, "isRouteNode": null}, {"targetId": "gaz_traforo", "interpretationId": "interp_00537", "referenceId": "ref_00453", "page": 181, "chapter": 7, "agentId": "diomede", "role": "ProjectedSpace", "determination": "Approximate", "criticalNote": null, "isRouteNode": null}, {"targetId": "gaz_monti", "interpretationId": "interp_00538", "referenceId": "ref_00454", "page": 182, "chapter": 7, "agentId": "diomede", "role": null, "determination": null, "criticalNote": null, "isRouteNode": "tragitto_monti_piazza_esedra"}, {"targetId": "gaz_trastevere", "interpretationId": "interp_00539", "referenceId": "ref_00455", "page": 182, "chapter": 7, "agentId": "diomede", "role": null, "determination": null, "criticalNote": null, "isRouteNode": "tragitto_monti_piazza_esedra"}, {"targetId": "gaz_piazza_colonna", "interpretationId": "interp_00540", "referenceId": "ref_00456", "page": 182, "chapter": 7, "agentId": "diomede", "role": null, "determination": null, "criticalNote": null, "isRouteNode": "tragitto_monti_piazza_esedra"}, {"targetId": "gaz_piazza_esedra", "interpretationId": "interp_00541", "referenceId": "ref_00457", "page": 182, "chapter": 7, "agentId": "diomede", "role": null, "determination": null, "criticalNote": null, "isRouteNode": "tragitto_monti_piazza_esedra"}, {"targetId": "gaz_via_veneto", "interpretationId": "interp_00543", "referenceId": "ref_00459", "page": 182, "chapter": 7, "agentId": "diomede", "role": "ProjectedSpace", "determination": "Approximate", "criticalNote": null, "isRouteNode": null}, {"targetId": "gaz_via_ludovisi", "interpretationId": "interp_00544", "referenceId": "ref_00460", "page": 182, "chapter": 7, "agentId": "diomede", "role": "ProjectedSpace", "determination": "Approximate", "criticalNote": null, "isRouteNode": null}, {"targetId": "gaz_rocca_savella", "interpretationId": "interp_00545", "referenceId": "ref_00461", "page": 185, "chapter": 7, "agentId": "diomede", "role": "ProjectedSpace", "determination": "Approximate", "criticalNote": null, "isRouteNode": null}, {"targetId": "gaz_rocca_savella", "interpretationId": "interp_00546", "referenceId": "ref_00461", "page": 185, "chapter": 7, "agentId": "ines_cionini", "role": "ProjectedSpace", "determination": "Approximate", "criticalNote": null, "isRouteNode": null}, {"targetId": "gaz_rocca_savella", "interpretationId": "interp_00547", "referenceId": "ref_00462", "page": 185, "chapter": 7, "agentId": "diomede", "role": "ProjectedSpace", "determination": "Approximate", "criticalNote": null, "isRouteNode": null}, {"targetId": "gaz_rocca_savella", "interpretationId": "interp_00548", "referenceId": "ref_00462", "page": 185, "chapter": 7, "agentId": "ines_cionini", "role": "ProjectedSpace", "determination": "Approximate", "criticalNote": null, "isRouteNode": null}, {"targetId": "gaz_prati", "interpretationId": "interp_00549", "referenceId": "ref_00463", "page": 187, "chapter": 7, "agentId": "ines_cionini", "role": "ProjectedSpace", "determination": "Indeterminate", "criticalNote": null, "isRouteNode": null}, {"targetId": "gaz_via_boncompagni", "interpretationId": "interp_00550", "referenceId": "ref_00464", "page": 189, "chapter": 7, "agentId": "americana_inglese", "role": "ProjectedSpace", "determination": "Relative", "criticalNote": null, "isRouteNode": null}, {"targetId": "gaz_via_veneto", "interpretationId": "interp_00551", "referenceId": "ref_00465", "page": 189, "chapter": 7, "agentId": "americana_inglese", "role": "ProjectedSpace", "determination": "Relative", "criticalNote": null, "isRouteNode": null}, {"targetId": "pensione_burgess", "interpretationId": "interp_00552", "referenceId": "ref_00466", "page": 189, "chapter": 7, "agentId": "americana_inglese", "role": "ProjectedSpace", "determination": "Relative", "criticalNote": null, "isRouteNode": null}, {"targetId": "pensione_burgess", "interpretationId": "interp_00553", "referenceId": "ref_00467", "page": 189, "chapter": 7, "agentId": "pompeo", "role": "ProjectedSpace", "determination": "Relative", "criticalNote": null, "isRouteNode": null}, {"targetId": "gaz_via_veneto", "interpretationId": "interp_00554", "referenceId": "ref_00468", "page": 189, "chapter": 7, "agentId": "pompeo", "role": "ProjectedSpace", "determination": "Approximate", "criticalNote": null, "isRouteNode": null}, {"targetId": "gaz_molo_beverello", "interpretationId": "interp_00555", "referenceId": "ref_00469", "page": 190, "chapter": 7, "agentId": "americana_inglese", "role": "ProjectedSpace", "determination": "Relative", "criticalNote": null, "isRouteNode": null}, {"targetId": "gaz_molo_beverello", "interpretationId": "interp_00556", "referenceId": "ref_00470", "page": 190, "chapter": 7, "agentId": "americana_inglese", "role": "ProjectedSpace", "determination": "Relative", "criticalNote": null, "isRouteNode": null}, {"targetId": "gaz_basilica_dei_frari", "interpretationId": "interp_00557", "referenceId": "ref_00471", "page": 191, "chapter": 7, "agentId": "dottor_fumi", "role": "ProjectedSpace", "determination": "Approximate", "criticalNote": null, "isRouteNode": null}, {"targetId": "gaz_calabria", "interpretationId": "interp_00558", "referenceId": "ref_00472", "page": 192, "chapter": 7, "agentId": "ingravallo", "role": "ProjectedSpace", "determination": "Relative", "criticalNote": null, "isRouteNode": null}, {"targetId": "gaz_sardegna", "interpretationId": "interp_00559", "referenceId": "ref_00473", "page": 192, "chapter": 7, "agentId": "ingravallo", "role": "ProjectedSpace", "determination": "Relative", "criticalNote": null, "isRouteNode": null}, {"targetId": "monte_circeo", "interpretationId": "interp_00560", "referenceId": "ref_00474", "page": 192, "chapter": 7, "agentId": "ingravallo", "role": "ProjectedSpace", "determination": "Relative", "criticalNote": null, "isRouteNode": null}, {"targetId": "gaz_reggio_calabria", "interpretationId": "interp_00561", "referenceId": "ref_00475", "page": 192, "chapter": 7, "agentId": "ingravallo", "role": "ProjectedSpace", "determination": "Relative", "criticalNote": null, "isRouteNode": null}, {"targetId": "gaz_sassari", "interpretationId": "interp_00562", "referenceId": "ref_00476", "page": 192, "chapter": 7, "agentId": "ingravallo", "role": "ProjectedSpace", "determination": "Relative", "criticalNote": null, "isRouteNode": null}, {"targetId": "gaz_civitavecchia", "interpretationId": "interp_00563", "referenceId": "ref_00477", "page": 192, "chapter": 7, "agentId": "ingravallo", "role": "ProjectedSpace", "determination": "Relative", "criticalNote": null, "isRouteNode": null}, {"targetId": "gaz_tor_ser_paolo", "interpretationId": "interp_00564", "referenceId": "ref_00478", "page": 193, "chapter": 7, "agentId": "ines_cionini", "role": "ProjectedSpace", "determination": "Relative", "criticalNote": null, "isRouteNode": null}, {"targetId": "gaz_tor_ser_paolo", "interpretationId": "interp_00565", "referenceId": "ref_00478", "page": 193, "chapter": 7, "agentId": "diomede", "role": "ProjectedSpace", "determination": "Relative", "criticalNote": null, "isRouteNode": null}, {"targetId": "casa_del_butiro", "interpretationId": "interp_00566", "referenceId": "ref_00479", "page": 193, "chapter": 7, "agentId": "ines_cionini", "role": "ProjectedSpace", "determination": "Relative", "criticalNote": null, "isRouteNode": null}, {"targetId": "casa_del_butiro", "interpretationId": "interp_00567", "referenceId": "ref_00479", "page": 193, "chapter": 7, "agentId": "diomede", "role": "ProjectedSpace", "determination": "Relative", "criticalNote": null, "isRouteNode": null}, {"targetId": "gaz_due_santi", "interpretationId": "interp_00568", "referenceId": "ref_00480", "page": 197, "chapter": 7, "agentId": "diomede", "role": "ProjectedSpace", "determination": "Approximate", "criticalNote": null, "isRouteNode": null}, {"targetId": "gaz_due_santi", "interpretationId": "interp_00569", "referenceId": "ref_00480", "page": 197, "chapter": 7, "agentId": "pestalozzi", "role": "ProjectedSpace", "determination": "Approximate", "criticalNote": null, "isRouteNode": null}, {"targetId": "gaz_termini", "interpretationId": "interp_00570", "referenceId": "ref_00481", "page": 199, "chapter": 7, "agentId": "contessa_veneziana", "role": "ProjectedSpace", "determination": "Indeterminate", "criticalNote": null, "isRouteNode": null}, {"targetId": "gaz_termini", "interpretationId": "interp_00571", "referenceId": "ref_00481", "page": 199, "chapter": 7, "agentId": "diomede", "role": "ProjectedSpace", "determination": "Indeterminate", "criticalNote": null, "isRouteNode": null}, {"targetId": "gaz_piazza_vittorio_emanuele", "interpretationId": "interp_00572", "referenceId": "ref_00482", "page": 199, "chapter": 7, "agentId": "contessa_veneziana", "role": "ProjectedSpace", "determination": "Indeterminate", "criticalNote": null, "isRouteNode": null}, {"targetId": "gaz_piazza_vittorio_emanuele", "interpretationId": "interp_00573", "referenceId": "ref_00482", "page": 199, "chapter": 7, "agentId": "diomede", "role": "ProjectedSpace", "determination": "Indeterminate", "criticalNote": null, "isRouteNode": null}, {"targetId": "gaz_via_merulana", "interpretationId": "interp_00574", "referenceId": "ref_00483", "page": 199, "chapter": 7, "agentId": "contessa_veneziana", "role": "ProjectedSpace", "determination": "Indeterminate", "criticalNote": null, "isRouteNode": null}, {"targetId": "gaz_via_merulana", "interpretationId": "interp_00575", "referenceId": "ref_00483", "page": 199, "chapter": 7, "agentId": "diomede", "role": "ProjectedSpace", "determination": "Indeterminate", "criticalNote": null, "isRouteNode": null}, {"targetId": "gaz_piazza_san_giovanni", "interpretationId": "interp_00576", "referenceId": "ref_00484", "page": 199, "chapter": 7, "agentId": "contessa_veneziana", "role": "ProjectedSpace", "determination": "Indeterminate", "criticalNote": null, "isRouteNode": null}, {"targetId": "gaz_piazza_san_giovanni", "interpretationId": "interp_00577", "referenceId": "ref_00484", "page": 199, "chapter": 7, "agentId": "diomede", "role": "ProjectedSpace", "determination": "Indeterminate", "criticalNote": null, "isRouteNode": null}, {"targetId": "piccarozzi", "interpretationId": "interp_00578", "referenceId": "ref_00485", "page": 199, "chapter": 7, "agentId": "diomede", "role": "ProjectedSpace", "determination": "Relative", "criticalNote": null, "isRouteNode": null}, {"targetId": "gaz_acqua_pia_antica_marcia", "interpretationId": "interp_00579", "referenceId": "ref_00486", "page": 199, "chapter": 7, "agentId": "diomede", "role": "ProjectedSpace", "determination": "Approximate", "criticalNote": null, "isRouteNode": null}, {"targetId": "gaz_fontanella_di_borghese", "interpretationId": "interp_00580", "referenceId": "ref_00487", "page": 199, "chapter": 7, "agentId": "diomede", "role": "ProjectedSpace", "determination": "Approximate", "criticalNote": null, "isRouteNode": null}, {"targetId": "gaz_ripetta", "interpretationId": "interp_00581", "referenceId": "ref_00488", "page": 200, "chapter": 7, "agentId": "diomede", "role": "ProjectedSpace", "determination": "Relative", "criticalNote": null, "isRouteNode": null}, {"targetId": "gaz_ripetta", "interpretationId": "interp_00582", "referenceId": "ref_00489", "page": 200, "chapter": 7, "agentId": "diomede", "role": "ProjectedSpace", "determination": "Approximate", "criticalNote": null, "isRouteNode": null}, {"targetId": "gaz_quattro_cantoni", "interpretationId": "interp_00583", "referenceId": "ref_00490", "page": 200, "chapter": 7, "agentId": "diomede", "role": "ProjectedSpace", "determination": "Approximate", "criticalNote": null, "isRouteNode": null}, {"targetId": "gaz_quattro_cantoni", "interpretationId": "interp_00584", "referenceId": "ref_00491", "page": 200, "chapter": 7, "agentId": "diomede", "role": "ProjectedSpace", "determination": "Relative", "criticalNote": null, "isRouteNode": null}, {"targetId": "gaz_san_carlo_alle_quattro_fontane", "interpretationId": "interp_00585", "referenceId": "ref_00491", "page": 200, "chapter": 7, "agentId": "diomede", "role": "ProjectedSpace", "determination": "Relative", "criticalNote": null, "isRouteNode": null}, {"targetId": "gaz_san_carlo_alle_quattro_fontane", "interpretationId": "interp_00586", "referenceId": "ref_00492", "page": 200, "chapter": 7, "agentId": "diomede", "role": "ProjectedSpace", "determination": "Approximate", "criticalNote": null, "isRouteNode": null}, {"targetId": "gaz_via_della_vite", "interpretationId": "interp_00587", "referenceId": "ref_00493", "page": 200, "chapter": 7, "agentId": "diomede", "role": "ProjectedSpace", "determination": "Relative", "criticalNote": null, "isRouteNode": null}, {"targetId": "buco_a_santignazio", "interpretationId": "interp_00588", "referenceId": "ref_00494", "page": 200, "chapter": 7, "agentId": "diomede", "role": "ProjectedSpace", "determination": "Relative", "criticalNote": null, "isRouteNode": null}, {"targetId": "gaz_villa_borghese", "interpretationId": "interp_00589", "referenceId": "ref_00495", "page": 201, "chapter": 7, "agentId": "diomede", "role": "ProjectedSpace", "determination": "Relative", "criticalNote": null, "isRouteNode": null}, {"targetId": "gaz_via_veneto", "interpretationId": "interp_00590", "referenceId": "ref_00496", "page": 201, "chapter": 7, "agentId": "diomede", "role": "ProjectedSpace", "determination": "Approximate", "criticalNote": null, "isRouteNode": null}, {"targetId": "gaz_porta_pinciana", "interpretationId": "interp_00591", "referenceId": "ref_00497", "page": 201, "chapter": 7, "agentId": "diomede", "role": "ProjectedSpace", "determination": "Approximate", "criticalNote": null, "isRouteNode": null}, {"targetId": "gaz_porta_pinciana", "interpretationId": "interp_00592", "referenceId": "ref_00498", "page": 201, "chapter": 7, "agentId": "diomede", "role": "ProjectedSpace", "determination": "Approximate", "criticalNote": null, "isRouteNode": null}, {"targetId": "gaz_villa_borghese", "interpretationId": "interp_00593", "referenceId": "ref_00499", "page": 201, "chapter": 7, "agentId": "diomede", "role": "ProjectedSpace", "determination": "Relative", "criticalNote": null, "isRouteNode": null}, {"targetId": "gaz_pincio", "interpretationId": "interp_00594", "referenceId": "ref_00500", "page": 201, "chapter": 7, "agentId": "diomede", "role": "ProjectedSpace", "determination": "Approximate", "criticalNote": null, "isRouteNode": null}, {"targetId": "gaz_bottaro", "interpretationId": "interp_00595", "referenceId": "ref_00501", "page": 201, "chapter": 7, "agentId": "diomede", "role": "ProjectedSpace", "determination": "Relative", "criticalNote": null, "isRouteNode": null}, {"targetId": "gaz_via_panisperna", "interpretationId": "interp_00596", "referenceId": "ref_00502", "page": 201, "chapter": 7, "agentId": "diomede", "role": "ProjectedSpace", "determination": "Approximate", "criticalNote": null, "isRouteNode": null}, {"targetId": "palazzo_219", "interpretationId": "interp_00597", "referenceId": "ref_00503", "page": 203, "chapter": 7, "agentId": "ascanio_lanciani", "role": "ProjectedSpace", "determination": "Relative", "criticalNote": null, "isRouteNode": null}, {"targetId": "gaz_piazza_vittorio_emanuele", "interpretationId": "interp_00598", "referenceId": "ref_00504", "page": 204, "chapter": 7, "agentId": "ascanio_lanciani", "role": "ProjectedSpace", "determination": "Approximate", "criticalNote": null, "isRouteNode": null}, {"targetId": "gaz_piazza_vittorio_emanuele", "interpretationId": "interp_00599", "referenceId": "ref_00504", "page": 204, "chapter": 7, "agentId": "ines_cionini", "role": "ProjectedSpace", "determination": "Approximate", "criticalNote": null, "isRouteNode": null}, {"targetId": "gaz_santa_maria_maggiore", "interpretationId": "interp_00600", "referenceId": "ref_00505", "page": 204, "chapter": 7, "agentId": "ascanio_lanciani", "role": "ProjectedSpace", "determination": "Approximate", "criticalNote": null, "isRouteNode": null}, {"targetId": "gaz_santa_maria_maggiore", "interpretationId": "interp_00601", "referenceId": "ref_00505", "page": 204, "chapter": 7, "agentId": "ines_cionini", "role": "ProjectedSpace", "determination": "Approximate", "criticalNote": null, "isRouteNode": null}, {"targetId": "gaz_piazza_vittorio_emanuele", "interpretationId": "interp_00602", "referenceId": "ref_00506", "page": 205, "chapter": 7, "agentId": "ascanio_lanciani", "role": "ProjectedSpace", "determination": "Approximate", "criticalNote": null, "isRouteNode": null}, {"targetId": "tenenza_carabinieri_marino", "interpretationId": "interp_00603", "referenceId": "ref_00507", "page": 206, "chapter": 8, "agentId": "pestalozzi", "role": null, "determination": null, "criticalNote": null, "isRouteNode": "tragitto_marino_due_santi"}, {"targetId": "laboratorio_zamira", "interpretationId": "interp_00604", "referenceId": "ref_00508", "page": 206, "chapter": 8, "agentId": "pestalozzi", "role": null, "determination": null, "criticalNote": null, "isRouteNode": "tragitto_marino_due_santi"}, {"targetId": "laboratorio_zamira", "interpretationId": "interp_00606", "referenceId": "ref_00510", "page": 207, "chapter": 8, "agentId": "pestalozzi", "role": "ProjectedSpace", "determination": "Approximate", "criticalNote": null, "isRouteNode": null}, {"targetId": "laboratorio_zamira", "interpretationId": "interp_00607", "referenceId": "ref_00510", "page": 207, "chapter": 8, "agentId": "santarella", "role": "ProjectedSpace", "determination": "Approximate", "criticalNote": null, "isRouteNode": null}, {"targetId": "casuccia_zamira", "interpretationId": "interp_00608", "referenceId": "ref_00511", "page": 207, "chapter": 8, "agentId": "pestalozzi", "role": "ProjectedSpace", "determination": "Approximate", "criticalNote": null, "isRouteNode": null}, {"targetId": "casuccia_zamira", "interpretationId": "interp_00609", "referenceId": "ref_00511", "page": 207, "chapter": 8, "agentId": "santarella", "role": "ProjectedSpace", "determination": "Approximate", "criticalNote": null, "isRouteNode": null}, {"targetId": "gaz_santa_margherita_in_abitacolo", "interpretationId": "interp_00610", "referenceId": "ref_00512", "page": 207, "chapter": 8, "agentId": "santarella", "role": "ProjectedSpace", "determination": "Approximate", "criticalNote": null, "isRouteNode": null}, {"targetId": "gaz_santa_margherita_in_abitacolo", "interpretationId": "interp_00611", "referenceId": "ref_00512", "page": 207, "chapter": 8, "agentId": "clelia_farcioni", "role": "ProjectedSpace", "determination": "Approximate", "criticalNote": "Giorgio Pinotti identifica esplicitamente la sequenza: «è stata Clelia Farcioni a fare la spia col maresciallo Santarella» nell’incontro di Santa Margherita in Abitacolo. Giorgio Pinotti, “Liliana Balducci e il suo boja?”, (Edinburgh Journal of Gadda Studies)", "isRouteNode": null}, {"targetId": "ditta_ciurlani", "interpretationId": "interp_00612", "referenceId": "ref_00513", "page": 207, "chapter": 8, "agentId": "zamira_pacori", "role": "ProjectedSpace", "determination": "Relative", "criticalNote": null, "isRouteNode": null}, {"targetId": "laboratorio_zamira", "interpretationId": "interp_00613", "referenceId": "ref_00514", "page": 208, "chapter": 8, "agentId": "nipotine_zamira", "role": "ProjectedSpace", "determination": "Approximate", "criticalNote": null, "isRouteNode": null}, {"targetId": "laboratorio_zamira", "interpretationId": "interp_00614", "referenceId": "ref_00514", "page": 208, "chapter": 8, "agentId": "zamira_pacori", "role": "ProjectedSpace", "determination": "Approximate", "criticalNote": null, "isRouteNode": null}, {"targetId": "laboratorio_zamira", "interpretationId": "interp_00615", "referenceId": "ref_00514", "page": 208, "chapter": 8, "agentId": "santarella", "role": "ProjectedSpace", "determination": "Approximate", "criticalNote": null, "isRouteNode": null}, {"targetId": "laboratorio_zamira", "interpretationId": "interp_00616", "referenceId": "ref_00514", "page": 208, "chapter": 8, "agentId": "pestalozzi", "role": "ProjectedSpace", "determination": "Approximate", "criticalNote": null, "isRouteNode": null}, {"targetId": "tenenza_carabinieri_marino", "interpretationId": "interp_00617", "referenceId": "ref_00515", "page": 208, "chapter": 8, "agentId": "pestalozzi", "role": null, "determination": null, "criticalNote": null, "isRouteNode": "tragitto_tenenza_due_santi"}, {"targetId": "tenenza_carabinieri_marino", "interpretationId": "interp_00618", "referenceId": "ref_00515", "page": 208, "chapter": 8, "agentId": "cocullo", "role": null, "determination": null, "criticalNote": null, "isRouteNode": "tragitto_tenenza_due_santi"}, {"targetId": "porta_borgo_marino", "interpretationId": "interp_00619", "referenceId": "ref_00516", "page": 210, "chapter": 8, "agentId": "pestalozzi", "role": null, "determination": null, "criticalNote": null, "isRouteNode": "tragitto_tenenza_due_santi"}, {"targetId": "porta_borgo_marino", "interpretationId": "interp_00620", "referenceId": "ref_00516", "page": 210, "chapter": 8, "agentId": "cocullo", "role": "Marker", "determination": "Approximate", "criticalNote": null, "isRouteNode": "tragitto_tenenza_due_santi"}, {"targetId": "gaz_via_appia", "interpretationId": "interp_00621", "referenceId": "ref_00517", "page": 210, "chapter": 8, "agentId": "pestalozzi", "role": "Marker", "determination": "Approximate", "criticalNote": null, "isRouteNode": "tragitto_tenenza_due_santi"}, {"targetId": "gaz_via_appia", "interpretationId": "interp_00622", "referenceId": "ref_00517", "page": 210, "chapter": 8, "agentId": "cocullo", "role": "Marker", "determination": "Approximate", "criticalNote": null, "isRouteNode": "tragitto_tenenza_due_santi"}, {"targetId": "gaz_monte_algido", "interpretationId": "interp_00623", "referenceId": "ref_00518", "page": 210, "chapter": 8, "agentId": "pestalozzi", "role": "Marker", "determination": "Precise", "criticalNote": null, "isRouteNode": null}, {"targetId": "gaz_monti_carseolani", "interpretationId": "interp_00624", "referenceId": "ref_00519", "page": 210, "chapter": 8, "agentId": "pestalozzi", "role": "Marker", "determination": "Precise", "criticalNote": null, "isRouteNode": null}, {"targetId": "gaz_monte_velino", "interpretationId": "interp_00625", "referenceId": "ref_00520", "page": 210, "chapter": 8, "agentId": "pestalozzi", "role": "Marker", "determination": "Precise", "criticalNote": null, "isRouteNode": null}, {"targetId": "gaz_monte_soratte", "interpretationId": "interp_00626", "referenceId": "ref_00521", "page": 210, "chapter": 8, "agentId": "pestalozzi", "role": "Marker", "determination": "Precise", "criticalNote": null, "isRouteNode": null}, {"targetId": "gaz_carsoli", "interpretationId": "interp_00627", "referenceId": "ref_00522", "page": 210, "chapter": 8, "agentId": "pestalozzi", "role": "Marker", "determination": "Approximate", "criticalNote": null, "isRouteNode": null}, {"targetId": "gaz_tivoli", "interpretationId": "interp_00628", "referenceId": "ref_00523", "page": 210, "chapter": 8, "agentId": "pestalozzi", "role": "Marker", "determination": "Approximate", "criticalNote": null, "isRouteNode": null}, {"targetId": "montagne_degli_equi", "interpretationId": "interp_00629", "referenceId": "ref_00524", "page": 210, "chapter": 8, "agentId": "pestalozzi", "role": "Marker", "determination": "Relative", "criticalNote": null, "isRouteNode": null}, {"targetId": "gaz_monte_velino", "interpretationId": "interp_00630", "referenceId": "ref_00525", "page": 210, "chapter": 8, "agentId": "pestalozzi", "role": "Marker", "determination": "Approximate", "criticalNote": null, "isRouteNode": null}, {"targetId": "gaz_marsica", "interpretationId": "interp_00631", "referenceId": "ref_00526", "page": 210, "chapter": 8, "agentId": "pestalozzi", "role": "Marker", "determination": "Approximate", "criticalNote": null, "isRouteNode": null}, {"targetId": "gaz_fiumicino", "interpretationId": "interp_00632", "referenceId": "ref_00527", "page": 210, "chapter": 8, "agentId": "pestalozzi", "role": "Marker", "determination": "Approximate", "criticalNote": null, "isRouteNode": null}, {"targetId": "gaz_ladispoli", "interpretationId": "interp_00633", "referenceId": "ref_00528", "page": 210, "chapter": 8, "agentId": "pestalozzi", "role": "Marker", "determination": "Approximate", "criticalNote": null, "isRouteNode": null}, {"targetId": "gaz_fontana_di_papa", "interpretationId": "interp_00634", "referenceId": "ref_00529", "page": 211, "chapter": 8, "agentId": "pestalozzi", "role": null, "determination": null, "criticalNote": "Emilio Manzotti, nel commento analitico all’VIII capitolo, annota esplicitamente:\n«verso la Fontana»: le poche case di Fontana di Papa, sull’Anziatina, a una decina di chilometri dalle Frattocchie verso sud.\nManzotti ricava l’identificazione dalla guida del Touring Italia centrale I, p. 561, una delle fonti topografiche impiegate da Gadda. Emilio Manzotti, «Era l’alba, e più», nota al rigo 135 (EJGS)", "isRouteNode": "tragitto_tenenza_due_santi"}, {"targetId": "gaz_fontana_di_papa", "interpretationId": "interp_00635", "referenceId": "ref_00529", "page": 211, "chapter": 8, "agentId": "cocullo", "role": null, "determination": null, "criticalNote": null, "isRouteNode": "tragitto_tenenza_due_santi"}, {"targetId": "gaz_porta_san_paolo", "interpretationId": "interp_00636", "referenceId": "ref_00530", "page": 211, "chapter": 8, "agentId": "pestalozzi", "role": "Marker", "determination": "Approximate", "criticalNote": null, "isRouteNode": null}, {"targetId": "gaz_piazza_san_pietro", "interpretationId": "interp_00637", "referenceId": "ref_00531", "page": 211, "chapter": 8, "agentId": "pestalozzi", "role": "Marker", "determination": "Relative", "criticalNote": null, "isRouteNode": null}, {"targetId": "gaz_acquedotto_claudio", "interpretationId": "interp_00638", "referenceId": "ref_00532", "page": 211, "chapter": 8, "agentId": "pestalozzi", "role": "Marker", "determination": "Approximate", "criticalNote": null, "isRouteNode": null}, {"targetId": "gaz_due_santi", "interpretationId": "interp_00639", "referenceId": "ref_00533", "page": 211, "chapter": 8, "agentId": "pestalozzi", "role": "ProjectedSpace", "determination": "Approximate", "criticalNote": null, "isRouteNode": null}, {"targetId": "gaz_due_santi", "interpretationId": "interp_00640", "referenceId": "ref_00533", "page": 211, "chapter": 8, "agentId": "cocullo", "role": "ProjectedSpace", "determination": "Approximate", "criticalNote": null, "isRouteNode": null}, {"targetId": "gaz_casal_bruciato", "interpretationId": "interp_00641", "referenceId": "ref_00534", "page": 212, "chapter": 8, "agentId": "pestalozzi", "role": "ProjectedSpace", "determination": "Indeterminate", "criticalNote": null, "isRouteNode": null}, {"targetId": "gaz_direttissima_roma_napoli", "interpretationId": "interp_00642", "referenceId": "ref_00535", "page": 212, "chapter": 8, "agentId": "pestalozzi", "role": "ProjectedSpace", "determination": "Indeterminate", "criticalNote": null, "isRouteNode": null}, {"targetId": "gaz_campo_morto", "interpretationId": "interp_00643", "referenceId": "ref_00536", "page": 212, "chapter": 8, "agentId": "pestalozzi", "role": "ProjectedSpace", "determination": "Indeterminate", "criticalNote": null, "isRouteNode": null}, {"targetId": "monte_circeo", "interpretationId": "interp_00644", "referenceId": "ref_00537", "page": 213, "chapter": 8, "agentId": "pestalozzi", "role": "ProjectedSpace", "determination": "Indeterminate", "criticalNote": null, "isRouteNode": null}, {"targetId": "castel_porcano", "interpretationId": "interp_00645", "referenceId": "ref_00538", "page": 213, "chapter": 8, "agentId": "pestalozzi", "role": "ProjectedSpace", "determination": "Indeterminate", "criticalNote": null, "isRouteNode": null}, {"targetId": "castel_porcano", "interpretationId": "interp_00646", "referenceId": "ref_00539", "page": 213, "chapter": 8, "agentId": "pestalozzi", "role": "ProjectedSpace", "determination": "Indeterminate", "criticalNote": null, "isRouteNode": null}, {"targetId": "gaz_due_santi", "interpretationId": "interp_00647", "referenceId": "ref_00540", "page": 215, "chapter": 8, "agentId": "pestalozzi", "role": "ProjectedSpace", "determination": "Approximate", "criticalNote": null, "isRouteNode": null}, {"targetId": "gaz_due_santi", "interpretationId": "interp_00648", "referenceId": "ref_00540", "page": 215, "chapter": 8, "agentId": "cocullo", "role": "ProjectedSpace", "determination": "Approximate", "criticalNote": null, "isRouteNode": null}, {"targetId": "gaz_monti_ernici", "interpretationId": "interp_00649", "referenceId": "ref_00541", "page": 215, "chapter": 8, "agentId": "pestalozzi", "role": "Marker", "determination": "Relative", "criticalNote": null, "isRouteNode": null}, {"targetId": "gaz_monti_simbruini", "interpretationId": "interp_00650", "referenceId": "ref_00542", "page": 215, "chapter": 8, "agentId": "pestalozzi", "role": "Marker", "determination": "Relative", "criticalNote": null, "isRouteNode": null}, {"targetId": "gaz_due_santi", "interpretationId": "interp_00651", "referenceId": "ref_00543", "page": 215, "chapter": 8, "agentId": "pestalozzi", "role": null, "determination": null, "criticalNote": null, "isRouteNode": "tragitto_tenenza_due_santi"}, {"targetId": "gaz_due_santi", "interpretationId": "interp_00652", "referenceId": "ref_00543", "page": 215, "chapter": 8, "agentId": "cocullo", "role": null, "determination": null, "criticalNote": null, "isRouteNode": "tragitto_tenenza_due_santi"}, {"targetId": "gaz_via_appia", "interpretationId": "interp_00655", "referenceId": "ref_00545", "page": 216, "chapter": 8, "agentId": "narrator", "role": "Marker", "determination": "Relative", "criticalNote": null, "isRouteNode": null}, {"targetId": "gaz_albano_laziale", "interpretationId": "interp_00656", "referenceId": "ref_00546", "page": 216, "chapter": 8, "agentId": "narrator", "role": "Marker", "determination": "Relative", "criticalNote": null, "isRouteNode": null}, {"targetId": "laboratorio_zamira", "interpretationId": "interp_00657", "referenceId": "ref_00547", "page": 216, "chapter": 8, "agentId": "narrator", "role": "Setting", "determination": "Precise", "criticalNote": null, "isRouteNode": null}, {"targetId": "gaz_via_appia", "interpretationId": "interp_00658", "referenceId": "ref_00548", "page": 216, "chapter": 8, "agentId": "narrator", "role": "Marker", "determination": "Relative", "criticalNote": null, "isRouteNode": null}, {"targetId": "orto_vigna_due_santi", "interpretationId": "interp_00659", "referenceId": "ref_00549", "page": 216, "chapter": 8, "agentId": "narrator", "role": "Marker", "determination": "Indeterminate", "criticalNote": null, "isRouteNode": null}, {"targetId": "edicola_due_santi", "interpretationId": "interp_00660", "referenceId": "ref_00550", "page": 216, "chapter": 8, "agentId": "narrator", "role": "Marker", "determination": "Precise", "criticalNote": null, "isRouteNode": null}, {"targetId": "gaz_via_appia", "interpretationId": "interp_00661", "referenceId": "ref_00551", "page": 216, "chapter": 8, "agentId": "narrator", "role": "Marker", "determination": "Relative", "criticalNote": null, "isRouteNode": null}, {"targetId": "gaz_due_santi", "interpretationId": "interp_00662", "referenceId": "ref_00552", "page": 217, "chapter": 8, "agentId": "narrator", "role": "Marker", "determination": "Relative", "criticalNote": null, "isRouteNode": null}, {"targetId": "edicola_due_santi", "interpretationId": "interp_00663", "referenceId": "ref_00553", "page": 219, "chapter": 8, "agentId": "narrator", "role": "Marker", "determination": "Precise", "criticalNote": null, "isRouteNode": null}, {"targetId": "edicola_due_santi", "interpretationId": "interp_00664", "referenceId": "ref_00554", "page": 219, "chapter": 8, "agentId": "cocullo", "role": "Marker", "determination": "Approximate", "criticalNote": null, "isRouteNode": null}, {"targetId": "gaz_frattocchie", "interpretationId": "interp_00665", "referenceId": "ref_00555", "page": 219, "chapter": 8, "agentId": "cocullo", "role": "ProjectedSpace", "determination": "Relative", "criticalNote": null, "isRouteNode": null}, {"targetId": "pozzofondo", "interpretationId": "interp_00666", "referenceId": "ref_00556", "page": 221, "chapter": 8, "agentId": "clelia_farcioni", "role": "ProjectedSpace", "determination": "Indeterminate", "criticalNote": null, "isRouteNode": null}, {"targetId": "gaz_pavona", "interpretationId": "interp_00667", "referenceId": "ref_00557", "page": 221, "chapter": 8, "agentId": "camilla_mattonari", "role": "ProjectedSpace", "determination": "Relative", "criticalNote": null, "isRouteNode": null}, {"targetId": "laboratorio_zamira", "interpretationId": "interp_00668", "referenceId": "ref_00558", "page": 222, "chapter": 8, "agentId": "zamira_pacori", "role": "Setting", "determination": "Approximate", "criticalNote": null, "isRouteNode": null}, {"targetId": "laboratorio_zamira", "interpretationId": "interp_00669", "referenceId": "ref_00558", "page": 222, "chapter": 8, "agentId": "pestalozzi", "role": "Setting", "determination": "Approximate", "criticalNote": null, "isRouteNode": null}, {"targetId": "laboratorio_zamira", "interpretationId": "interp_00670", "referenceId": "ref_00558", "page": 222, "chapter": 8, "agentId": "cocullo", "role": "Setting", "determination": "Approximate", "criticalNote": null, "isRouteNode": null}, {"targetId": "gaz_santa_maria_novella", "interpretationId": "interp_00671", "referenceId": "ref_00559", "page": 222, "chapter": 8, "agentId": "pestalozzi", "role": "ProjectedSpace", "determination": "Relative", "criticalNote": null, "isRouteNode": null}, {"targetId": "gaz_torraccio", "interpretationId": "interp_00672", "referenceId": "ref_00560", "page": 223, "chapter": 8, "agentId": "pestalozzi", "role": "ProjectedSpace", "determination": "Relative", "criticalNote": null, "isRouteNode": null}, {"targetId": "gaz_via_merulana", "interpretationId": "interp_00673", "referenceId": "ref_00561", "page": 232, "chapter": 8, "agentId": "menegazzi", "role": "ProjectedSpace", "determination": "Relative", "criticalNote": null, "isRouteNode": null}, {"targetId": "gaz_via_del_gobbo", "interpretationId": "interp_00674", "referenceId": "ref_00562", "page": 233, "chapter": 8, "agentId": "pestalozzi", "role": "ProjectedSpace", "determination": "Relative", "criticalNote": null, "isRouteNode": null}, {"targetId": "laboratorio_zamira", "interpretationId": "interp_00675", "referenceId": "ref_00563", "page": 234, "chapter": 8, "agentId": "pestalozzi", "role": "Setting", "determination": "Approximate", "criticalNote": null, "isRouteNode": null}, {"targetId": "laboratorio_zamira", "interpretationId": "interp_00676", "referenceId": "ref_00563", "page": 234, "chapter": 8, "agentId": "zamira_pacori", "role": "Setting", "determination": "Approximate", "criticalNote": null, "isRouteNode": null}, {"targetId": "gaz_due_santi", "interpretationId": "interp_00677", "referenceId": "ref_00564", "page": 234, "chapter": 8, "agentId": "zamira_pacori", "role": "ProjectedSpace", "determination": "Relative", "criticalNote": null, "isRouteNode": null}, {"targetId": "tenenza_carabinieri_marino", "interpretationId": "interp_00678", "referenceId": "ref_00565", "page": 234, "chapter": 8, "agentId": "pestalozzi", "role": "ProjectedSpace", "determination": "Relative", "criticalNote": null, "isRouteNode": null}, {"targetId": "gaz_castel_di_leva", "interpretationId": "interp_00679", "referenceId": "ref_00566", "page": 237, "chapter": 8, "agentId": "camilla_mattonari", "role": "ProjectedSpace", "determination": "Approximate", "criticalNote": null, "isRouteNode": null}, {"targetId": "ponte_divino_amore", "interpretationId": "interp_00680", "referenceId": "ref_00567", "page": 237, "chapter": 8, "agentId": "camilla_mattonari", "role": "ProjectedSpace", "determination": "Approximate", "criticalNote": null, "isRouteNode": null}, {"targetId": "gaz_casal_bruciato", "interpretationId": "interp_00681", "referenceId": "ref_00568", "page": 237, "chapter": 8, "agentId": "camilla_mattonari", "role": "ProjectedSpace", "determination": "Approximate", "criticalNote": null, "isRouteNode": null}, {"targetId": "gaz_divino_amore", "interpretationId": "interp_00682", "referenceId": "ref_00569", "page": 237, "chapter": 8, "agentId": "camilla_mattonari", "role": "ProjectedSpace", "determination": "Approximate", "criticalNote": null, "isRouteNode": null}, {"targetId": "ponte_divino_amore", "interpretationId": "interp_00683", "referenceId": "ref_00570", "page": 237, "chapter": 8, "agentId": "camilla_mattonari", "role": "ProjectedSpace", "determination": "Approximate", "criticalNote": null, "isRouteNode": null}, {"targetId": "ponte_divino_amore", "interpretationId": "interp_00684", "referenceId": "ref_00571", "page": 237, "chapter": 8, "agentId": "camilla_mattonari", "role": "ProjectedSpace", "determination": "Approximate", "criticalNote": null, "isRouteNode": null}, {"targetId": "ponte_divino_amore", "interpretationId": "interp_00685", "referenceId": "ref_00572", "page": 238, "chapter": 9, "agentId": "lavinia_mattonari", "role": "ProjectedSpace", "determination": "Approximate", "criticalNote": null, "isRouteNode": null}, {"targetId": "ponte_divino_amore", "interpretationId": "interp_00686", "referenceId": "ref_00572", "page": 238, "chapter": 9, "agentId": "pestalozzi", "role": "ProjectedSpace", "determination": "Approximate", "criticalNote": null, "isRouteNode": null}, {"targetId": "ponte_divino_amore", "interpretationId": "interp_00687", "referenceId": "ref_00572", "page": 238, "chapter": 9, "agentId": "cocullo", "role": "ProjectedSpace", "determination": "Approximate", "criticalNote": null, "isRouteNode": null}, {"targetId": "gaz_via_appia", "interpretationId": "interp_00688", "referenceId": "ref_00573", "page": 238, "chapter": 9, "agentId": "lavinia_mattonari", "role": null, "determination": null, "criticalNote": null, "isRouteNode": "tragitto_appia_falcognana"}, {"targetId": "gaz_via_appia", "interpretationId": "interp_00689", "referenceId": "ref_00573", "page": 238, "chapter": 9, "agentId": "pestalozzi", "role": null, "determination": null, "criticalNote": null, "isRouteNode": "tragitto_appia_falcognana"}, {"targetId": "gaz_via_appia", "interpretationId": "interp_00690", "referenceId": "ref_00573", "page": 238, "chapter": 9, "agentId": "cocullo", "role": null, "determination": null, "criticalNote": null, "isRouteNode": "tragitto_appia_falcognana"}, {"targetId": "gaz_falcognana", "interpretationId": "interp_00691", "referenceId": "ref_00574", "page": 238, "chapter": 9, "agentId": "lavinia_mattonari", "role": null, "determination": null, "criticalNote": null, "isRouteNode": "tragitto_appia_falcognana"}, {"targetId": "gaz_falcognana", "interpretationId": "interp_00692", "referenceId": "ref_00574", "page": 238, "chapter": 9, "agentId": "pestalozzi", "role": null, "determination": null, "criticalNote": null, "isRouteNode": "tragitto_appia_falcognana"}, {"targetId": "gaz_falcognana", "interpretationId": "interp_00693", "referenceId": "ref_00574", "page": 238, "chapter": 9, "agentId": "cocullo", "role": null, "determination": null, "criticalNote": null, "isRouteNode": "tragitto_appia_falcognana"}, {"targetId": "gaz_via_della_falcognana", "interpretationId": "interp_00697", "referenceId": "ref_00576", "page": 238, "chapter": 9, "agentId": "camilla_mattonari", "role": "ProjectedSpace", "determination": "Approximate", "criticalNote": null, "isRouteNode": null}, {"targetId": "gaz_via_della_falcognana", "interpretationId": "interp_00698", "referenceId": "ref_00577", "page": 239, "chapter": 9, "agentId": "lavinia_mattonari", "role": "Marker", "determination": "Relative", "criticalNote": null, "isRouteNode": null}, {"targetId": "gaz_via_della_falcognana", "interpretationId": "interp_00699", "referenceId": "ref_00577", "page": 239, "chapter": 9, "agentId": "cocullo", "role": "Marker", "determination": "Relative", "criticalNote": null, "isRouteNode": null}, {"targetId": "gaz_ponte_divino_amore", "interpretationId": "interp_00700", "referenceId": "ref_00577", "page": 239, "chapter": 9, "agentId": "cocullo", "role": "Marker", "determination": "Relative", "criticalNote": null, "isRouteNode": null}, {"targetId": "gaz_ferrovia_roma_velletri", "interpretationId": "interp_00701", "referenceId": "ref_00577", "page": 239, "chapter": 9, "agentId": "cocullo", "role": "Marker", "determination": "Relative", "criticalNote": null, "isRouteNode": null}, {"targetId": "gaz_divino_amore", "interpretationId": "interp_00702", "referenceId": "ref_00578", "page": 239, "chapter": 9, "agentId": "narrator", "role": "Marker", "determination": "Precise", "criticalNote": null, "isRouteNode": null}, {"targetId": "gaz_castel_di_leva", "interpretationId": "interp_00703", "referenceId": "ref_00579", "page": 239, "chapter": 9, "agentId": "narrator", "role": "Marker", "determination": "Precise", "criticalNote": null, "isRouteNode": null}, {"targetId": "ponte_divino_amore", "interpretationId": "interp_00704", "referenceId": "ref_00580", "page": 239, "chapter": 9, "agentId": "narrator", "role": "Setting", "determination": "Precise", "criticalNote": null, "isRouteNode": null}, {"targetId": "gaz_via_della_falcognana", "interpretationId": "interp_00705", "referenceId": "ref_00581", "page": 239, "chapter": 9, "agentId": "pestalozzi", "role": "Marker", "determination": "Relative", "criticalNote": null, "isRouteNode": null}, {"targetId": "gaz_via_della_falcognana", "interpretationId": "interp_00706", "referenceId": "ref_00582", "page": 240, "chapter": 9, "agentId": "narrator", "role": "Marker", "determination": "Precise", "criticalNote": null, "isRouteNode": null}, {"targetId": "ponte_divino_amore", "interpretationId": "interp_00707", "referenceId": "ref_00583", "page": 240, "chapter": 9, "agentId": "narrator", "role": "Marker", "determination": "Precise", "criticalNote": null, "isRouteNode": null}, {"targetId": "gaz_ferrovia_roma_velletri", "interpretationId": "interp_00708", "referenceId": "ref_00584", "page": 240, "chapter": 9, "agentId": "narrator", "role": "Marker", "determination": "Precise", "criticalNote": null, "isRouteNode": null}, {"targetId": "gaz_casal_bruciato", "interpretationId": "interp_00709", "referenceId": "ref_00585", "page": 240, "chapter": 9, "agentId": "narrator", "role": "Marker", "determination": "Precise", "criticalNote": null, "isRouteNode": null}, {"targetId": "casello_km_20_25", "interpretationId": "interp_00710", "referenceId": "ref_00586", "page": 241, "chapter": 9, "agentId": "pestalozzi", "role": "Setting", "determination": "Approximate", "criticalNote": null, "isRouteNode": null}, {"targetId": "casello_km_20_25", "interpretationId": "interp_00711", "referenceId": "ref_00586", "page": 241, "chapter": 9, "agentId": "cocullo", "role": "Setting", "determination": "Approximate", "criticalNote": null, "isRouteNode": null}, {"targetId": "passaggio_livello_casal_bruciato", "interpretationId": "interp_00712", "referenceId": "ref_00587", "page": 241, "chapter": 9, "agentId": "nonna_mattonari", "role": "Setting", "determination": "Approximate", "criticalNote": null, "isRouteNode": null}, {"targetId": "gaz_frattocchie", "interpretationId": "interp_00713", "referenceId": "ref_00588", "page": 241, "chapter": 9, "agentId": "narrator", "role": "Marker", "determination": "Precise", "criticalNote": null, "isRouteNode": null}, {"targetId": "casello_km_20_25", "interpretationId": "interp_00714", "referenceId": "ref_00589", "page": 241, "chapter": 9, "agentId": "narrator", "role": "Marker", "determination": "Precise", "criticalNote": null, "isRouteNode": null}, {"targetId": "casello_km_20_25", "interpretationId": "interp_00715", "referenceId": "ref_00590", "page": 241, "chapter": 9, "agentId": "narrator", "role": "Marker", "determination": "Precise", "criticalNote": null, "isRouteNode": null}, {"targetId": "casello_km_20_25", "interpretationId": "interp_00716", "referenceId": "ref_00591", "page": 242, "chapter": 9, "agentId": "nonna_mattonari", "role": "Setting", "determination": "Precise", "criticalNote": null, "isRouteNode": null}, {"targetId": "casello_km_20_25", "interpretationId": "interp_00717", "referenceId": "ref_00592", "page": 242, "chapter": 9, "agentId": "nonna_mattonari", "role": "Setting", "determination": "Precise", "criticalNote": null, "isRouteNode": null}, {"targetId": "casello_km_20_25", "interpretationId": "interp_00718", "referenceId": "ref_00592", "page": 242, "chapter": 9, "agentId": "pestalozzi", "role": "Setting", "determination": "Precise", "criticalNote": null, "isRouteNode": null}, {"targetId": "casello_km_20_25", "interpretationId": "interp_00719", "referenceId": "ref_00592", "page": 242, "chapter": 9, "agentId": "cocullo", "role": "Setting", "determination": "Precise", "criticalNote": null, "isRouteNode": null}, {"targetId": "gaz_ciampino", "interpretationId": "interp_00720", "referenceId": "ref_00593", "page": 243, "chapter": 9, "agentId": "narrator", "role": "ProjectedSpace", "determination": "Relative", "criticalNote": null, "isRouteNode": null}, {"targetId": "ponte_divino_amore", "interpretationId": "interp_00721", "referenceId": "ref_00594", "page": 245, "chapter": 9, "agentId": "narrator", "role": "ProjectedSpace", "determination": "Relative", "criticalNote": null, "isRouteNode": null}, {"targetId": "casello_km_20_25", "interpretationId": "interp_00722", "referenceId": "ref_00595", "page": 245, "chapter": 9, "agentId": "narrator", "role": "Setting", "determination": "Approximate", "criticalNote": null, "isRouteNode": null}, {"targetId": "laboratorio_zamira", "interpretationId": "interp_00723", "referenceId": "ref_00596", "page": 247, "chapter": 9, "agentId": "pestalozzi", "role": "ProjectedSpace", "determination": "Relative", "criticalNote": null, "isRouteNode": null}, {"targetId": "gaz_due_santi", "interpretationId": "interp_00724", "referenceId": "ref_00597", "page": 247, "chapter": 9, "agentId": "pestalozzi", "role": "ProjectedSpace", "determination": "Relative", "criticalNote": null, "isRouteNode": null}, {"targetId": "gaz_due_santi", "interpretationId": "interp_00725", "referenceId": "ref_00597", "page": 247, "chapter": 9, "agentId": "camilla_mattonari", "role": "ProjectedSpace", "determination": "Relative", "criticalNote": null, "isRouteNode": null}, {"targetId": "gaz_ciampino", "interpretationId": "interp_00726", "referenceId": "ref_00598", "page": 248, "chapter": 9, "agentId": "zio_cantoniere", "role": "ProjectedSpace", "determination": "Relative", "criticalNote": null, "isRouteNode": null}, {"targetId": "casello_km_20_25", "interpretationId": "interp_00727", "referenceId": "ref_00599", "page": 249, "chapter": 9, "agentId": "camilla_mattonari", "role": "Setting", "determination": "Precise", "criticalNote": null, "isRouteNode": null}, {"targetId": "casello_km_20_25", "interpretationId": "interp_00728", "referenceId": "ref_00599", "page": 249, "chapter": 9, "agentId": "pestalozzi", "role": "Setting", "determination": "Precise", "criticalNote": null, "isRouteNode": null}, {"targetId": "casello_km_20_25", "interpretationId": "interp_00729", "referenceId": "ref_00599", "page": 249, "chapter": 9, "agentId": "cocullo", "role": "Setting", "determination": "Precise", "criticalNote": null, "isRouteNode": null}, {"targetId": "camera_casello", "interpretationId": "interp_00730", "referenceId": "ref_00600", "page": 249, "chapter": 9, "agentId": "camilla_mattonari", "role": "Setting", "determination": "Precise", "criticalNote": null, "isRouteNode": null}, {"targetId": "camera_casello", "interpretationId": "interp_00731", "referenceId": "ref_00600", "page": 249, "chapter": 9, "agentId": "pestalozzi", "role": "Setting", "determination": "Precise", "criticalNote": null, "isRouteNode": null}, {"targetId": "camera_casello", "interpretationId": "interp_00732", "referenceId": "ref_00600", "page": 249, "chapter": 9, "agentId": "cocullo", "role": "Setting", "determination": "Precise", "criticalNote": null, "isRouteNode": null}, {"targetId": "gaz_marino", "interpretationId": "interp_00733", "referenceId": "ref_00601", "page": 257, "chapter": 9, "agentId": "pestalozzi", "role": "ProjectedSpace", "determination": "Approximate", "criticalNote": null, "isRouteNode": null}, {"targetId": "tenenza_carabinieri_marino", "interpretationId": "interp_00734", "referenceId": "ref_00602", "page": 258, "chapter": 9, "agentId": "pestalozzi", "role": "ProjectedSpace", "determination": "Approximate", "criticalNote": null, "isRouteNode": null}, {"targetId": "gaz_marino", "interpretationId": "interp_00735", "referenceId": "ref_00603", "page": 258, "chapter": 9, "agentId": "pestalozzi", "role": "ProjectedSpace", "determination": "Approximate", "criticalNote": null, "isRouteNode": null}, {"targetId": "gaz_santo_stefano_del_cacco_celio_santo_stefano", "interpretationId": "interp_00736", "referenceId": "ref_00604", "page": 258, "chapter": 9, "agentId": "pestalozzi", "role": "ProjectedSpace", "determination": "Approximate", "criticalNote": null, "isRouteNode": null}, {"targetId": "gaz_santo_stefano_del_cacco_celio_santo_stefano", "interpretationId": "interp_00737", "referenceId": "ref_00605", "page": 259, "chapter": 9, "agentId": "ingravallo", "role": "ProjectedSpace", "determination": "Approximate", "criticalNote": null, "isRouteNode": null}, {"targetId": "tenenza_carabinieri_marino", "interpretationId": "interp_00738", "referenceId": "ref_00606", "page": 259, "chapter": 9, "agentId": "santarella", "role": "ProjectedSpace", "determination": "Approximate", "criticalNote": null, "isRouteNode": null}, {"targetId": "tenenza_carabinieri_marino", "interpretationId": "interp_00739", "referenceId": "ref_00607", "page": 259, "chapter": 9, "agentId": "santarella", "role": "ProjectedSpace", "determination": "Approximate", "criticalNote": null, "isRouteNode": null}, {"targetId": "tenenza_carabinieri_marino", "interpretationId": "interp_00740", "referenceId": "ref_00607", "page": 259, "chapter": 9, "agentId": "camilla_mattonari", "role": "ProjectedSpace", "determination": "Approximate", "criticalNote": null, "isRouteNode": null}, {"targetId": "gaz_via_veneto", "interpretationId": "interp_00741", "referenceId": "ref_00608", "page": 261, "chapter": 9, "agentId": "camilla_mattonari", "role": "ProjectedSpace", "determination": "Relative", "criticalNote": null, "isRouteNode": null}, {"targetId": "gaz_ciampino", "interpretationId": "interp_00742", "referenceId": "ref_00609", "page": 261, "chapter": 9, "agentId": "zio_cantoniere", "role": "ProjectedSpace", "determination": "Relative", "criticalNote": null, "isRouteNode": null}, {"targetId": "gaz_cecchina", "interpretationId": "interp_00743", "referenceId": "ref_00610", "page": 261, "chapter": 9, "agentId": "zio_cantoniere", "role": "ProjectedSpace", "determination": "Relative", "criticalNote": null, "isRouteNode": null}, {"targetId": "casello_km_20_25", "interpretationId": "interp_00744", "referenceId": "ref_00611", "page": 262, "chapter": 9, "agentId": "camilla_mattonari", "role": "ProjectedSpace", "determination": "Approximate", "criticalNote": null, "isRouteNode": null}, {"targetId": "tenenza_carabinieri_marino", "interpretationId": "interp_00745", "referenceId": "ref_00612", "page": 262, "chapter": 9, "agentId": "camilla_mattonari", "role": "ProjectedSpace", "determination": "Approximate", "criticalNote": null, "isRouteNode": null}, {"targetId": "tenenza_carabinieri_marino", "interpretationId": "interp_00746", "referenceId": "ref_00612", "page": 262, "chapter": 9, "agentId": "zio_cantoniere", "role": "ProjectedSpace", "determination": "Approximate", "criticalNote": null, "isRouteNode": null}, {"targetId": "casello_km_20_25", "interpretationId": "interp_00747", "referenceId": "ref_00613", "page": 262, "chapter": 9, "agentId": "camilla_mattonari", "role": "ProjectedSpace", "determination": "Approximate", "criticalNote": null, "isRouteNode": null}, {"targetId": "casello_km_20_25", "interpretationId": "interp_00748", "referenceId": "ref_00613", "page": 262, "chapter": 9, "agentId": "zio_cantoniere", "role": "ProjectedSpace", "determination": "Approximate", "criticalNote": null, "isRouteNode": null}, {"targetId": "gaz_casal_bruciato", "interpretationId": "interp_00749", "referenceId": "ref_00614", "page": 262, "chapter": 9, "agentId": "zio_cantoniere", "role": "ProjectedSpace", "determination": "Approximate", "criticalNote": null, "isRouteNode": null}, {"targetId": "gaz_velletri", "interpretationId": "interp_00750", "referenceId": "ref_00615", "page": 263, "chapter": 9, "agentId": "nonna_mattonari", "role": "ProjectedSpace", "determination": "Approximate", "criticalNote": null, "isRouteNode": null}, {"targetId": "gaz_via_della_falcognana", "interpretationId": "interp_00751", "referenceId": "ref_00616", "page": 263, "chapter": 9, "agentId": "pestalozzi", "role": "Setting", "determination": "Approximate", "criticalNote": null, "isRouteNode": null}, {"targetId": "gaz_via_della_falcognana", "interpretationId": "interp_00752", "referenceId": "ref_00616", "page": 263, "chapter": 9, "agentId": "cocullo", "role": "Setting", "determination": "Approximate", "criticalNote": null, "isRouteNode": null}, {"targetId": "gaz_via_della_falcognana", "interpretationId": "interp_00753", "referenceId": "ref_00616", "page": 263, "chapter": 9, "agentId": "lavinia_mattonari", "role": "Setting", "determination": "Approximate", "criticalNote": null, "isRouteNode": null}, {"targetId": "gaz_via_della_falcognana", "interpretationId": "interp_00754", "referenceId": "ref_00616", "page": 263, "chapter": 9, "agentId": "camilla_mattonari", "role": "Setting", "determination": "Approximate", "criticalNote": null, "isRouteNode": null}, {"targetId": "gaz_regina_coeli", "interpretationId": "interp_00755", "referenceId": "ref_00617", "page": 265, "chapter": 9, "agentId": "camilla_mattonari", "role": "ProjectedSpace", "determination": "Approximate", "criticalNote": null, "isRouteNode": null}, {"targetId": "tenenza_carabinieri_marino", "interpretationId": "interp_00756", "referenceId": "ref_00618", "page": 266, "chapter": 9, "agentId": "camilla_mattonari", "role": "ProjectedSpace", "determination": "Approximate", "criticalNote": null, "isRouteNode": null}, {"targetId": "tenenza_carabinieri_marino", "interpretationId": "interp_00757", "referenceId": "ref_00618", "page": 266, "chapter": 9, "agentId": "lavinia_mattonari", "role": "ProjectedSpace", "determination": "Approximate", "criticalNote": null, "isRouteNode": null}, {"targetId": "gaz_frattocchie", "interpretationId": "interp_00758", "referenceId": "ref_00619", "page": 267, "chapter": 9, "agentId": "vetturale", "role": "ProjectedSpace", "determination": "Relative", "criticalNote": null, "isRouteNode": null}, {"targetId": "gaz_due_santi", "interpretationId": "interp_00759", "referenceId": "ref_00620", "page": 268, "chapter": 9, "agentId": "vetturale", "role": "ProjectedSpace", "determination": "Relative", "criticalNote": null, "isRouteNode": null}, {"targetId": "casello_km_20_25", "interpretationId": "interp_00760", "referenceId": "ref_00621", "page": 269, "chapter": 9, "agentId": "enea_retalli", "role": "ProjectedSpace", "determination": "Relative", "criticalNote": null, "isRouteNode": null}, {"targetId": "casello_km_20_25", "interpretationId": "interp_00761", "referenceId": "ref_00621", "page": 269, "chapter": 9, "agentId": "camilla_mattonari", "role": "ProjectedSpace", "determination": "Relative", "criticalNote": null, "isRouteNode": null}, {"targetId": "casello_km_20_25", "interpretationId": "interp_00762", "referenceId": "ref_00621", "page": 269, "chapter": 9, "agentId": "lavinia_mattonari", "role": "ProjectedSpace", "determination": "Relative", "criticalNote": null, "isRouteNode": null}, {"targetId": "gaz_santa_rita_invitacolo", "interpretationId": "interp_00763", "referenceId": "ref_00622", "page": 270, "chapter": 9, "agentId": "clelia_farcioni", "role": "ProjectedSpace", "determination": "Relative", "criticalNote": null, "isRouteNode": null}, {"targetId": "gaz_torraccio", "interpretationId": "interp_00764", "referenceId": "ref_00623", "page": 270, "chapter": 9, "agentId": "santarella", "role": "ProjectedSpace", "determination": "Relative", "criticalNote": null, "isRouteNode": null}, {"targetId": "ponte_divino_amore", "interpretationId": "interp_00765", "referenceId": "ref_00624", "page": 270, "chapter": 9, "agentId": "santarella", "role": "ProjectedSpace", "determination": "Relative", "criticalNote": null, "isRouteNode": null}, {"targetId": "gaz_santa_palomba", "interpretationId": "interp_00766", "referenceId": "ref_00625", "page": 270, "chapter": 9, "agentId": "santarella", "role": "ProjectedSpace", "determination": "Relative", "criticalNote": null, "isRouteNode": null}, {"targetId": "gaz_santa_rita_invitacolo", "interpretationId": "interp_00767", "referenceId": "ref_00626", "page": 270, "chapter": 9, "agentId": "santarella", "role": "ProjectedSpace", "determination": "Relative", "criticalNote": null, "isRouteNode": null}, {"targetId": "gaz_torraccio", "interpretationId": "interp_00768", "referenceId": "ref_00627", "page": 271, "chapter": 9, "agentId": "lavinia_mattonari", "role": "ProjectedSpace", "determination": "Relative", "criticalNote": null, "isRouteNode": null}, {"targetId": "gaz_torraccio", "interpretationId": "interp_00769", "referenceId": "ref_00627", "page": 271, "chapter": 9, "agentId": "enea_retalli", "role": "ProjectedSpace", "determination": "Relative", "criticalNote": null, "isRouteNode": null}, {"targetId": "gaz_castelli_romani", "interpretationId": "interp_00770", "referenceId": "ref_00628", "page": 273, "chapter": 9, "agentId": "pestalozzi", "role": "ProjectedSpace", "determination": "Relative", "criticalNote": null, "isRouteNode": null}, {"targetId": "gaz_via_appia", "interpretationId": "interp_00771", "referenceId": "ref_00629", "page": 273, "chapter": 9, "agentId": "pestalozzi", "role": "ProjectedSpace", "determination": "Relative", "criticalNote": null, "isRouteNode": null}, {"targetId": "gaz_via_appia", "interpretationId": "interp_00772", "referenceId": "ref_00629", "page": 273, "chapter": 9, "agentId": "enea_retalli", "role": "ProjectedSpace", "determination": "Relative", "criticalNote": null, "isRouteNode": null}, {"targetId": "gaz_via_anziate", "interpretationId": "interp_00773", "referenceId": "ref_00630", "page": 273, "chapter": 9, "agentId": "pestalozzi", "role": "ProjectedSpace", "determination": "Relative", "criticalNote": null, "isRouteNode": null}, {"targetId": "gaz_via_anziate", "interpretationId": "interp_00774", "referenceId": "ref_00630", "page": 273, "chapter": 9, "agentId": "enea_retalli", "role": "ProjectedSpace", "determination": "Relative", "criticalNote": null, "isRouteNode": null}, {"targetId": "casello_km_20_25", "interpretationId": "interp_00775", "referenceId": "ref_00631", "page": 274, "chapter": 9, "agentId": "enea_retalli", "role": "ProjectedSpace", "determination": "Relative", "criticalNote": null, "isRouteNode": null}, {"targetId": "gaz_casal_bruciato", "interpretationId": "interp_00776", "referenceId": "ref_00632", "page": 274, "chapter": 9, "agentId": "enea_retalli", "role": "ProjectedSpace", "determination": "Relative", "criticalNote": null, "isRouteNode": null}, {"targetId": "gaz_via_ardeatina", "interpretationId": "interp_00777", "referenceId": "ref_00633", "page": 274, "chapter": 9, "agentId": "enea_retalli", "role": "ProjectedSpace", "determination": "Relative", "criticalNote": null, "isRouteNode": null}, {"targetId": "gaz_ardea", "interpretationId": "interp_00778", "referenceId": "ref_00634", "page": 274, "chapter": 9, "agentId": "enea_retalli", "role": "ProjectedSpace", "determination": "Relative", "criticalNote": null, "isRouteNode": null}, {"targetId": "gaz_direttissima_roma_napoli", "interpretationId": "interp_00779", "referenceId": "ref_00635", "page": 274, "chapter": 9, "agentId": "enea_retalli", "role": "ProjectedSpace", "determination": "Relative", "criticalNote": null, "isRouteNode": null}, {"targetId": "gaz_santa_palomba", "interpretationId": "interp_00780", "referenceId": "ref_00636", "page": 274, "chapter": 9, "agentId": "enea_retalli", "role": "ProjectedSpace", "determination": "Relative", "criticalNote": null, "isRouteNode": null}, {"targetId": "gaz_solforata", "interpretationId": "interp_00781", "referenceId": "ref_00637", "page": 274, "chapter": 9, "agentId": "enea_retalli", "role": "ProjectedSpace", "determination": "Relative", "criticalNote": null, "isRouteNode": null}, {"targetId": "gaz_pratica_di_mare", "interpretationId": "interp_00782", "referenceId": "ref_00638", "page": 274, "chapter": 9, "agentId": "enea_retalli", "role": "ProjectedSpace", "determination": "Relative", "criticalNote": null, "isRouteNode": null}, {"targetId": "gaz_anzio", "interpretationId": "interp_00783", "referenceId": "ref_00639", "page": 274, "chapter": 9, "agentId": "enea_retalli", "role": "ProjectedSpace", "determination": "Relative", "criticalNote": null, "isRouteNode": null}, {"targetId": "gaz_ostia", "interpretationId": "interp_00784", "referenceId": "ref_00640", "page": 274, "chapter": 9, "agentId": "enea_retalli", "role": "ProjectedSpace", "determination": "Relative", "criticalNote": null, "isRouteNode": null}, {"targetId": "gaz_via_anziate", "interpretationId": "interp_00785", "referenceId": "ref_00641", "page": 274, "chapter": 9, "agentId": "camilla_mattonari", "role": "Marker", "determination": "Approximate", "criticalNote": null, "isRouteNode": null}, {"targetId": "gaz_via_anziate", "interpretationId": "interp_00786", "referenceId": "ref_00641", "page": 274, "chapter": 9, "agentId": "lavinia_mattonari", "role": "Marker", "determination": "Approximate", "criticalNote": null, "isRouteNode": null}, {"targetId": "gaz_via_anziate", "interpretationId": "interp_00787", "referenceId": "ref_00641", "page": 274, "chapter": 9, "agentId": "pestalozzi", "role": "Marker", "determination": "Approximate", "criticalNote": null, "isRouteNode": null}, {"targetId": "gaz_via_anziate", "interpretationId": "interp_00788", "referenceId": "ref_00641", "page": 274, "chapter": 9, "agentId": "cocullo", "role": "Marker", "determination": "Approximate", "criticalNote": null, "isRouteNode": null}, {"targetId": "casello_km_20_25", "interpretationId": "interp_00789", "referenceId": "ref_00642", "page": 274, "chapter": 9, "agentId": "enea_retalli", "role": "ProjectedSpace", "determination": "Relative", "criticalNote": null, "isRouteNode": null}, {"targetId": "casello_km_20_25", "interpretationId": "interp_00790", "referenceId": "ref_00643", "page": 275, "chapter": 9, "agentId": "enea_retalli", "role": "ProjectedSpace", "determination": "Relative", "criticalNote": null, "isRouteNode": null}, {"targetId": "casello_km_20_25", "interpretationId": "interp_00791", "referenceId": "ref_00643", "page": 275, "chapter": 9, "agentId": "camilla_mattonari", "role": "ProjectedSpace", "determination": "Relative", "criticalNote": null, "isRouteNode": null}, {"targetId": "gaz_santo_stefano_del_cacco_celio_santo_stefano", "interpretationId": "interp_00792", "referenceId": "ref_00644", "page": 275, "chapter": 9, "agentId": "ascanio_lanciani", "role": "ProjectedSpace", "determination": "Approximate", "criticalNote": null, "isRouteNode": null}, {"targetId": "gaz_torraccio", "interpretationId": "interp_00793", "referenceId": "ref_00645", "page": 278, "chapter": 10, "agentId": "enea_retalli", "role": "ProjectedSpace", "determination": "Approximate", "criticalNote": null, "isRouteNode": null}, {"targetId": "gaz_marino", "interpretationId": "interp_00794", "referenceId": "ref_00646", "page": 278, "chapter": 10, "agentId": "santarella", "role": null, "determination": null, "criticalNote": null, "isRouteNode": "tragitto_marino_albano_laziale"}, {"targetId": "gaz_albano_laziale", "interpretationId": "interp_00795", "referenceId": "ref_00647", "page": 278, "chapter": 10, "agentId": "santarella", "role": null, "determination": null, "criticalNote": null, "isRouteNode": "tragitto_marino_albano_laziale"}, {"targetId": "gaz_pavona", "interpretationId": "interp_00797", "referenceId": "ref_00649", "page": 278, "chapter": 10, "agentId": "enea_retalli", "role": "ProjectedSpace", "determination": "Approximate", "criticalNote": null, "isRouteNode": null}, {"targetId": "gaz_palazzo", "interpretationId": "interp_00798", "referenceId": "ref_00650", "page": 278, "chapter": 10, "agentId": "enea_retalli", "role": "ProjectedSpace", "determination": "Approximate", "criticalNote": null, "isRouteNode": null}, {"targetId": "stazione_carabinieri_castello", "interpretationId": "interp_00799", "referenceId": "ref_00651", "page": 279, "chapter": 10, "agentId": "santarella", "role": "Setting", "determination": "Approximate", "criticalNote": null, "isRouteNode": null}, {"targetId": "stazione_carabinieri_castello", "interpretationId": "interp_00800", "referenceId": "ref_00651", "page": 279, "chapter": 10, "agentId": "militi_castello", "role": "Setting", "determination": "Approximate", "criticalNote": null, "isRouteNode": null}, {"targetId": "gaz_pavona", "interpretationId": "interp_00801", "referenceId": "ref_00652", "page": 279, "chapter": 10, "agentId": "santarella", "role": "ProjectedSpace", "determination": "Approximate", "criticalNote": null, "isRouteNode": null}, {"targetId": "gaz_pavona", "interpretationId": "interp_00802", "referenceId": "ref_00652", "page": 279, "chapter": 10, "agentId": "militi_castello", "role": "ProjectedSpace", "determination": "Approximate", "criticalNote": null, "isRouteNode": null}, {"targetId": "gaz_santa_maria_della_neve", "interpretationId": "interp_00803", "referenceId": "ref_00653", "page": 279, "chapter": 10, "agentId": "narrator", "role": "Marker", "determination": "Approximate", "criticalNote": null, "isRouteNode": null}, {"targetId": "gaz_santa_maria_maggiore", "interpretationId": "interp_00804", "referenceId": "ref_00654", "page": 280, "chapter": 10, "agentId": "ines_cionini", "role": "ProjectedSpace", "determination": "Approximate", "criticalNote": null, "isRouteNode": null}, {"targetId": "gaz_santa_maria_maggiore", "interpretationId": "interp_00805", "referenceId": "ref_00654", "page": 280, "chapter": 10, "agentId": "ascanio_lanciani", "role": "ProjectedSpace", "determination": "Approximate", "criticalNote": null, "isRouteNode": null}, {"targetId": "gaz_esquilino", "interpretationId": "interp_00806", "referenceId": "ref_00655", "page": 280, "chapter": 10, "agentId": "gaudenzio", "role": "ProjectedSpace", "determination": "Approximate", "criticalNote": null, "isRouteNode": null}, {"targetId": "gaz_via_carlo_alberto", "interpretationId": "interp_00807", "referenceId": "ref_00656", "page": 280, "chapter": 10, "agentId": "gaudenzio", "role": "ProjectedSpace", "determination": "Approximate", "criticalNote": null, "isRouteNode": null}, {"targetId": "gaz_piazza_vittorio_emanuele", "interpretationId": "interp_00808", "referenceId": "ref_00657", "page": 280, "chapter": 10, "agentId": "gaudenzio", "role": "ProjectedSpace", "determination": "Approximate", "criticalNote": null, "isRouteNode": null}, {"targetId": "gaz_piazza_vittorio_emanuele", "interpretationId": "interp_00809", "referenceId": "ref_00657", "page": 280, "chapter": 10, "agentId": "ascanio_lanciani", "role": "ProjectedSpace", "determination": "Approximate", "criticalNote": null, "isRouteNode": null}, {"targetId": "gaz_piazza_vittorio_emanuele", "interpretationId": "interp_00810", "referenceId": "ref_00658", "page": 280, "chapter": 10, "agentId": "gaudenzio", "role": "Setting", "determination": "Precise", "criticalNote": null, "isRouteNode": null}, {"targetId": "gaz_santo_stefano_del_cacco_celio_santo_stefano", "interpretationId": "interp_00811", "referenceId": "ref_00659", "page": 284, "chapter": 10, "agentId": "gaudenzio", "role": "ProjectedSpace", "determination": "Relative", "criticalNote": null, "isRouteNode": null}, {"targetId": "gaz_santo_stefano_del_cacco_celio_santo_stefano", "interpretationId": "interp_00812", "referenceId": "ref_00659", "page": 284, "chapter": 10, "agentId": "ascanio_lanciani", "role": "ProjectedSpace", "determination": "Relative", "criticalNote": null, "isRouteNode": null}, {"targetId": "gaz_santo_stefano_del_cacco_celio_santo_stefano", "interpretationId": "interp_00813", "referenceId": "ref_00660", "page": 284, "chapter": 10, "agentId": "gaudenzio", "role": "ProjectedSpace", "determination": "Relative", "criticalNote": null, "isRouteNode": null}, {"targetId": "gaz_santo_stefano_del_cacco_celio_santo_stefano", "interpretationId": "interp_00814", "referenceId": "ref_00660", "page": 284, "chapter": 10, "agentId": "ascanio_lanciani", "role": "ProjectedSpace", "determination": "Relative", "criticalNote": null, "isRouteNode": null}, {"targetId": "gaz_santo_stefano_del_cacco_celio_santo_stefano", "interpretationId": "interp_00815", "referenceId": "ref_00660", "page": 284, "chapter": 10, "agentId": "nonna_lanciani", "role": "ProjectedSpace", "determination": "Relative", "criticalNote": null, "isRouteNode": null}, {"targetId": "gaz_grottaferrata", "interpretationId": "interp_00816", "referenceId": "ref_00661", "page": 284, "chapter": 10, "agentId": "ascanio_lanciani", "role": "ProjectedSpace", "determination": "Approximate", "criticalNote": null, "isRouteNode": null}, {"targetId": "gaz_grottaferrata", "interpretationId": "interp_00817", "referenceId": "ref_00661", "page": 284, "chapter": 10, "agentId": "nonna_lanciani", "role": "ProjectedSpace", "determination": "Approximate", "criticalNote": null, "isRouteNode": null}, {"targetId": "gaz_torraccio", "interpretationId": "interp_00818", "referenceId": "ref_00662", "page": 284, "chapter": 10, "agentId": "ascanio_lanciani", "role": "ProjectedSpace", "determination": "Approximate", "criticalNote": null, "isRouteNode": null}, {"targetId": "gaz_torraccio", "interpretationId": "interp_00819", "referenceId": "ref_00662", "page": 284, "chapter": 10, "agentId": "nonna_lanciani", "role": "ProjectedSpace", "determination": "Approximate", "criticalNote": null, "isRouteNode": null}, {"targetId": "gaz_frattocchie", "interpretationId": "interp_00820", "referenceId": "ref_00663", "page": 284, "chapter": 10, "agentId": "ascanio_lanciani", "role": "ProjectedSpace", "determination": "Approximate", "criticalNote": null, "isRouteNode": null}, {"targetId": "gaz_frattocchie", "interpretationId": "interp_00821", "referenceId": "ref_00663", "page": 284, "chapter": 10, "agentId": "nonna_lanciani", "role": "ProjectedSpace", "determination": "Approximate", "criticalNote": null, "isRouteNode": null}, {"targetId": "gaz_porta_latina", "interpretationId": "interp_00822", "referenceId": "ref_00664", "page": 284, "chapter": 10, "agentId": "ascanio_lanciani", "role": "ProjectedSpace", "determination": "Approximate", "criticalNote": null, "isRouteNode": null}, {"targetId": "gaz_porta_latina", "interpretationId": "interp_00823", "referenceId": "ref_00664", "page": 284, "chapter": 10, "agentId": "nonna_lanciani", "role": "ProjectedSpace", "determination": "Approximate", "criticalNote": null, "isRouteNode": null}, {"targetId": "gaz_via_popolonia", "interpretationId": "interp_00824", "referenceId": "ref_00665", "page": 284, "chapter": 10, "agentId": "ascanio_lanciani", "role": "ProjectedSpace", "determination": "Approximate", "criticalNote": null, "isRouteNode": null}, {"targetId": "gaz_via_popolonia", "interpretationId": "interp_00825", "referenceId": "ref_00665", "page": 284, "chapter": 10, "agentId": "nonna_lanciani", "role": "ProjectedSpace", "determination": "Approximate", "criticalNote": null, "isRouteNode": null}, {"targetId": "gaz_via_della_caffarella", "interpretationId": "interp_00826", "referenceId": "ref_00666", "page": 285, "chapter": 10, "agentId": "ascanio_lanciani", "role": "ProjectedSpace", "determination": "Approximate", "criticalNote": null, "isRouteNode": null}, {"targetId": "gaz_via_della_caffarella", "interpretationId": "interp_00827", "referenceId": "ref_00666", "page": 285, "chapter": 10, "agentId": "nonna_lanciani", "role": "ProjectedSpace", "determination": "Approximate", "criticalNote": null, "isRouteNode": null}, {"targetId": "gaz_via_mamiani", "interpretationId": "interp_00828", "referenceId": "ref_00667", "page": 285, "chapter": 10, "agentId": "ascanio_lanciani", "role": "Marker", "determination": "Approximate", "criticalNote": null, "isRouteNode": null}, {"targetId": "gaz_via_mamiani", "interpretationId": "interp_00829", "referenceId": "ref_00667", "page": 285, "chapter": 10, "agentId": "santarella", "role": "Marker", "determination": "Approximate", "criticalNote": null, "isRouteNode": null}, {"targetId": "gaz_via_mamiani", "interpretationId": "interp_00830", "referenceId": "ref_00667", "page": 285, "chapter": 10, "agentId": "due_militi", "role": "Marker", "determination": "Approximate", "criticalNote": null, "isRouteNode": null}, {"targetId": "gaz_via_ricasoli", "interpretationId": "interp_00831", "referenceId": "ref_00668", "page": 285, "chapter": 10, "agentId": "ascanio_lanciani", "role": "Marker", "determination": "Approximate", "criticalNote": null, "isRouteNode": null}, {"targetId": "gaz_via_ricasoli", "interpretationId": "interp_00832", "referenceId": "ref_00668", "page": 285, "chapter": 10, "agentId": "santarella", "role": "Marker", "determination": "Approximate", "criticalNote": null, "isRouteNode": null}, {"targetId": "gaz_via_ricasoli", "interpretationId": "interp_00833", "referenceId": "ref_00668", "page": 285, "chapter": 10, "agentId": "due_militi", "role": "Marker", "determination": "Approximate", "criticalNote": null, "isRouteNode": null}, {"targetId": "gaz_santa_maria_della_neve", "interpretationId": "interp_00834", "referenceId": "ref_00669", "page": 286, "chapter": 10, "agentId": "ingravallo", "role": "Marker", "determination": "Relative", "criticalNote": null, "isRouteNode": null}, {"targetId": "gaz_benevento", "interpretationId": "interp_00835", "referenceId": "ref_00670", "page": 291, "chapter": 10, "agentId": "ingravallo", "role": "ProjectedSpace", "determination": "Relative", "criticalNote": null, "isRouteNode": null}, {"targetId": "pensione_burgess", "interpretationId": "interp_00836", "referenceId": "ref_00671", "page": 291, "chapter": 10, "agentId": "pompeo", "role": "Marker", "determination": "Approximate", "criticalNote": null, "isRouteNode": null}, {"targetId": "gaz_piazza_vittorio_emanuele", "interpretationId": "interp_00837", "referenceId": "ref_00672", "page": 291, "chapter": 10, "agentId": "gaudenzio", "role": "Marker", "determination": "Approximate", "criticalNote": null, "isRouteNode": null}, {"targetId": "gaz_piazza_di_spagna", "interpretationId": "interp_00838", "referenceId": "ref_00673", "page": 292, "chapter": 10, "agentId": "narrator", "role": "Marker", "determination": "Relative", "criticalNote": null, "isRouteNode": null}, {"targetId": "gaz_via_lanza", "interpretationId": "interp_00839", "referenceId": "ref_00674", "page": 292, "chapter": 10, "agentId": "ingravallo", "role": "Marker", "determination": "Approximate", "criticalNote": null, "isRouteNode": null}, {"targetId": "gaz_via_lanza", "interpretationId": "interp_00840", "referenceId": "ref_00674", "page": 292, "chapter": 10, "agentId": "maresciallo_di_pietrantonio", "role": "Marker", "determination": "Approximate", "criticalNote": null, "isRouteNode": null}, {"targetId": "gaz_via_lanza", "interpretationId": "interp_00841", "referenceId": "ref_00674", "page": 292, "chapter": 10, "agentId": "autista_questura", "role": "Marker", "determination": "Approximate", "criticalNote": null, "isRouteNode": null}, {"targetId": "gaz_largo_brancaccio", "interpretationId": "interp_00842", "referenceId": "ref_00675", "page": 292, "chapter": 10, "agentId": "ingravallo", "role": null, "determination": null, "criticalNote": null, "isRouteNode": "tragitto_brancaccio_piazza_san_giovanni"}, {"targetId": "gaz_largo_brancaccio", "interpretationId": "interp_00843", "referenceId": "ref_00675", "page": 292, "chapter": 10, "agentId": "maresciallo_di_pietrantonio", "role": null, "determination": null, "criticalNote": null, "isRouteNode": "tragitto_brancaccio_piazza_san_giovanni"}, {"targetId": "gaz_largo_brancaccio", "interpretationId": "interp_00844", "referenceId": "ref_00675", "page": 292, "chapter": 10, "agentId": "autista_questura", "role": null, "determination": null, "criticalNote": null, "isRouteNode": "tragitto_brancaccio_piazza_san_giovanni"}, {"targetId": "gaz_via_merulana", "interpretationId": "interp_00845", "referenceId": "ref_00676", "page": 292, "chapter": 10, "agentId": "ingravallo", "role": null, "determination": null, "criticalNote": null, "isRouteNode": "tragitto_brancaccio_piazza_san_giovanni"}, {"targetId": "gaz_via_merulana", "interpretationId": "interp_00846", "referenceId": "ref_00676", "page": 292, "chapter": 10, "agentId": "maresciallo_di_pietrantonio", "role": null, "determination": null, "criticalNote": null, "isRouteNode": "tragitto_brancaccio_piazza_san_giovanni"}, {"targetId": "gaz_via_merulana", "interpretationId": "interp_00847", "referenceId": "ref_00676", "page": 292, "chapter": 10, "agentId": "autista_questura", "role": null, "determination": null, "criticalNote": null, "isRouteNode": "tragitto_brancaccio_piazza_san_giovanni"}, {"targetId": "gaz_piazza_san_giovanni", "interpretationId": "interp_00848", "referenceId": "ref_00677", "page": 292, "chapter": 10, "agentId": "ingravallo", "role": null, "determination": null, "criticalNote": null, "isRouteNode": "tragitto_brancaccio_piazza_san_giovanni"}, {"targetId": "gaz_piazza_san_giovanni", "interpretationId": "interp_00849", "referenceId": "ref_00677", "page": 292, "chapter": 10, "agentId": "maresciallo_di_pietrantonio", "role": null, "determination": null, "criticalNote": null, "isRouteNode": "tragitto_brancaccio_piazza_san_giovanni"}, {"targetId": "gaz_piazza_san_giovanni", "interpretationId": "interp_00850", "referenceId": "ref_00677", "page": 292, "chapter": 10, "agentId": "autista_questura", "role": null, "determination": null, "criticalNote": null, "isRouteNode": "tragitto_brancaccio_piazza_san_giovanni"}, {"targetId": "gaz_santa_maria_maggiore", "interpretationId": "interp_00854", "referenceId": "ref_00679", "page": 292, "chapter": 10, "agentId": "ingravallo", "role": "Marker", "determination": "Precise", "criticalNote": null, "isRouteNode": null}, {"targetId": "gaz_viminale", "interpretationId": "interp_00855", "referenceId": "ref_00680", "page": 292, "chapter": 10, "agentId": "narrator", "role": "Marker", "determination": "Relative", "criticalNote": null, "isRouteNode": null}, {"targetId": "gaz_via_merulana", "interpretationId": "interp_00856", "referenceId": "ref_00681", "page": 292, "chapter": 10, "agentId": "ingravallo", "role": "Setting", "determination": "Precise", "criticalNote": null, "isRouteNode": null}, {"targetId": "gaz_marino", "interpretationId": "interp_00857", "referenceId": "ref_00682", "page": 294, "chapter": 10, "agentId": "autista_questura", "role": "Marker", "determination": "Approximate", "criticalNote": null, "isRouteNode": null}, {"targetId": "gaz_marino", "interpretationId": "interp_00858", "referenceId": "ref_00683", "page": 294, "chapter": 10, "agentId": "ingravallo", "role": "Marker", "determination": "Approximate", "criticalNote": null, "isRouteNode": null}, {"targetId": "tenenza_carabinieri_marino", "interpretationId": "interp_00860", "referenceId": "ref_00683", "page": 294, "chapter": 10, "agentId": "autista_questura", "role": "Setting", "determination": "Approximate", "criticalNote": null, "isRouteNode": null}, {"targetId": "tenenza_carabinieri_marino", "interpretationId": "interp_00861", "referenceId": "ref_00683", "page": 294, "chapter": 10, "agentId": "ingravallo", "role": "Setting", "determination": "Approximate", "criticalNote": null, "isRouteNode": null}, {"targetId": "tenenza_carabinieri_marino", "interpretationId": "interp_00862", "referenceId": "ref_00683", "page": 294, "chapter": 10, "agentId": "maresciallo_di_pietrantonio", "role": "Setting", "determination": "Approximate", "criticalNote": null, "isRouteNode": null}, {"targetId": "gaz_marino", "interpretationId": "interp_00859", "referenceId": "ref_00684", "page": 294, "chapter": 10, "agentId": "maresciallo_di_pietrantonio", "role": "Marker", "determination": "Approximate", "criticalNote": null, "isRouteNode": null}, {"targetId": "gaz_via_massimo_dazeglio", "interpretationId": "interp_00863", "referenceId": "ref_00684", "page": 294, "chapter": 10, "agentId": "autista_questura", "role": "Marker", "determination": "Approximate", "criticalNote": null, "isRouteNode": null}, {"targetId": "gaz_via_massimo_dazeglio", "interpretationId": "interp_00864", "referenceId": "ref_00684", "page": 294, "chapter": 10, "agentId": "ingravallo", "role": "Marker", "determination": "Approximate", "criticalNote": null, "isRouteNode": null}, {"targetId": "gaz_via_massimo_dazeglio", "interpretationId": "interp_00865", "referenceId": "ref_00684", "page": 294, "chapter": 10, "agentId": "maresciallo_di_pietrantonio", "role": "Marker", "determination": "Approximate", "criticalNote": null, "isRouteNode": null}, {"targetId": "gaz_due_santi", "interpretationId": "interp_00866", "referenceId": "ref_00685", "page": 295, "chapter": 10, "agentId": "pestalozzi", "role": "Setting", "determination": "Approximate", "criticalNote": null, "isRouteNode": null}, {"targetId": "tor_di_gheppio", "interpretationId": "interp_00867", "referenceId": "ref_00686", "page": 295, "chapter": 10, "agentId": "assunta", "role": "ProjectedSpace", "determination": "Relative", "criticalNote": null, "isRouteNode": null}, {"targetId": "gaz_via_massimo_dazeglio", "interpretationId": "interp_00868", "referenceId": "ref_00687", "page": 296, "chapter": 10, "agentId": "ingravallo", "role": "Marker", "determination": "Relative", "criticalNote": null, "isRouteNode": null}, {"targetId": "gaz_via_massimo_dazeglio", "interpretationId": "interp_00869", "referenceId": "ref_00687", "page": 296, "chapter": 10, "agentId": "maresciallo_di_pietrantonio", "role": "Marker", "determination": "Relative", "criticalNote": null, "isRouteNode": null}, {"targetId": "gaz_via_massimo_dazeglio", "interpretationId": "interp_00870", "referenceId": "ref_00687", "page": 296, "chapter": 10, "agentId": "autista_questura", "role": "Marker", "determination": "Relative", "criticalNote": null, "isRouteNode": null}, {"targetId": "gaz_via_massimo_dazeglio", "interpretationId": "interp_00871", "referenceId": "ref_00687", "page": 296, "chapter": 10, "agentId": "agente_runzato", "role": "Marker", "determination": "Relative", "criticalNote": null, "isRouteNode": null}, {"targetId": "gaz_torraccio", "interpretationId": "interp_00872", "referenceId": "ref_00688", "page": 297, "chapter": 10, "agentId": "ingravallo", "role": null, "determination": null, "criticalNote": null, "isRouteNode": "tragitto_torraccio_ponte_divino_amore"}, {"targetId": "gaz_torraccio", "interpretationId": "interp_00873", "referenceId": "ref_00688", "page": 297, "chapter": 10, "agentId": "maresciallo_di_pietrantonio", "role": null, "determination": null, "criticalNote": null, "isRouteNode": "tragitto_torraccio_ponte_divino_amore"}, {"targetId": "gaz_torraccio", "interpretationId": "interp_00874", "referenceId": "ref_00688", "page": 297, "chapter": 10, "agentId": "autista_questura", "role": null, "determination": null, "criticalNote": null, "isRouteNode": "tragitto_torraccio_ponte_divino_amore"}, {"targetId": "gaz_torraccio", "interpretationId": "interp_00875", "referenceId": "ref_00688", "page": 297, "chapter": 10, "agentId": "agente_runzato", "role": null, "determination": null, "criticalNote": null, "isRouteNode": "tragitto_torraccio_ponte_divino_amore"}, {"targetId": "gaz_via_appia", "interpretationId": "interp_00876", "referenceId": "ref_00689", "page": 297, "chapter": 10, "agentId": "ingravallo", "role": null, "determination": null, "criticalNote": null, "isRouteNode": "tragitto_torraccio_ponte_divino_amore"}, {"targetId": "gaz_via_appia", "interpretationId": "interp_00877", "referenceId": "ref_00689", "page": 297, "chapter": 10, "agentId": "maresciallo_di_pietrantonio", "role": null, "determination": null, "criticalNote": null, "isRouteNode": "tragitto_torraccio_ponte_divino_amore"}, {"targetId": "gaz_via_appia", "interpretationId": "interp_00878", "referenceId": "ref_00689", "page": 297, "chapter": 10, "agentId": "autista_questura", "role": null, "determination": null, "criticalNote": null, "isRouteNode": "tragitto_torraccio_ponte_divino_amore"}, {"targetId": "gaz_via_appia", "interpretationId": "interp_00879", "referenceId": "ref_00689", "page": 297, "chapter": 10, "agentId": "agente_runzato", "role": null, "determination": null, "criticalNote": null, "isRouteNode": "tragitto_torraccio_ponte_divino_amore"}, {"targetId": "gaz_due_santi", "interpretationId": "interp_00880", "referenceId": "ref_00690", "page": 297, "chapter": 10, "agentId": "ingravallo", "role": null, "determination": null, "criticalNote": null, "isRouteNode": "tragitto_torraccio_ponte_divino_amore"}, {"targetId": "gaz_due_santi", "interpretationId": "interp_00881", "referenceId": "ref_00690", "page": 297, "chapter": 10, "agentId": "maresciallo_di_pietrantonio", "role": null, "determination": null, "criticalNote": null, "isRouteNode": "tragitto_torraccio_ponte_divino_amore"}, {"targetId": "gaz_due_santi", "interpretationId": "interp_00882", "referenceId": "ref_00690", "page": 297, "chapter": 10, "agentId": "autista_questura", "role": null, "determination": null, "criticalNote": null, "isRouteNode": "tragitto_torraccio_ponte_divino_amore"}, {"targetId": "gaz_due_santi", "interpretationId": "interp_00883", "referenceId": "ref_00690", "page": 297, "chapter": 10, "agentId": "agente_runzato", "role": null, "determination": null, "criticalNote": null, "isRouteNode": "tragitto_torraccio_ponte_divino_amore"}, {"targetId": "gaz_via_della_falcognana", "interpretationId": "interp_00884", "referenceId": "ref_00691", "page": 297, "chapter": 10, "agentId": "ingravallo", "role": null, "determination": null, "criticalNote": null, "isRouteNode": "tragitto_torraccio_ponte_divino_amore"}, {"targetId": "gaz_via_della_falcognana", "interpretationId": "interp_00885", "referenceId": "ref_00691", "page": 297, "chapter": 10, "agentId": "maresciallo_di_pietrantonio", "role": null, "determination": null, "criticalNote": null, "isRouteNode": "tragitto_torraccio_ponte_divino_amore"}, {"targetId": "gaz_via_della_falcognana", "interpretationId": "interp_00886", "referenceId": "ref_00691", "page": 297, "chapter": 10, "agentId": "autista_questura", "role": null, "determination": null, "criticalNote": null, "isRouteNode": "tragitto_torraccio_ponte_divino_amore"}, {"targetId": "gaz_via_della_falcognana", "interpretationId": "interp_00887", "referenceId": "ref_00691", "page": 297, "chapter": 10, "agentId": "agente_runzato", "role": null, "determination": null, "criticalNote": null, "isRouteNode": "tragitto_torraccio_ponte_divino_amore"}, {"targetId": "gaz_via_anziate", "interpretationId": "interp_00888", "referenceId": "ref_00692", "page": 297, "chapter": 10, "agentId": "ingravallo", "role": null, "determination": null, "criticalNote": null, "isRouteNode": "tragitto_torraccio_ponte_divino_amore"}, {"targetId": "gaz_via_anziate", "interpretationId": "interp_00889", "referenceId": "ref_00692", "page": 297, "chapter": 10, "agentId": "maresciallo_di_pietrantonio", "role": null, "determination": null, "criticalNote": null, "isRouteNode": "tragitto_torraccio_ponte_divino_amore"}, {"targetId": "gaz_via_anziate", "interpretationId": "interp_00890", "referenceId": "ref_00692", "page": 297, "chapter": 10, "agentId": "autista_questura", "role": null, "determination": null, "criticalNote": null, "isRouteNode": "tragitto_torraccio_ponte_divino_amore"}, {"targetId": "gaz_via_anziate", "interpretationId": "interp_00891", "referenceId": "ref_00692", "page": 297, "chapter": 10, "agentId": "agente_runzato", "role": null, "determination": null, "criticalNote": null, "isRouteNode": "tragitto_torraccio_ponte_divino_amore"}, {"targetId": "ponte_di_santa_fumia", "interpretationId": "interp_00892", "referenceId": "ref_00693", "page": 297, "chapter": 10, "agentId": "ingravallo", "role": null, "determination": null, "criticalNote": null, "isRouteNode": "tragitto_torraccio_ponte_divino_amore"}, {"targetId": "ponte_di_santa_fumia", "interpretationId": "interp_00893", "referenceId": "ref_00693", "page": 297, "chapter": 10, "agentId": "maresciallo_di_pietrantonio", "role": null, "determination": null, "criticalNote": null, "isRouteNode": "tragitto_torraccio_ponte_divino_amore"}, {"targetId": "ponte_di_santa_fumia", "interpretationId": "interp_00894", "referenceId": "ref_00693", "page": 297, "chapter": 10, "agentId": "autista_questura", "role": null, "determination": null, "criticalNote": null, "isRouteNode": "tragitto_torraccio_ponte_divino_amore"}, {"targetId": "ponte_di_santa_fumia", "interpretationId": "interp_00895", "referenceId": "ref_00693", "page": 297, "chapter": 10, "agentId": "agente_runzato", "role": null, "determination": null, "criticalNote": null, "isRouteNode": "tragitto_torraccio_ponte_divino_amore"}, {"targetId": "tor_di_gheppio", "interpretationId": "interp_00896", "referenceId": "ref_00694", "page": 297, "chapter": 10, "agentId": "ingravallo", "role": null, "determination": null, "criticalNote": null, "isRouteNode": "tragitto_torraccio_ponte_divino_amore"}, {"targetId": "tor_di_gheppio", "interpretationId": "interp_00897", "referenceId": "ref_00694", "page": 297, "chapter": 10, "agentId": "maresciallo_di_pietrantonio", "role": null, "determination": null, "criticalNote": null, "isRouteNode": "tragitto_torraccio_ponte_divino_amore"}, {"targetId": "tor_di_gheppio", "interpretationId": "interp_00898", "referenceId": "ref_00694", "page": 297, "chapter": 10, "agentId": "autista_questura", "role": null, "determination": null, "criticalNote": null, "isRouteNode": "tragitto_torraccio_ponte_divino_amore"}, {"targetId": "tor_di_gheppio", "interpretationId": "interp_00899", "referenceId": "ref_00694", "page": 297, "chapter": 10, "agentId": "agente_runzato", "role": null, "determination": null, "criticalNote": null, "isRouteNode": "tragitto_torraccio_ponte_divino_amore"}, {"targetId": "gaz_casal_bruciato", "interpretationId": "interp_00900", "referenceId": "ref_00695", "page": 297, "chapter": 10, "agentId": "ingravallo", "role": null, "determination": null, "criticalNote": null, "isRouteNode": "tragitto_torraccio_ponte_divino_amore"}, {"targetId": "gaz_casal_bruciato", "interpretationId": "interp_00901", "referenceId": "ref_00695", "page": 297, "chapter": 10, "agentId": "maresciallo_di_pietrantonio", "role": null, "determination": null, "criticalNote": null, "isRouteNode": "tragitto_torraccio_ponte_divino_amore"}, {"targetId": "gaz_casal_bruciato", "interpretationId": "interp_00902", "referenceId": "ref_00695", "page": 297, "chapter": 10, "agentId": "autista_questura", "role": null, "determination": null, "criticalNote": null, "isRouteNode": "tragitto_torraccio_ponte_divino_amore"}, {"targetId": "gaz_casal_bruciato", "interpretationId": "interp_00903", "referenceId": "ref_00695", "page": 297, "chapter": 10, "agentId": "agente_runzato", "role": null, "determination": null, "criticalNote": null, "isRouteNode": "tragitto_torraccio_ponte_divino_amore"}, {"targetId": "gaz_ferrovia_roma_velletri", "interpretationId": "interp_00904", "referenceId": "ref_00696", "page": 297, "chapter": 10, "agentId": "ingravallo", "role": null, "determination": null, "criticalNote": null, "isRouteNode": "tragitto_torraccio_ponte_divino_amore"}, {"targetId": "gaz_ferrovia_roma_velletri", "interpretationId": "interp_00905", "referenceId": "ref_00696", "page": 297, "chapter": 10, "agentId": "maresciallo_di_pietrantonio", "role": null, "determination": null, "criticalNote": null, "isRouteNode": "tragitto_torraccio_ponte_divino_amore"}, {"targetId": "gaz_ferrovia_roma_velletri", "interpretationId": "interp_00906", "referenceId": "ref_00696", "page": 297, "chapter": 10, "agentId": "autista_questura", "role": null, "determination": null, "criticalNote": null, "isRouteNode": "tragitto_torraccio_ponte_divino_amore"}, {"targetId": "gaz_ferrovia_roma_velletri", "interpretationId": "interp_00907", "referenceId": "ref_00696", "page": 297, "chapter": 10, "agentId": "agente_runzato", "role": null, "determination": null, "criticalNote": null, "isRouteNode": "tragitto_torraccio_ponte_divino_amore"}, {"targetId": "ponte_divino_amore", "interpretationId": "interp_00908", "referenceId": "ref_00697", "page": 297, "chapter": 10, "agentId": "ingravallo", "role": null, "determination": null, "criticalNote": null, "isRouteNode": "tragitto_torraccio_ponte_divino_amore"}, {"targetId": "ponte_divino_amore", "interpretationId": "interp_00909", "referenceId": "ref_00697", "page": 297, "chapter": 10, "agentId": "maresciallo_di_pietrantonio", "role": null, "determination": null, "criticalNote": null, "isRouteNode": "tragitto_torraccio_ponte_divino_amore"}, {"targetId": "ponte_divino_amore", "interpretationId": "interp_00910", "referenceId": "ref_00697", "page": 297, "chapter": 10, "agentId": "autista_questura", "role": null, "determination": null, "criticalNote": null, "isRouteNode": "tragitto_torraccio_ponte_divino_amore"}, {"targetId": "ponte_divino_amore", "interpretationId": "interp_00911", "referenceId": "ref_00697", "page": 297, "chapter": 10, "agentId": "agente_runzato", "role": null, "determination": null, "criticalNote": null, "isRouteNode": "tragitto_torraccio_ponte_divino_amore"}, {"targetId": "tor_di_gheppio", "interpretationId": "interp_00916", "referenceId": "ref_00699", "page": 298, "chapter": 10, "agentId": "assunta", "role": "ProjectedSpace", "determination": "Approximate", "criticalNote": null, "isRouteNode": null}, {"targetId": "gaz_palazzo", "interpretationId": "interp_00917", "referenceId": "ref_00700", "page": 298, "chapter": 10, "agentId": "assunta", "role": "ProjectedSpace", "determination": "Approximate", "criticalNote": null, "isRouteNode": null}, {"targetId": "gaz_pavona", "interpretationId": "interp_00918", "referenceId": "ref_00701", "page": 298, "chapter": 10, "agentId": "agente_runzato", "role": "Marker", "determination": "Approximate", "criticalNote": null, "isRouteNode": null}, {"targetId": "gaz_pavona", "interpretationId": "interp_00919", "referenceId": "ref_00701", "page": 298, "chapter": 10, "agentId": "ingravallo", "role": "Marker", "determination": "Approximate", "criticalNote": null, "isRouteNode": null}, {"targetId": "stazione_pavona", "interpretationId": "interp_00920", "referenceId": "ref_00702", "page": 298, "chapter": 10, "agentId": "agente_runzato", "role": "Marker", "determination": "Approximate", "criticalNote": null, "isRouteNode": null}, {"targetId": "stazione_pavona", "interpretationId": "interp_00921", "referenceId": "ref_00702", "page": 298, "chapter": 10, "agentId": "ingravallo", "role": "Marker", "determination": "Approximate", "criticalNote": null, "isRouteNode": null}, {"targetId": "gaz_direttissima_roma_napoli", "interpretationId": "interp_00922", "referenceId": "ref_00703", "page": 298, "chapter": 10, "agentId": "ingravallo", "role": "Marker", "determination": "Approximate", "criticalNote": null, "isRouteNode": null}, {"targetId": "gaz_direttissima_roma_napoli", "interpretationId": "interp_00923", "referenceId": "ref_00703", "page": 298, "chapter": 10, "agentId": "agente_runzato", "role": "Marker", "determination": "Approximate", "criticalNote": null, "isRouteNode": null}, {"targetId": "tor_di_gheppio", "interpretationId": "interp_00924", "referenceId": "ref_00704", "page": 298, "chapter": 10, "agentId": "ingravallo", "role": "ProjectedSpace", "determination": "Approximate", "criticalNote": null, "isRouteNode": null}, {"targetId": "tor_di_gheppio", "interpretationId": "interp_00925", "referenceId": "ref_00704", "page": 298, "chapter": 10, "agentId": "agente_runzato", "role": "ProjectedSpace", "determination": "Approximate", "criticalNote": null, "isRouteNode": null}, {"targetId": "gaz_pavona", "interpretationId": "interp_00926", "referenceId": "ref_00705", "page": 298, "chapter": 10, "agentId": "ingravallo", "role": "ProjectedSpace", "determination": "Approximate", "criticalNote": null, "isRouteNode": null}, {"targetId": "gaz_pavona", "interpretationId": "interp_00927", "referenceId": "ref_00705", "page": 298, "chapter": 10, "agentId": "agente_runzato", "role": "ProjectedSpace", "determination": "Approximate", "criticalNote": null, "isRouteNode": null}, {"targetId": "gaz_casal_bruciato", "interpretationId": "interp_00928", "referenceId": "ref_00706", "page": 298, "chapter": 10, "agentId": "ingravallo", "role": "ProjectedSpace", "determination": "Approximate", "criticalNote": null, "isRouteNode": null}, {"targetId": "gaz_casal_bruciato", "interpretationId": "interp_00929", "referenceId": "ref_00706", "page": 298, "chapter": 10, "agentId": "agente_runzato", "role": "ProjectedSpace", "determination": "Approximate", "criticalNote": null, "isRouteNode": null}, {"targetId": "gaz_via_ardeatina", "interpretationId": "interp_00930", "referenceId": "ref_00707", "page": 298, "chapter": 10, "agentId": "ingravallo", "role": "ProjectedSpace", "determination": "Approximate", "criticalNote": null, "isRouteNode": null}, {"targetId": "gaz_via_ardeatina", "interpretationId": "interp_00931", "referenceId": "ref_00707", "page": 298, "chapter": 10, "agentId": "agente_runzato", "role": "ProjectedSpace", "determination": "Approximate", "criticalNote": null, "isRouteNode": null}, {"targetId": "gaz_ardea", "interpretationId": "interp_00932", "referenceId": "ref_00708", "page": 298, "chapter": 10, "agentId": "ingravallo", "role": "ProjectedSpace", "determination": "Approximate", "criticalNote": null, "isRouteNode": null}, {"targetId": "gaz_ardea", "interpretationId": "interp_00933", "referenceId": "ref_00708", "page": 298, "chapter": 10, "agentId": "agente_runzato", "role": "ProjectedSpace", "determination": "Approximate", "criticalNote": null, "isRouteNode": null}, {"targetId": "gaz_santa_palomba", "interpretationId": "interp_00934", "referenceId": "ref_00709", "page": 298, "chapter": 10, "agentId": "ingravallo", "role": "ProjectedSpace", "determination": "Approximate", "criticalNote": null, "isRouteNode": null}, {"targetId": "gaz_santa_palomba", "interpretationId": "interp_00935", "referenceId": "ref_00709", "page": 298, "chapter": 10, "agentId": "agente_runzato", "role": "ProjectedSpace", "determination": "Approximate", "criticalNote": null, "isRouteNode": null}, {"targetId": "gaz_marino", "interpretationId": "interp_00936", "referenceId": "ref_00710", "page": 298, "chapter": 10, "agentId": "ingravallo", "role": "ProjectedSpace", "determination": "Approximate", "criticalNote": null, "isRouteNode": null}, {"targetId": "gaz_marino", "interpretationId": "interp_00937", "referenceId": "ref_00710", "page": 298, "chapter": 10, "agentId": "agente_runzato", "role": "ProjectedSpace", "determination": "Approximate", "criticalNote": null, "isRouteNode": null}, {"targetId": "gaz_solforata", "interpretationId": "interp_00938", "referenceId": "ref_00711", "page": 298, "chapter": 10, "agentId": "ingravallo", "role": "ProjectedSpace", "determination": "Approximate", "criticalNote": null, "isRouteNode": null}, {"targetId": "gaz_solforata", "interpretationId": "interp_00939", "referenceId": "ref_00711", "page": 298, "chapter": 10, "agentId": "agente_runzato", "role": "ProjectedSpace", "determination": "Approximate", "criticalNote": null, "isRouteNode": null}, {"targetId": "gaz_pratica_di_mare", "interpretationId": "interp_00940", "referenceId": "ref_00712", "page": 298, "chapter": 10, "agentId": "ingravallo", "role": "ProjectedSpace", "determination": "Approximate", "criticalNote": null, "isRouteNode": null}, {"targetId": "gaz_pratica_di_mare", "interpretationId": "interp_00941", "referenceId": "ref_00712", "page": 298, "chapter": 10, "agentId": "agente_runzato", "role": "ProjectedSpace", "determination": "Approximate", "criticalNote": null, "isRouteNode": null}, {"targetId": "gaz_palazzo", "interpretationId": "interp_00942", "referenceId": "ref_00713", "page": 298, "chapter": 10, "agentId": "ingravallo", "role": "ProjectedSpace", "determination": "Approximate", "criticalNote": null, "isRouteNode": null}, {"targetId": "gaz_palazzo", "interpretationId": "interp_00943", "referenceId": "ref_00713", "page": 298, "chapter": 10, "agentId": "agente_runzato", "role": "ProjectedSpace", "determination": "Approximate", "criticalNote": null, "isRouteNode": null}, {"targetId": "gaz_pavona", "interpretationId": "interp_00944", "referenceId": "ref_00714", "page": 298, "chapter": 10, "agentId": "ingravallo", "role": "ProjectedSpace", "determination": "Approximate", "criticalNote": null, "isRouteNode": null}, {"targetId": "gaz_pavona", "interpretationId": "interp_00945", "referenceId": "ref_00714", "page": 298, "chapter": 10, "agentId": "agente_runzato", "role": "ProjectedSpace", "determination": "Approximate", "criticalNote": null, "isRouteNode": null}, {"targetId": "gaz_casal_bruciato", "interpretationId": "interp_00946", "referenceId": "ref_00715", "page": 298, "chapter": 10, "agentId": "ingravallo", "role": "ProjectedSpace", "determination": "Approximate", "criticalNote": null, "isRouteNode": null}, {"targetId": "gaz_casal_bruciato", "interpretationId": "interp_00947", "referenceId": "ref_00715", "page": 298, "chapter": 10, "agentId": "agente_runzato", "role": "ProjectedSpace", "determination": "Approximate", "criticalNote": null, "isRouteNode": null}, {"targetId": "tor_di_gheppio", "interpretationId": "interp_00948", "referenceId": "ref_00716", "page": 298, "chapter": 10, "agentId": "ingravallo", "role": "ProjectedSpace", "determination": "Approximate", "criticalNote": null, "isRouteNode": null}, {"targetId": "tor_di_gheppio", "interpretationId": "interp_00949", "referenceId": "ref_00716", "page": 298, "chapter": 10, "agentId": "agente_runzato", "role": "ProjectedSpace", "determination": "Approximate", "criticalNote": null, "isRouteNode": null}, {"targetId": "casa_crocchiapani", "interpretationId": "interp_00950", "referenceId": "ref_00717", "page": 299, "chapter": 10, "agentId": "ingravallo", "role": "Setting", "determination": "Approximate", "criticalNote": null, "isRouteNode": null}, {"targetId": "casa_crocchiapani", "interpretationId": "interp_00951", "referenceId": "ref_00717", "page": 299, "chapter": 10, "agentId": "agente_runzato", "role": "Setting", "determination": "Approximate", "criticalNote": null, "isRouteNode": null}, {"targetId": "casa_crocchiapani", "interpretationId": "interp_00952", "referenceId": "ref_00717", "page": 299, "chapter": 10, "agentId": "maresciallo_di_pietrantonio", "role": "Setting", "determination": "Approximate", "criticalNote": null, "isRouteNode": null}, {"targetId": "casa_crocchiapani", "interpretationId": "interp_00953", "referenceId": "ref_00717", "page": 299, "chapter": 10, "agentId": "assunta", "role": "Setting", "determination": "Approximate", "criticalNote": null, "isRouteNode": null}, {"targetId": "casa_crocchiapani", "interpretationId": "interp_00954", "referenceId": "ref_00718", "page": 299, "chapter": 10, "agentId": "assunta", "role": "Setting", "determination": "Precise", "criticalNote": null, "isRouteNode": null}, {"targetId": "tor_di_gheppio", "interpretationId": "interp_00955", "referenceId": "ref_00719", "page": 302, "chapter": 10, "agentId": "veronica_magliarini", "role": "ProjectedSpace", "determination": "Approximate", "criticalNote": null, "isRouteNode": null}, {"targetId": "casa_crocchiapani", "interpretationId": "interp_00956", "referenceId": "ref_00720", "page": 302, "chapter": 10, "agentId": "ingravallo", "role": "Setting", "determination": "Precise", "criticalNote": null, "isRouteNode": null}, {"targetId": "casa_crocchiapani", "interpretationId": "interp_00957", "referenceId": "ref_00720", "page": 302, "chapter": 10, "agentId": "maresciallo_di_pietrantonio", "role": "Setting", "determination": "Precise", "criticalNote": null, "isRouteNode": null}, {"targetId": "casa_crocchiapani", "interpretationId": "interp_00958", "referenceId": "ref_00720", "page": 302, "chapter": 10, "agentId": "assunta", "role": "Setting", "determination": "Precise", "criticalNote": null, "isRouteNode": null}, {"targetId": "tor_di_gheppio", "interpretationId": "interp_00959", "referenceId": "ref_00721", "page": 302, "chapter": 10, "agentId": "ingravallo", "role": "ProjectedSpace", "determination": "Relative", "criticalNote": null, "isRouteNode": null}, {"targetId": "tor_di_gheppio", "interpretationId": "interp_00960", "referenceId": "ref_00721", "page": 302, "chapter": 10, "agentId": "assunta", "role": "ProjectedSpace", "determination": "Relative", "criticalNote": null, "isRouteNode": null}, {"targetId": "tenenza_carabinieri_marino", "interpretationId": "interp_00961", "referenceId": "ref_00722", "page": 306, "chapter": 10, "agentId": "assunta", "role": "ProjectedSpace", "determination": "Relative", "criticalNote": null, "isRouteNode": null}, {"targetId": "tenenza_carabinieri_marino", "interpretationId": "interp_00962", "referenceId": "ref_00722", "page": 306, "chapter": 10, "agentId": "pestalozzi", "role": "ProjectedSpace", "determination": "Relative", "criticalNote": null, "isRouteNode": null}], "features": [{"type": "Feature", "geometry": {"type": "Point", "coordinates": [12.47948307900791, 41.89737347768524]}, "properties": {"GazetteerEntity_ID": "gaz_santo_stefano_del_cacco_celio_santo_stefano", "Toponym": "Santo Stefano del Cacco, Celio-Santo Stefano", "occurrences": 23, "interpretations": 36, "anchoredTotal": 36, "mentionsByChapter": [4, 0, 1, 3, 3, 6, 1, 0, 3, 2], "densityClass": "hub", "densityLevel": 5, "distanceFromRomeKm": 1.5, "iri": "https://w3id.org/gaddatlas/id/gazetteer/gaz_santo_stefano_del_cacco_celio_santo_stefano"}}, {"type": "Feature", "geometry": {"type": "Point", "coordinates": [12.50204620435122, 41.8919173419505]}, "properties": {"GazetteerEntity_ID": "gaz_via_merulana", "Toponym": "Via Merulana", "occurrences": 23, "interpretations": 27, "anchoredTotal": 58, "mentionsByChapter": [7, 5, 3, 3, 1, 0, 1, 1, 0, 2], "densityClass": "hub", "densityLevel": 5, "distanceFromRomeKm": 1.3, "iri": "https://w3id.org/gaddatlas/id/gazetteer/gaz_via_merulana"}}, {"type": "Feature", "geometry": {"type": "Point", "coordinates": [12.616571382457442, 41.76118209967858]}, "properties": {"GazetteerEntity_ID": "gaz_due_santi", "Toponym": "Due Santi", "occurrences": 21, "interpretations": 30, "anchoredTotal": 54, "mentionsByChapter": [1, 1, 0, 0, 0, 8, 2, 5, 2, 2], "densityClass": "hub", "densityLevel": 5, "distanceFromRomeKm": 18.6, "iri": "https://w3id.org/gaddatlas/id/gazetteer/gaz_due_santi"}}, {"type": "Feature", "geometry": {"type": "Point", "coordinates": [12.623648121781372, 41.760346741901486]}, "properties": {"GazetteerEntity_ID": "gaz_torraccio", "Toponym": "Torraccio", "occurrences": 18, "interpretations": 23, "anchoredTotal": 23, "mentionsByChapter": [4, 3, 0, 0, 0, 5, 0, 1, 2, 3], "densityClass": "hub", "densityLevel": 5, "distanceFromRomeKm": 19.0, "iri": "https://w3id.org/gaddatlas/id/gazetteer/gaz_torraccio"}}, {"type": "Feature", "geometry": {"type": "Point", "coordinates": [12.66366867693179, 41.77540942594233]}, "properties": {"GazetteerEntity_ID": "gaz_marino", "Toponym": "Marino", "occurrences": 15, "interpretations": 16, "anchoredTotal": 48, "mentionsByChapter": [1, 2, 0, 0, 0, 5, 0, 0, 2, 5], "densityClass": "hub", "densityLevel": 5, "distanceFromRomeKm": 19.8, "iri": "https://w3id.org/gaddatlas/id/gazetteer/gaz_marino"}}, {"type": "Feature", "geometry": {"type": "Point", "coordinates": [12.52314794887518, 41.85054042792461]}, "properties": {"GazetteerEntity_ID": "gaz_via_appia", "Toponym": "Via Appia", "occurrences": 15, "interpretations": 23, "anchoredTotal": 23, "mentionsByChapter": [0, 0, 0, 0, 0, 8, 0, 4, 2, 1], "densityClass": "hub", "densityLevel": 5, "distanceFromRomeKm": 6.2, "iri": "https://w3id.org/gaddatlas/id/gazetteer/gaz_via_appia"}}, {"type": "Feature", "geometry": {"type": "Point", "coordinates": [12.616317604540413, 41.766863233033725]}, "properties": {"GazetteerEntity_ID": "gaz_frattocchie", "Toponym": "Frattocchie", "occurrences": 10, "interpretations": 11, "anchoredTotal": 13, "mentionsByChapter": [0, 1, 0, 0, 0, 5, 0, 1, 2, 1], "densityClass": "nodale", "densityLevel": 4, "distanceFromRomeKm": 18.1, "iri": "https://w3id.org/gaddatlas/id/gazetteer/gaz_frattocchie"}}, {"type": "Feature", "geometry": {"type": "Point", "coordinates": [12.5048427733034, 41.895124393144]}, "properties": {"GazetteerEntity_ID": "gaz_piazza_vittorio_emanuele", "Toponym": "Piazza Vittorio Emanuele", "occurrences": 10, "interpretations": 13, "anchoredTotal": 13, "mentionsByChapter": [0, 0, 1, 1, 1, 1, 3, 0, 0, 3], "densityClass": "nodale", "densityLevel": 4, "distanceFromRomeKm": 1.1, "iri": "https://w3id.org/gaddatlas/id/gazetteer/gaz_piazza_vittorio_emanuele"}}, {"type": "Feature", "geometry": {"type": "Point", "coordinates": [12.550603021665, 41.90695676286888]}, "properties": {"GazetteerEntity_ID": "gaz_casal_bruciato", "Toponym": "Casal Bruciato", "occurrences": 8, "interpretations": 13, "anchoredTotal": 35, "mentionsByChapter": [0, 0, 0, 0, 0, 0, 0, 2, 3, 3], "densityClass": "frequente", "densityLevel": 3, "distanceFromRomeKm": 4.5, "iri": "https://w3id.org/gaddatlas/id/gazetteer/gaz_casal_bruciato"}}, {"type": "Feature", "geometry": {"type": "Point", "coordinates": [12.498505681387911, 41.88828469760136]}, "properties": {"GazetteerEntity_ID": "gaz_santi_quattro_coronati", "Toponym": "Santi Quattro Coronati", "occurrences": 8, "interpretations": 10, "anchoredTotal": 10, "mentionsByChapter": [4, 0, 0, 2, 2, 0, 0, 0, 0, 0], "densityClass": "frequente", "densityLevel": 3, "distanceFromRomeKm": 1.6, "iri": "https://w3id.org/gaddatlas/id/gazetteer/gaz_santi_quattro_coronati"}}, {"type": "Feature", "geometry": {"type": "Point", "coordinates": [12.50562195401995, 41.88599013299084]}, "properties": {"GazetteerEntity_ID": "gaz_san_giovanni_in_laterano", "Toponym": "San Giovanni in Laterano", "occurrences": 7, "interpretations": 9, "anchoredTotal": 9, "mentionsByChapter": [2, 1, 0, 0, 4, 0, 0, 0, 0, 0], "densityClass": "frequente", "densityLevel": 3, "distanceFromRomeKm": 2.0, "iri": "https://w3id.org/gaddatlas/id/gazetteer/gaz_san_giovanni_in_laterano"}}, {"type": "Feature", "geometry": {"type": "Point", "coordinates": [9.188743384040578, 45.46417984291975]}, "properties": {"GazetteerEntity_ID": "gaz_milano", "Toponym": "Milano", "occurrences": 6, "interpretations": 6, "anchoredTotal": 7, "mentionsByChapter": [0, 2, 0, 1, 1, 2, 0, 0, 0, 0], "densityClass": "frequente", "densityLevel": 3, "distanceFromRomeKm": 476.9, "iri": "https://w3id.org/gaddatlas/id/gazetteer/gaz_milano"}}, {"type": "Feature", "geometry": {"type": "Point", "coordinates": [12.61219280831608, 41.72553775484286]}, "properties": {"GazetteerEntity_ID": "gaz_pavona", "Toponym": "Pavona", "occurrences": 6, "interpretations": 10, "anchoredTotal": 13, "mentionsByChapter": [0, 0, 0, 0, 0, 0, 0, 1, 0, 5], "densityClass": "frequente", "densityLevel": 3, "distanceFromRomeKm": 21.9, "iri": "https://w3id.org/gaddatlas/id/gazetteer/gaz_pavona"}}, {"type": "Feature", "geometry": {"type": "Point", "coordinates": [12.50917293969651, 41.90863414049968]}, "properties": {"GazetteerEntity_ID": "gaz_policlinico", "Toponym": "Policlinico", "occurrences": 6, "interpretations": 7, "anchoredTotal": 7, "mentionsByChapter": [0, 0, 0, 3, 3, 0, 0, 0, 0, 0], "densityClass": "frequente", "densityLevel": 3, "distanceFromRomeKm": 1.2, "iri": "https://w3id.org/gaddatlas/id/gazetteer/gaz_policlinico"}}, {"type": "Feature", "geometry": {"type": "Point", "coordinates": [12.58052436788742, 41.75989937203588]}, "properties": {"GazetteerEntity_ID": "gaz_via_della_falcognana", "Toponym": "Via della Falcognana", "occurrences": 6, "interpretations": 13, "anchoredTotal": 13, "mentionsByChapter": [0, 0, 0, 0, 0, 0, 0, 0, 5, 1], "densityClass": "frequente", "densityLevel": 3, "distanceFromRomeKm": 17.4, "iri": "https://w3id.org/gaddatlas/id/gazetteer/gaz_via_della_falcognana"}}, {"type": "Feature", "geometry": {"type": "Point", "coordinates": [12.599503897985612, 41.80425628012242]}, "properties": {"GazetteerEntity_ID": "gaz_ciampino", "Toponym": "Ciampino", "occurrences": 5, "interpretations": 5, "anchoredTotal": 5, "mentionsByChapter": [0, 0, 0, 0, 0, 2, 0, 0, 3, 0], "densityClass": "ricorrente", "densityLevel": 2, "distanceFromRomeKm": 13.9, "iri": "https://w3id.org/gaddatlas/id/gazetteer/gaz_ciampino"}}, {"type": "Feature", "geometry": {"type": "Point", "coordinates": [12.47981741059732, 41.90123174971493]}, "properties": {"GazetteerEntity_ID": "gaz_palazzo_chigi", "Toponym": "Palazzo Chigi", "occurrences": 5, "interpretations": 5, "anchoredTotal": 5, "mentionsByChapter": [0, 1, 1, 3, 0, 0, 0, 0, 0, 0], "densityClass": "ricorrente", "densityLevel": 2, "distanceFromRomeKm": 1.4, "iri": "https://w3id.org/gaddatlas/id/gazetteer/gaz_palazzo_chigi"}}, {"type": "Feature", "geometry": {"type": "Point", "coordinates": [12.463486619911356, 41.89541963959722]}, "properties": {"GazetteerEntity_ID": "gaz_regina_coeli", "Toponym": "Regina Coeli", "occurrences": 5, "interpretations": 5, "anchoredTotal": 5, "mentionsByChapter": [0, 1, 1, 0, 1, 1, 0, 0, 1, 0], "densityClass": "ricorrente", "densityLevel": 2, "distanceFromRomeKm": 2.8, "iri": "https://w3id.org/gaddatlas/id/gazetteer/gaz_regina_coeli"}}, {"type": "Feature", "geometry": {"type": "Point", "coordinates": [12.502382758820149, 41.90255587411117]}, "properties": {"GazetteerEntity_ID": "gaz_sacro_cuore", "Toponym": "Sacro Cuore", "occurrences": 5, "interpretations": 6, "anchoredTotal": 6, "mentionsByChapter": [1, 2, 0, 0, 2, 0, 0, 0, 0, 0], "densityClass": "ricorrente", "densityLevel": 2, "distanceFromRomeKm": 0.5, "iri": "https://w3id.org/gaddatlas/id/gazetteer/gaz_sacro_cuore"}}, {"type": "Feature", "geometry": {"type": "Point", "coordinates": [12.51886092484358, 41.88075040110243]}, "properties": {"GazetteerEntity_ID": "gaz_san_giovanni", "Toponym": "San Giovanni", "occurrences": 5, "interpretations": 5, "anchoredTotal": 5, "mentionsByChapter": [2, 0, 0, 0, 0, 3, 0, 0, 0, 0], "densityClass": "ricorrente", "densityLevel": 2, "distanceFromRomeKm": 3.1, "iri": "https://w3id.org/gaddatlas/id/gazetteer/gaz_san_giovanni"}}, {"type": "Feature", "geometry": {"type": "Point", "coordinates": [12.573826656277753, 41.70649880109798]}, "properties": {"GazetteerEntity_ID": "gaz_santa_palomba", "Toponym": "Santa Palomba", "occurrences": 5, "interpretations": 6, "anchoredTotal": 6, "mentionsByChapter": [0, 0, 0, 0, 0, 2, 0, 0, 2, 1], "densityClass": "ricorrente", "densityLevel": 2, "distanceFromRomeKm": 22.8, "iri": "https://w3id.org/gaddatlas/id/gazetteer/gaz_santa_palomba"}}, {"type": "Feature", "geometry": {"type": "Point", "coordinates": [12.499315306942016, 41.885983052252186]}, "properties": {"GazetteerEntity_ID": "gaz_santo_stefano_rotondo", "Toponym": "Santo Stefano Rotondo", "occurrences": 5, "interpretations": 7, "anchoredTotal": 7, "mentionsByChapter": [1, 0, 1, 0, 0, 1, 2, 0, 0, 0], "densityClass": "ricorrente", "densityLevel": 2, "distanceFromRomeKm": 1.9, "iri": "https://w3id.org/gaddatlas/id/gazetteer/gaz_santo_stefano_rotondo"}}, {"type": "Feature", "geometry": {"type": "Point", "coordinates": [12.442903033569449, 41.91177548861766]}, "properties": {"GazetteerEntity_ID": "gaz_via_anziate", "Toponym": "Via Anziate", "occurrences": 5, "interpretations": 12, "anchoredTotal": 12, "mentionsByChapter": [0, 0, 0, 0, 0, 2, 0, 0, 2, 1], "densityClass": "ricorrente", "densityLevel": 2, "distanceFromRomeKm": 4.5, "iri": "https://w3id.org/gaddatlas/id/gazetteer/gaz_via_anziate"}}, {"type": "Feature", "geometry": {"type": "Point", "coordinates": [12.560749021883575, 41.748548036845285]}, "properties": {"GazetteerEntity_ID": "gaz_via_ardeatina", "Toponym": "Via Ardeatina", "occurrences": 5, "interpretations": 6, "anchoredTotal": 6, "mentionsByChapter": [0, 0, 0, 0, 0, 3, 0, 0, 1, 1], "densityClass": "ricorrente", "densityLevel": 2, "distanceFromRomeKm": 18.0, "iri": "https://w3id.org/gaddatlas/id/gazetteer/gaz_via_ardeatina"}}, {"type": "Feature", "geometry": {"type": "Point", "coordinates": [12.468244588924025, 41.91624918540069]}, "properties": {"GazetteerEntity_ID": "gaz_via_nicotera", "Toponym": "Via Nicotera", "occurrences": 5, "interpretations": 9, "anchoredTotal": 9, "mentionsByChapter": [0, 1, 1, 3, 0, 0, 0, 0, 0, 0], "densityClass": "ricorrente", "densityLevel": 2, "distanceFromRomeKm": 2.8, "iri": "https://w3id.org/gaddatlas/id/gazetteer/gaz_via_nicotera"}}, {"type": "Feature", "geometry": {"type": "Point", "coordinates": [12.491129905973104, 41.89663706340232]}, "properties": {"GazetteerEntity_ID": "gaz_via_panisperna", "Toponym": "Via Panisperna", "occurrences": 5, "interpretations": 6, "anchoredTotal": 6, "mentionsByChapter": [3, 1, 0, 0, 0, 0, 1, 0, 0, 0], "densityClass": "ricorrente", "densityLevel": 2, "distanceFromRomeKm": 0.8, "iri": "https://w3id.org/gaddatlas/id/gazetteer/gaz_via_panisperna"}}, {"type": "Feature", "geometry": {"type": "Point", "coordinates": [12.48958462091846, 41.906261368657]}, "properties": {"GazetteerEntity_ID": "gaz_via_veneto", "Toponym": "Via Veneto", "occurrences": 5, "interpretations": 5, "anchoredTotal": 5, "mentionsByChapter": [0, 0, 0, 0, 0, 0, 4, 0, 1, 0], "densityClass": "ricorrente", "densityLevel": 2, "distanceFromRomeKm": 0.7, "iri": "https://w3id.org/gaddatlas/id/gazetteer/gaz_via_veneto"}}, {"type": "Feature", "geometry": {"type": "Point", "coordinates": [12.829976839865571, 41.839732856050645]}, "properties": {"GazetteerEntity_ID": "gaz_zagarolo", "Toponym": "Zagarolo", "occurrences": 5, "interpretations": 5, "anchoredTotal": 5, "mentionsByChapter": [0, 0, 0, 4, 1, 0, 0, 0, 0, 0], "densityClass": "ricorrente", "densityLevel": 2, "distanceFromRomeKm": 28.5, "iri": "https://w3id.org/gaddatlas/id/gazetteer/gaz_zagarolo"}}, {"type": "Feature", "geometry": {"type": "Point", "coordinates": [12.65920047759274, 41.72979996535707]}, "properties": {"GazetteerEntity_ID": "gaz_albano_laziale", "Toponym": "Albano Laziale", "occurrences": 4, "interpretations": 4, "anchoredTotal": 10, "mentionsByChapter": [0, 0, 0, 0, 0, 2, 0, 1, 0, 1], "densityClass": "ricorrente", "densityLevel": 2, "distanceFromRomeKm": 23.5, "iri": "https://w3id.org/gaddatlas/id/gazetteer/gaz_albano_laziale"}}, {"type": "Feature", "geometry": {"type": "Point", "coordinates": [12.466807906113214, 41.89984502388519]}, "properties": {"GazetteerEntity_ID": "gaz_banco_di_santo_spirito", "Toponym": "Banco di Santo Spirito", "occurrences": 4, "interpretations": 4, "anchoredTotal": 4, "mentionsByChapter": [0, 0, 0, 3, 1, 0, 0, 0, 0, 0], "densityClass": "ricorrente", "densityLevel": 2, "distanceFromRomeKm": 2.5, "iri": "https://w3id.org/gaddatlas/id/gazetteer/gaz_banco_di_santo_spirito"}}, {"type": "Feature", "geometry": {"type": "Point", "coordinates": [12.47948307900791, 41.89737347768524]}, "properties": {"GazetteerEntity_ID": "gaz_collegio_romano", "Toponym": "Collegio Romano", "occurrences": 4, "interpretations": 4, "anchoredTotal": 4, "mentionsByChapter": [1, 2, 0, 1, 0, 0, 0, 0, 0, 0], "densityClass": "ricorrente", "densityLevel": 2, "distanceFromRomeKm": 1.5, "iri": "https://w3id.org/gaddatlas/id/gazetteer/gaz_collegio_romano"}}, {"type": "Feature", "geometry": {"type": "Point", "coordinates": [14.25512089831604, 40.83845747697102]}, "properties": {"GazetteerEntity_ID": "gaz_molo_beverello", "Toponym": "Molo Beverello", "occurrences": 4, "interpretations": 5, "anchoredTotal": 5, "mentionsByChapter": [0, 1, 0, 0, 1, 0, 2, 0, 0, 0], "densityClass": "ricorrente", "densityLevel": 2, "distanceFromRomeKm": 188.5, "iri": "https://w3id.org/gaddatlas/id/gazetteer/gaz_molo_beverello"}}, {"type": "Feature", "geometry": {"type": "Point", "coordinates": [12.498397680304144, 41.89783811990252]}, "properties": {"GazetteerEntity_ID": "gaz_santa_maria_maggiore", "Toponym": "Santa Maria Maggiore", "occurrences": 4, "interpretations": 6, "anchoredTotal": 6, "mentionsByChapter": [1, 0, 0, 0, 0, 0, 1, 0, 0, 2], "densityClass": "ricorrente", "densityLevel": 2, "distanceFromRomeKm": 0.6, "iri": "https://w3id.org/gaddatlas/id/gazetteer/gaz_santa_maria_maggiore"}}, {"type": "Feature", "geometry": {"type": "Point", "coordinates": [12.802413747816448, 41.95975597738329]}, "properties": {"GazetteerEntity_ID": "gaz_tivoli", "Toponym": "Tivoli", "occurrences": 4, "interpretations": 4, "anchoredTotal": 4, "mentionsByChapter": [1, 0, 0, 1, 1, 0, 0, 1, 0, 0], "densityClass": "ricorrente", "densityLevel": 2, "distanceFromRomeKm": 26.1, "iri": "https://w3id.org/gaddatlas/id/gazetteer/gaz_tivoli"}}, {"type": "Feature", "geometry": {"type": "Point", "coordinates": [12.478768993659564, 41.8967983204413]}, "properties": {"GazetteerEntity_ID": "gaz_via_del_gesu", "Toponym": "Via del Gesù", "occurrences": 4, "interpretations": 6, "anchoredTotal": 6, "mentionsByChapter": [1, 0, 0, 0, 0, 1, 2, 0, 0, 0], "densityClass": "ricorrente", "densityLevel": 2, "distanceFromRomeKm": 1.6, "iri": "https://w3id.org/gaddatlas/id/gazetteer/gaz_via_del_gesu"}}, {"type": "Feature", "geometry": {"type": "Point", "coordinates": [12.672990584468002, 41.72150161333168]}, "properties": {"GazetteerEntity_ID": "gaz_ariccia", "Toponym": "Ariccia", "occurrences": 3, "interpretations": 3, "anchoredTotal": 3, "mentionsByChapter": [0, 0, 0, 0, 0, 3, 0, 0, 0, 0], "densityClass": "raro", "densityLevel": 1, "distanceFromRomeKm": 24.9, "iri": "https://w3id.org/gaddatlas/id/gazetteer/gaz_ariccia"}}, {"type": "Feature", "geometry": {"type": "Point", "coordinates": [12.48081919655661, 41.900490491252384]}, "properties": {"GazetteerEntity_ID": "gaz_banca_commerciale_italiana", "Toponym": "Banca Commerciale Italiana", "occurrences": 3, "interpretations": 3, "anchoredTotal": 3, "mentionsByChapter": [0, 0, 0, 2, 1, 0, 0, 0, 0, 0], "densityClass": "raro", "densityLevel": 1, "distanceFromRomeKm": 1.3, "iri": "https://w3id.org/gaddatlas/id/gazetteer/gaz_banca_commerciale_italiana"}}, {"type": "Feature", "geometry": {"type": "Point", "coordinates": [12.477533646244904, 41.90228013764708]}, "properties": {"GazetteerEntity_ID": "gaz_campo_marzio", "Toponym": "Campo Marzio", "occurrences": 3, "interpretations": 4, "anchoredTotal": 4, "mentionsByChapter": [0, 0, 0, 3, 0, 0, 0, 0, 0, 0], "densityClass": "raro", "densityLevel": 1, "distanceFromRomeKm": 1.6, "iri": "https://w3id.org/gaddatlas/id/gazetteer/gaz_campo_marzio"}}, {"type": "Feature", "geometry": {"type": "Point", "coordinates": [12.497441089867236, 41.88727982359032]}, "properties": {"GazetteerEntity_ID": "gaz_celio", "Toponym": "Celio", "occurrences": 3, "interpretations": 3, "anchoredTotal": 5, "mentionsByChapter": [1, 1, 0, 1, 0, 0, 0, 0, 0, 0], "densityClass": "raro", "densityLevel": 1, "distanceFromRomeKm": 1.7, "iri": "https://w3id.org/gaddatlas/id/gazetteer/gaz_celio"}}, {"type": "Feature", "geometry": {"type": "Point", "coordinates": [12.64899568499919, 41.64771889912876]}, "properties": {"GazetteerEntity_ID": "gaz_direttissima_roma_napoli", "Toponym": "Direttissima Roma-Napoli", "occurrences": 3, "interpretations": 4, "anchoredTotal": 4, "mentionsByChapter": [0, 0, 0, 0, 0, 0, 0, 1, 1, 1], "densityClass": "raro", "densityLevel": 1, "distanceFromRomeKm": 31.1, "iri": "https://w3id.org/gaddatlas/id/gazetteer/gaz_direttissima_roma_napoli"}}, {"type": "Feature", "geometry": {"type": "Point", "coordinates": [12.601126265148835, 41.75795460249268]}, "properties": {"GazetteerEntity_ID": "gaz_ferrovia_roma_velletri", "Toponym": "Ferrovia Roma-Velletri", "occurrences": 3, "interpretations": 6, "anchoredTotal": 6, "mentionsByChapter": [0, 0, 0, 0, 0, 0, 0, 0, 2, 1], "densityClass": "raro", "densityLevel": 1, "distanceFromRomeKm": 18.3, "iri": "https://w3id.org/gaddatlas/id/gazetteer/gaz_ferrovia_roma_velletri"}}, {"type": "Feature", "geometry": {"type": "Point", "coordinates": [8.93119220339372, 44.40813562461099]}, "properties": {"GazetteerEntity_ID": "gaz_genova", "Toponym": "Genova", "occurrences": 3, "interpretations": 3, "anchoredTotal": 3, "mentionsByChapter": [0, 2, 1, 0, 0, 0, 0, 0, 0, 0], "densityClass": "raro", "densityLevel": 1, "distanceFromRomeKm": 401.5, "iri": "https://w3id.org/gaddatlas/id/gazetteer/gaz_genova"}}, {"type": "Feature", "geometry": {"type": "Point", "coordinates": [12.465430919268728, 41.89549536697815]}, "properties": {"GazetteerEntity_ID": "gaz_lungara", "Toponym": "Lungara", "occurrences": 3, "interpretations": 3, "anchoredTotal": 3, "mentionsByChapter": [0, 0, 2, 0, 1, 0, 0, 0, 0, 0], "densityClass": "raro", "densityLevel": 1, "distanceFromRomeKm": 2.7, "iri": "https://w3id.org/gaddatlas/id/gazetteer/gaz_lungara"}}, {"type": "Feature", "geometry": {"type": "Point", "coordinates": [12.597231861624314, 41.71799629809183]}, "properties": {"GazetteerEntity_ID": "gaz_palazzo", "Toponym": "Palazzo", "occurrences": 3, "interpretations": 4, "anchoredTotal": 4, "mentionsByChapter": [0, 0, 0, 0, 0, 0, 0, 0, 0, 3], "densityClass": "raro", "densityLevel": 1, "distanceFromRomeKm": 22.2, "iri": "https://w3id.org/gaddatlas/id/gazetteer/gaz_palazzo"}}, {"type": "Feature", "geometry": {"type": "Point", "coordinates": [12.235774006217756, 42.43655912777748]}, "properties": {"GazetteerEntity_ID": "gaz_soriano_nel_cimino", "Toponym": "Soriano nel Cimino", "occurrences": 3, "interpretations": 3, "anchoredTotal": 3, "mentionsByChapter": [0, 0, 0, 0, 3, 0, 0, 0, 0, 0], "densityClass": "raro", "densityLevel": 1, "distanceFromRomeKm": 63.1, "iri": "https://w3id.org/gaddatlas/id/gazetteer/gaz_soriano_nel_cimino"}}, {"type": "Feature", "geometry": {"type": "Point", "coordinates": [12.502530478441573, 41.90058242591175]}, "properties": {"GazetteerEntity_ID": "gaz_termini", "Toponym": "Termini", "occurrences": 3, "interpretations": 4, "anchoredTotal": 4, "mentionsByChapter": [0, 0, 0, 2, 0, 0, 1, 0, 0, 0], "densityClass": "raro", "densityLevel": 1, "distanceFromRomeKm": 0.6, "iri": "https://w3id.org/gaddatlas/id/gazetteer/gaz_termini"}}, {"type": "Feature", "geometry": {"type": "Point", "coordinates": [12.518773149025854, 41.87842995242856]}, "properties": {"GazetteerEntity_ID": "gaz_tranvie_dei_castelli", "Toponym": "Tranvie dei Castelli", "occurrences": 3, "interpretations": 3, "anchoredTotal": 3, "mentionsByChapter": [1, 2, 0, 0, 0, 0, 0, 0, 0, 0], "densityClass": "raro", "densityLevel": 1, "distanceFromRomeKm": 3.3, "iri": "https://w3id.org/gaddatlas/id/gazetteer/gaz_tranvie_dei_castelli"}}, {"type": "Feature", "geometry": {"type": "Point", "coordinates": [12.466855862738894, 41.89855410311026]}, "properties": {"GazetteerEntity_ID": "gaz_via_dei_banchi_vecchi", "Toponym": "Via dei Banchi Vecchi", "occurrences": 3, "interpretations": 4, "anchoredTotal": 4, "mentionsByChapter": [0, 1, 0, 0, 2, 0, 0, 0, 0, 0], "densityClass": "raro", "densityLevel": 1, "distanceFromRomeKm": 2.5, "iri": "https://w3id.org/gaddatlas/id/gazetteer/gaz_via_dei_banchi_vecchi"}}, {"type": "Feature", "geometry": {"type": "Point", "coordinates": [12.490298122566564, 41.89625372175469]}, "properties": {"GazetteerEntity_ID": "gaz_via_dei_serpenti", "Toponym": "Via dei Serpenti", "occurrences": 3, "interpretations": 4, "anchoredTotal": 4, "mentionsByChapter": [2, 1, 0, 0, 0, 0, 0, 0, 0, 0], "densityClass": "raro", "densityLevel": 1, "distanceFromRomeKm": 0.9, "iri": "https://w3id.org/gaddatlas/id/gazetteer/gaz_via_dei_serpenti"}}, {"type": "Feature", "geometry": {"type": "Point", "coordinates": [12.496558649455126, 41.8952468123314]}, "properties": {"GazetteerEntity_ID": "gaz_via_lanza", "Toponym": "Via Lanza", "occurrences": 3, "interpretations": 5, "anchoredTotal": 5, "mentionsByChapter": [0, 0, 0, 0, 0, 0, 2, 0, 0, 1], "densityClass": "raro", "densityLevel": 1, "distanceFromRomeKm": 0.8, "iri": "https://w3id.org/gaddatlas/id/gazetteer/gaz_via_lanza"}}, {"type": "Feature", "geometry": {"type": "Point", "coordinates": [12.494448968864743, 41.89805973978667]}, "properties": {"GazetteerEntity_ID": "gaz_viminale", "Toponym": "Viminale", "occurrences": 3, "interpretations": 6, "anchoredTotal": 6, "mentionsByChapter": [1, 1, 0, 0, 0, 0, 0, 0, 0, 1], "densityClass": "raro", "densityLevel": 1, "distanceFromRomeKm": 0.6, "iri": "https://w3id.org/gaddatlas/id/gazetteer/gaz_viminale"}}, {"type": "Feature", "geometry": {"type": "Point", "coordinates": [12.50154664546876, 41.94603890927569]}, "properties": {"GazetteerEntity_ID": "gaz_aniene", "Toponym": "Aniene", "occurrences": 2, "interpretations": 2, "anchoredTotal": 2, "mentionsByChapter": [0, 0, 0, 2, 0, 0, 0, 0, 0, 0], "densityClass": "raro", "densityLevel": 1, "distanceFromRomeKm": 4.8, "iri": "https://w3id.org/gaddatlas/id/gazetteer/gaz_aniene"}}, {"type": "Feature", "geometry": {"type": "Point", "coordinates": [12.627465687905143, 41.44778427232902]}, "properties": {"GazetteerEntity_ID": "gaz_anzio", "Toponym": "Anzio", "occurrences": 2, "interpretations": 2, "anchoredTotal": 2, "mentionsByChapter": [1, 0, 0, 0, 0, 0, 0, 0, 1, 0], "densityClass": "raro", "densityLevel": 1, "distanceFromRomeKm": 51.8, "iri": "https://w3id.org/gaddatlas/id/gazetteer/gaz_anzio"}}, {"type": "Feature", "geometry": {"type": "Point", "coordinates": [12.544506836046144, 41.66592876861046]}, "properties": {"GazetteerEntity_ID": "gaz_ardea", "Toponym": "Ardea", "occurrences": 2, "interpretations": 3, "anchoredTotal": 3, "mentionsByChapter": [0, 0, 0, 0, 0, 0, 0, 0, 1, 1], "densityClass": "raro", "densityLevel": 1, "distanceFromRomeKm": 26.6, "iri": "https://w3id.org/gaddatlas/id/gazetteer/gaz_ardea"}}, {"type": "Feature", "geometry": {"type": "Point", "coordinates": [11.344545396805216, 44.49555555061309]}, "properties": {"GazetteerEntity_ID": "gaz_bologna", "Toponym": "Bologna", "occurrences": 2, "interpretations": 2, "anchoredTotal": 3, "mentionsByChapter": [0, 1, 0, 1, 0, 0, 0, 0, 0, 0], "densityClass": "raro", "densityLevel": 1, "distanceFromRomeKm": 303.0, "iri": "https://w3id.org/gaddatlas/id/gazetteer/gaz_bologna"}}, {"type": "Feature", "geometry": {"type": "Point", "coordinates": [92.38395277199372, 27.000235829388703]}, "properties": {"GazetteerEntity_ID": "gaz_brahmaputra", "Toponym": "Brahmaputra", "occurrences": 2, "interpretations": 2, "anchoredTotal": 5, "mentionsByChapter": [0, 0, 0, 0, 2, 0, 0, 0, 0, 0], "densityClass": "raro", "densityLevel": 1, "distanceFromRomeKm": 7248.5, "iri": "https://w3id.org/gaddatlas/id/gazetteer/gaz_brahmaputra"}}, {"type": "Feature", "geometry": {"type": "Point", "coordinates": [12.504796743330868, 41.7788626363677]}, "properties": {"GazetteerEntity_ID": "gaz_castel_di_leva", "Toponym": "Castel di Leva", "occurrences": 2, "interpretations": 2, "anchoredTotal": 2, "mentionsByChapter": [0, 0, 0, 0, 0, 0, 0, 1, 1, 0], "densityClass": "raro", "densityLevel": 1, "distanceFromRomeKm": 13.8, "iri": "https://w3id.org/gaddatlas/id/gazetteer/gaz_castel_di_leva"}}, {"type": "Feature", "geometry": {"type": "Point", "coordinates": [12.649648693210247, 41.69302437483999]}, "properties": {"GazetteerEntity_ID": "gaz_cecchina", "Toponym": "Cecchina", "occurrences": 2, "interpretations": 2, "anchoredTotal": 2, "mentionsByChapter": [0, 0, 0, 0, 0, 1, 0, 0, 1, 0], "densityClass": "raro", "densityLevel": 1, "distanceFromRomeKm": 26.6, "iri": "https://w3id.org/gaddatlas/id/gazetteer/gaz_cecchina"}}, {"type": "Feature", "geometry": {"type": "Point", "coordinates": [12.507267048053844, 41.8959248058548]}, "properties": {"GazetteerEntity_ID": "gaz_centrale_del_latte", "Toponym": "Centrale del Latte", "occurrences": 2, "interpretations": 2, "anchoredTotal": 2, "mentionsByChapter": [0, 0, 0, 0, 2, 0, 0, 0, 0, 0], "densityClass": "raro", "densityLevel": 1, "distanceFromRomeKm": 1.2, "iri": "https://w3id.org/gaddatlas/id/gazetteer/gaz_centrale_del_latte"}}, {"type": "Feature", "geometry": {"type": "Point", "coordinates": [12.479507636411158, 41.90323194218181]}, "properties": {"GazetteerEntity_ID": "gaz_corso_umberto", "Toponym": "Corso Umberto", "occurrences": 2, "interpretations": 2, "anchoredTotal": 2, "mentionsByChapter": [0, 1, 0, 1, 0, 0, 0, 0, 0, 0], "densityClass": "raro", "densityLevel": 1, "distanceFromRomeKm": 1.4, "iri": "https://w3id.org/gaddatlas/id/gazetteer/gaz_corso_umberto"}}, {"type": "Feature", "geometry": {"type": "Point", "coordinates": [12.546337915729302, 41.777158165633374]}, "properties": {"GazetteerEntity_ID": "gaz_divino_amore", "Toponym": "Divino Amore", "occurrences": 2, "interpretations": 2, "anchoredTotal": 2, "mentionsByChapter": [0, 0, 0, 0, 0, 0, 0, 1, 1, 0], "densityClass": "raro", "densityLevel": 1, "distanceFromRomeKm": 14.6, "iri": "https://w3id.org/gaddatlas/id/gazetteer/gaz_divino_amore"}}, {"type": "Feature", "geometry": {"type": "Point", "coordinates": [12.676151782601927, 41.80868282837834]}, "properties": {"GazetteerEntity_ID": "gaz_frascati", "Toponym": "Frascati", "occurrences": 2, "interpretations": 2, "anchoredTotal": 2, "mentionsByChapter": [1, 0, 0, 0, 0, 1, 0, 0, 0, 0], "densityClass": "raro", "densityLevel": 1, "distanceFromRomeKm": 18.2, "iri": "https://w3id.org/gaddatlas/id/gazetteer/gaz_frascati"}}, {"type": "Feature", "geometry": {"type": "Point", "coordinates": [12.478706693556006, 41.89683405457504]}, "properties": {"GazetteerEntity_ID": "gaz_maccheronaro", "Toponym": "Maccheronaro", "occurrences": 2, "interpretations": 2, "anchoredTotal": 2, "mentionsByChapter": [1, 0, 0, 0, 0, 1, 0, 0, 0, 0], "densityClass": "raro", "densityLevel": 1, "distanceFromRomeKm": 1.6, "iri": "https://w3id.org/gaddatlas/id/gazetteer/gaz_maccheronaro"}}, {"type": "Feature", "geometry": {"type": "Point", "coordinates": [13.6367770065667, 41.9706811718908]}, "properties": {"GazetteerEntity_ID": "gaz_marsica", "Toponym": "Marsica", "occurrences": 2, "interpretations": 2, "anchoredTotal": 2, "mentionsByChapter": [1, 0, 0, 0, 0, 0, 0, 1, 0, 0], "densityClass": "raro", "densityLevel": 1, "distanceFromRomeKm": 94.6, "iri": "https://w3id.org/gaddatlas/id/gazetteer/gaz_marsica"}}, {"type": "Feature", "geometry": {"type": "Point", "coordinates": [14.573358, 41.667749]}, "properties": {"GazetteerEntity_ID": "gaz_molise", "Toponym": "Molise", "occurrences": 2, "interpretations": 2, "anchoredTotal": 2, "mentionsByChapter": [2, 0, 0, 0, 0, 0, 0, 0, 0, 0], "densityClass": "raro", "densityLevel": 1, "distanceFromRomeKm": 174.2, "iri": "https://w3id.org/gaddatlas/id/gazetteer/gaz_molise"}}, {"type": "Feature", "geometry": {"type": "Point", "coordinates": [13.388224454942325, 42.165421795541896]}, "properties": {"GazetteerEntity_ID": "gaz_monte_velino", "Toponym": "Monte Velino", "occurrences": 2, "interpretations": 2, "anchoredTotal": 2, "mentionsByChapter": [0, 0, 0, 0, 0, 0, 0, 2, 0, 0], "densityClass": "raro", "densityLevel": 1, "distanceFromRomeKm": 79.2, "iri": "https://w3id.org/gaddatlas/id/gazetteer/gaz_monte_velino"}}, {"type": "Feature", "geometry": {"type": "Point", "coordinates": [12.278829513185713, 41.73245855250897]}, "properties": {"GazetteerEntity_ID": "gaz_ostia", "Toponym": "Ostia", "occurrences": 2, "interpretations": 2, "anchoredTotal": 2, "mentionsByChapter": [0, 1, 0, 0, 0, 0, 0, 0, 1, 0], "densityClass": "raro", "densityLevel": 1, "distanceFromRomeKm": 26.2, "iri": "https://w3id.org/gaddatlas/id/gazetteer/gaz_ostia"}}, {"type": "Feature", "geometry": {"type": "Point", "coordinates": [11.873753041768424, 45.40750149300311]}, "properties": {"GazetteerEntity_ID": "gaz_padova", "Toponym": "Padova", "occurrences": 2, "interpretations": 2, "anchoredTotal": 2, "mentionsByChapter": [0, 1, 0, 1, 0, 0, 0, 0, 0, 0], "densityClass": "raro", "densityLevel": 1, "distanceFromRomeKm": 392.9, "iri": "https://w3id.org/gaddatlas/id/gazetteer/gaz_padova"}}, {"type": "Feature", "geometry": {"type": "Point", "coordinates": [12.506173147859243, 41.88742084063378]}, "properties": {"GazetteerEntity_ID": "gaz_piazza_san_giovanni", "Toponym": "Piazza San Giovanni", "occurrences": 2, "interpretations": 5, "anchoredTotal": 5, "mentionsByChapter": [0, 0, 0, 0, 0, 0, 1, 0, 0, 1], "densityClass": "raro", "densityLevel": 1, "distanceFromRomeKm": 1.9, "iri": "https://w3id.org/gaddatlas/id/gazetteer/gaz_piazza_san_giovanni"}}, {"type": "Feature", "geometry": {"type": "Point", "coordinates": [12.47842775822113, 41.90361766730038]}, "properties": {"GazetteerEntity_ID": "gaz_piazza_san_lorenzo_in_lucina", "Toponym": "Piazza San Lorenzo in Lucina", "occurrences": 2, "interpretations": 3, "anchoredTotal": 4, "mentionsByChapter": [1, 0, 0, 1, 0, 0, 0, 0, 0, 0], "densityClass": "raro", "densityLevel": 1, "distanceFromRomeKm": 1.5, "iri": "https://w3id.org/gaddatlas/id/gazetteer/gaz_piazza_san_lorenzo_in_lucina"}}, {"type": "Feature", "geometry": {"type": "Point", "coordinates": [12.457233173334089, 41.9022608794283]}, "properties": {"GazetteerEntity_ID": "gaz_piazza_san_pietro", "Toponym": "Piazza San Pietro", "occurrences": 2, "interpretations": 2, "anchoredTotal": 2, "mentionsByChapter": [0, 0, 1, 0, 0, 0, 0, 1, 0, 0], "densityClass": "raro", "densityLevel": 1, "distanceFromRomeKm": 3.2, "iri": "https://w3id.org/gaddatlas/id/gazetteer/gaz_piazza_san_pietro"}}, {"type": "Feature", "geometry": {"type": "Point", "coordinates": [12.479706623913264, 41.9115148827888]}, "properties": {"GazetteerEntity_ID": "gaz_pincio", "Toponym": "Pincio", "occurrences": 2, "interpretations": 2, "anchoredTotal": 2, "mentionsByChapter": [0, 1, 0, 0, 0, 0, 1, 0, 0, 0], "densityClass": "raro", "densityLevel": 1, "distanceFromRomeKm": 1.7, "iri": "https://w3id.org/gaddatlas/id/gazetteer/gaz_pincio"}}, {"type": "Feature", "geometry": {"type": "Point", "coordinates": [12.488262466067692, 41.90968492139161]}, "properties": {"GazetteerEntity_ID": "gaz_porta_pinciana", "Toponym": "Porta Pinciana", "occurrences": 2, "interpretations": 2, "anchoredTotal": 5, "mentionsByChapter": [0, 0, 0, 0, 0, 0, 2, 0, 0, 0], "densityClass": "raro", "densityLevel": 1, "distanceFromRomeKm": 1.0, "iri": "https://w3id.org/gaddatlas/id/gazetteer/gaz_porta_pinciana"}}, {"type": "Feature", "geometry": {"type": "Point", "coordinates": [12.465194747823828, 41.90875142605531]}, "properties": {"GazetteerEntity_ID": "gaz_prati", "Toponym": "Prati", "occurrences": 2, "interpretations": 2, "anchoredTotal": 2, "mentionsByChapter": [0, 0, 0, 1, 0, 0, 1, 0, 0, 0], "densityClass": "raro", "densityLevel": 1, "distanceFromRomeKm": 2.7, "iri": "https://w3id.org/gaddatlas/id/gazetteer/gaz_prati"}}, {"type": "Feature", "geometry": {"type": "Point", "coordinates": [12.479969808767637, 41.66401971901388]}, "properties": {"GazetteerEntity_ID": "gaz_pratica_di_mare", "Toponym": "Pratica di Mare", "occurrences": 2, "interpretations": 3, "anchoredTotal": 3, "mentionsByChapter": [0, 0, 0, 0, 0, 0, 0, 0, 1, 1], "densityClass": "raro", "densityLevel": 1, "distanceFromRomeKm": 26.6, "iri": "https://w3id.org/gaddatlas/id/gazetteer/gaz_pratica_di_mare"}}, {"type": "Feature", "geometry": {"type": "Point", "coordinates": [12.496553006621577, 41.8964282361213]}, "properties": {"GazetteerEntity_ID": "gaz_quattro_cantoni", "Toponym": "Quattro Cantoni", "occurrences": 2, "interpretations": 2, "anchoredTotal": 2, "mentionsByChapter": [0, 0, 0, 0, 0, 0, 2, 0, 0, 0], "densityClass": "raro", "densityLevel": 1, "distanceFromRomeKm": 0.7, "iri": "https://w3id.org/gaddatlas/id/gazetteer/gaz_quattro_cantoni"}}, {"type": "Feature", "geometry": {"type": "Point", "coordinates": [12.474356718309616, 41.90910697941768]}, "properties": {"GazetteerEntity_ID": "gaz_ripetta", "Toponym": "Ripetta", "occurrences": 2, "interpretations": 2, "anchoredTotal": 2, "mentionsByChapter": [0, 0, 0, 0, 0, 0, 2, 0, 0, 0], "densityClass": "raro", "densityLevel": 1, "distanceFromRomeKm": 2.0, "iri": "https://w3id.org/gaddatlas/id/gazetteer/gaz_ripetta"}}, {"type": "Feature", "geometry": {"type": "Point", "coordinates": [12.48057907706965, 41.88624438963685]}, "properties": {"GazetteerEntity_ID": "gaz_rocca_savella", "Toponym": "Rocca Savella", "occurrences": 2, "interpretations": 4, "anchoredTotal": 4, "mentionsByChapter": [0, 0, 0, 0, 0, 0, 2, 0, 0, 0], "densityClass": "raro", "densityLevel": 1, "distanceFromRomeKm": 2.3, "iri": "https://w3id.org/gaddatlas/id/gazetteer/gaz_rocca_savella"}}, {"type": "Feature", "geometry": {"type": "Point", "coordinates": [12.490746406108268, 41.901863522116905]}, "properties": {"GazetteerEntity_ID": "gaz_san_carlo_alle_quattro_fontane", "Toponym": "San Carlo alle quattro fontane", "occurrences": 2, "interpretations": 2, "anchoredTotal": 2, "mentionsByChapter": [0, 0, 0, 0, 0, 0, 2, 0, 0, 0], "densityClass": "raro", "densityLevel": 1, "distanceFromRomeKm": 0.5, "iri": "https://w3id.org/gaddatlas/id/gazetteer/gaz_san_carlo_alle_quattro_fontane"}}, {"type": "Feature", "geometry": {"type": "Point", "coordinates": [12.520581205893716, 41.90261005150349]}, "properties": {"GazetteerEntity_ID": "gaz_san_lorenzo_al_verano", "Toponym": "San Lorenzo al verano", "occurrences": 2, "interpretations": 4, "anchoredTotal": 4, "mentionsByChapter": [0, 0, 0, 0, 2, 0, 0, 0, 0, 0], "densityClass": "raro", "densityLevel": 1, "distanceFromRomeKm": 2.0, "iri": "https://w3id.org/gaddatlas/id/gazetteer/gaz_san_lorenzo_al_verano"}}, {"type": "Feature", "geometry": {"type": "Point", "coordinates": [12.490115463118764, 41.89269599966251]}, "properties": {"GazetteerEntity_ID": "gaz_santa_maria_della_neve", "Toponym": "Santa Maria della Neve", "occurrences": 2, "interpretations": 2, "anchoredTotal": 2, "mentionsByChapter": [0, 0, 0, 0, 0, 0, 0, 0, 0, 2], "densityClass": "raro", "densityLevel": 1, "distanceFromRomeKm": 1.2, "iri": "https://w3id.org/gaddatlas/id/gazetteer/gaz_santa_maria_della_neve"}}, {"type": "Feature", "geometry": {"type": "Point", "coordinates": [12.495713660513266, 41.88479505138305]}, "properties": {"GazetteerEntity_ID": "gaz_santa_maria_in_domnica", "Toponym": "Santa Maria in Dòmnica", "occurrences": 2, "interpretations": 4, "anchoredTotal": 4, "mentionsByChapter": [0, 0, 0, 0, 0, 0, 2, 0, 0, 0], "densityClass": "raro", "densityLevel": 1, "distanceFromRomeKm": 2.0, "iri": "https://w3id.org/gaddatlas/id/gazetteer/gaz_santa_maria_in_domnica"}}, {"type": "Feature", "geometry": {"type": "Point", "coordinates": [12.475955971957005, 41.90753807576588]}, "properties": {"GazetteerEntity_ID": "gaz_santa_maria_in_porta_paradisi", "Toponym": "Santa Maria in Porta Paradisi", "occurrences": 2, "interpretations": 2, "anchoredTotal": 2, "mentionsByChapter": [2, 0, 0, 0, 0, 0, 0, 0, 0, 0], "densityClass": "raro", "densityLevel": 1, "distanceFromRomeKm": 1.8, "iri": "https://w3id.org/gaddatlas/id/gazetteer/gaz_santa_maria_in_porta_paradisi"}}, {"type": "Feature", "geometry": {"type": "Point", "coordinates": [12.480113538487586, 41.89267907132654]}, "properties": {"GazetteerEntity_ID": "gaz_santa_rita_invitacolo", "Toponym": "Santa Rita Invitàcolo", "occurrences": 2, "interpretations": 2, "anchoredTotal": 2, "mentionsByChapter": [0, 0, 0, 0, 0, 0, 0, 0, 2, 0], "densityClass": "raro", "densityLevel": 1, "distanceFromRomeKm": 1.8, "iri": "https://w3id.org/gaddatlas/id/gazetteer/gaz_santa_rita_invitacolo"}}, {"type": "Feature", "geometry": {"type": "Point", "coordinates": [12.538157750574666, 41.70161467494166]}, "properties": {"GazetteerEntity_ID": "gaz_solforata", "Toponym": "Solforata", "occurrences": 2, "interpretations": 3, "anchoredTotal": 3, "mentionsByChapter": [0, 0, 0, 0, 0, 0, 0, 0, 1, 1], "densityClass": "raro", "densityLevel": 1, "distanceFromRomeKm": 22.6, "iri": "https://w3id.org/gaddatlas/id/gazetteer/gaz_solforata"}}, {"type": "Feature", "geometry": {"type": "Point", "coordinates": [12.626476138456598, 41.77489532732517]}, "properties": {"GazetteerEntity_ID": "gaz_tor_ser_paolo", "Toponym": "Tor Ser Paolo", "occurrences": 2, "interpretations": 3, "anchoredTotal": 3, "mentionsByChapter": [0, 0, 0, 0, 0, 1, 1, 0, 0, 0], "densityClass": "raro", "densityLevel": 1, "distanceFromRomeKm": 17.8, "iri": "https://w3id.org/gaddatlas/id/gazetteer/gaz_tor_ser_paolo"}}, {"type": "Feature", "geometry": {"type": "Point", "coordinates": [12.777920637406812, 41.68473269013517]}, "properties": {"GazetteerEntity_ID": "gaz_velletri", "Toponym": "Velletri", "occurrences": 2, "interpretations": 2, "anchoredTotal": 2, "mentionsByChapter": [0, 0, 0, 0, 0, 1, 0, 0, 1, 0], "densityClass": "raro", "densityLevel": 1, "distanceFromRomeKm": 33.7, "iri": "https://w3id.org/gaddatlas/id/gazetteer/gaz_velletri"}}, {"type": "Feature", "geometry": {"type": "Point", "coordinates": [12.501608522565736, 41.89631462157369]}, "properties": {"GazetteerEntity_ID": "gaz_via_carlo_alberto", "Toponym": "Via Carlo Alberto", "occurrences": 2, "interpretations": 2, "anchoredTotal": 2, "mentionsByChapter": [0, 0, 0, 1, 0, 0, 0, 0, 0, 1], "densityClass": "raro", "densityLevel": 1, "distanceFromRomeKm": 0.8, "iri": "https://w3id.org/gaddatlas/id/gazetteer/gaz_via_carlo_alberto"}}, {"type": "Feature", "geometry": {"type": "Point", "coordinates": [12.497986264095715, 41.9005646386736]}, "properties": {"GazetteerEntity_ID": "gaz_via_dazeglio", "Toponym": "Via D'Azeglio", "occurrences": 2, "interpretations": 2, "anchoredTotal": 2, "mentionsByChapter": [0, 2, 0, 0, 0, 0, 0, 0, 0, 0], "densityClass": "raro", "densityLevel": 1, "distanceFromRomeKm": 0.3, "iri": "https://w3id.org/gaddatlas/id/gazetteer/gaz_via_dazeglio"}}, {"type": "Feature", "geometry": {"type": "Point", "coordinates": [12.480692510904577, 41.90038661195777]}, "properties": {"GazetteerEntity_ID": "gaz_via_del_corso", "Toponym": "Via del Corso", "occurrences": 2, "interpretations": 2, "anchoredTotal": 2, "mentionsByChapter": [1, 0, 0, 1, 0, 0, 0, 0, 0, 0], "densityClass": "raro", "densityLevel": 1, "distanceFromRomeKm": 1.3, "iri": "https://w3id.org/gaddatlas/id/gazetteer/gaz_via_del_corso"}}, {"type": "Feature", "geometry": {"type": "Point", "coordinates": [12.490184834220564, 41.89345109820309]}, "properties": {"GazetteerEntity_ID": "gaz_via_frangipane", "Toponym": "Via Frangipane", "occurrences": 2, "interpretations": 2, "anchoredTotal": 2, "mentionsByChapter": [1, 0, 1, 0, 0, 0, 0, 0, 0, 0], "densityClass": "raro", "densityLevel": 1, "distanceFromRomeKm": 1.2, "iri": "https://w3id.org/gaddatlas/id/gazetteer/gaz_via_frangipane"}}, {"type": "Feature", "geometry": {"type": "Point", "coordinates": [12.656666611845928, 41.7708010201672]}, "properties": {"GazetteerEntity_ID": "gaz_via_massimo_dazeglio", "Toponym": "Via Massimo d'Azeglio", "occurrences": 2, "interpretations": 7, "anchoredTotal": 7, "mentionsByChapter": [0, 0, 0, 0, 0, 0, 0, 0, 0, 2], "densityClass": "raro", "densityLevel": 1, "distanceFromRomeKm": 19.8, "iri": "https://w3id.org/gaddatlas/id/gazetteer/gaz_via_massimo_dazeglio"}}, {"type": "Feature", "geometry": {"type": "Point", "coordinates": [11.54666863709906, 45.54782811997265]}, "properties": {"GazetteerEntity_ID": "gaz_vicenza", "Toponym": "Vicenza", "occurrences": 2, "interpretations": 2, "anchoredTotal": 2, "mentionsByChapter": [1, 0, 0, 1, 0, 0, 0, 0, 0, 0], "densityClass": "raro", "densityLevel": 1, "distanceFromRomeKm": 412.4, "iri": "https://w3id.org/gaddatlas/id/gazetteer/gaz_vicenza"}}, {"type": "Feature", "geometry": {"type": "Point", "coordinates": [12.485398757632616, 41.91403582418124]}, "properties": {"GazetteerEntity_ID": "gaz_villa_borghese", "Toponym": "Villa Borghese", "occurrences": 2, "interpretations": 2, "anchoredTotal": 2, "mentionsByChapter": [0, 0, 0, 0, 0, 0, 2, 0, 0, 0], "densityClass": "raro", "densityLevel": 1, "distanceFromRomeKm": 1.5, "iri": "https://w3id.org/gaddatlas/id/gazetteer/gaz_villa_borghese"}}, {"type": "Feature", "geometry": {"type": "Point", "coordinates": [12.801778925481416, 41.96553240632673]}, "properties": {"GazetteerEntity_ID": "gaz_villa_gregoriana", "Toponym": "Villa Gregoriana", "occurrences": 2, "interpretations": 2, "anchoredTotal": 2, "mentionsByChapter": [0, 0, 0, 2, 0, 0, 0, 0, 0, 0], "densityClass": "raro", "densityLevel": 1, "distanceFromRomeKm": 26.2, "iri": "https://w3id.org/gaddatlas/id/gazetteer/gaz_villa_gregoriana"}}, {"type": "Feature", "geometry": {"type": "Point", "coordinates": [12.563362579004666, 41.84673072992396]}, "properties": {"GazetteerEntity_ID": "gaz_acqua_pia_antica_marcia", "Toponym": "Acqua Pia Antica Marcia", "occurrences": 1, "interpretations": 1, "anchoredTotal": 1, "mentionsByChapter": [0, 0, 0, 0, 0, 0, 1, 0, 0, 0], "densityClass": "hapax", "densityLevel": 0, "distanceFromRomeKm": 8.3, "iri": "https://w3id.org/gaddatlas/id/gazetteer/gaz_acqua_pia_antica_marcia"}}, {"type": "Feature", "geometry": {"type": "Point", "coordinates": [12.55520496824135, 41.85213084027308]}, "properties": {"GazetteerEntity_ID": "gaz_acquedotto_claudio", "Toponym": "Acquedotto Claudio", "occurrences": 1, "interpretations": 1, "anchoredTotal": 1, "mentionsByChapter": [0, 0, 0, 0, 0, 0, 0, 1, 0, 0], "densityClass": "hapax", "densityLevel": 0, "distanceFromRomeKm": 7.4, "iri": "https://w3id.org/gaddatlas/id/gazetteer/gaz_acquedotto_claudio"}}, {"type": "Feature", "geometry": {"type": "Point", "coordinates": [12.477783109311511, 41.88336622181254]}, "properties": {"GazetteerEntity_ID": "gaz_aventino", "Toponym": "Aventino", "occurrences": 1, "interpretations": 1, "anchoredTotal": 1, "mentionsByChapter": [0, 0, 0, 1, 0, 0, 0, 0, 0, 0], "densityClass": "hapax", "densityLevel": 0, "distanceFromRomeKm": 2.7, "iri": "https://w3id.org/gaddatlas/id/gazetteer/gaz_aventino"}}, {"type": "Feature", "geometry": {"type": "Point", "coordinates": [12.488825693999916, 41.89761872488606]}, "properties": {"GazetteerEntity_ID": "gaz_banca_ditalia", "Toponym": "Banca d’Italia", "occurrences": 1, "interpretations": 1, "anchoredTotal": 1, "mentionsByChapter": [0, 0, 0, 0, 1, 0, 0, 0, 0, 0], "densityClass": "hapax", "densityLevel": 0, "distanceFromRomeKm": 0.9, "iri": "https://w3id.org/gaddatlas/id/gazetteer/gaz_banca_ditalia"}}, {"type": "Feature", "geometry": {"type": "Point", "coordinates": [12.326607913064835, 45.43700425060388]}, "properties": {"GazetteerEntity_ID": "gaz_basilica_dei_frari", "Toponym": "Basilica di Santa Maria Gloriosa dei Frari", "occurrences": 1, "interpretations": 1, "anchoredTotal": 1, "mentionsByChapter": [0, 0, 0, 0, 0, 0, 1, 0, 0, 0], "densityClass": "hapax", "densityLevel": 0, "distanceFromRomeKm": 393.2, "iri": "https://w3id.org/gaddatlas/id/gazetteer/gaz_basilica_dei_frari"}}, {"type": "Feature", "geometry": {"type": "Point", "coordinates": [14.783846798251036, 41.13316810450852]}, "properties": {"GazetteerEntity_ID": "gaz_benevento", "Toponym": "Benevento", "occurrences": 1, "interpretations": 1, "anchoredTotal": 1, "mentionsByChapter": [0, 0, 0, 0, 0, 0, 0, 0, 0, 1], "densityClass": "hapax", "densityLevel": 0, "distanceFromRomeKm": 208.8, "iri": "https://w3id.org/gaddatlas/id/gazetteer/gaz_benevento"}}, {"type": "Feature", "geometry": {"type": "Point", "coordinates": [14.944914321668715, 41.91879106830195]}, "properties": {"GazetteerEntity_ID": "gaz_biferno", "Toponym": "Biferno", "occurrences": 1, "interpretations": 1, "anchoredTotal": 1, "mentionsByChapter": [1, 0, 0, 0, 0, 0, 0, 0, 0, 0], "densityClass": "hapax", "densityLevel": 0, "distanceFromRomeKm": 202.6, "iri": "https://w3id.org/gaddatlas/id/gazetteer/gaz_biferno"}}, {"type": "Feature", "geometry": {"type": "Point", "coordinates": [12.460347994271636, 41.90386486389618]}, "properties": {"GazetteerEntity_ID": "gaz_borgo_pio", "Toponym": "Borgo Pio", "occurrences": 1, "interpretations": 1, "anchoredTotal": 1, "mentionsByChapter": [0, 0, 1, 0, 0, 0, 0, 0, 0, 0], "densityClass": "hapax", "densityLevel": 0, "distanceFromRomeKm": 3.0, "iri": "https://w3id.org/gaddatlas/id/gazetteer/gaz_borgo_pio"}}, {"type": "Feature", "geometry": {"type": "Point", "coordinates": [12.460641676910392, 41.90228400646402]}, "properties": {"GazetteerEntity_ID": "gaz_borgo_vecchio", "Toponym": "Borgo Vecchio", "occurrences": 1, "interpretations": 1, "anchoredTotal": 1, "mentionsByChapter": [0, 0, 1, 0, 0, 0, 0, 0, 0, 0], "densityClass": "hapax", "densityLevel": 0, "distanceFromRomeKm": 3.0, "iri": "https://w3id.org/gaddatlas/id/gazetteer/gaz_borgo_vecchio"}}, {"type": "Feature", "geometry": {"type": "Point", "coordinates": [12.474387506407568, 41.90898217045761]}, "properties": {"GazetteerEntity_ID": "gaz_bottaro", "Toponym": "Bottaro", "occurrences": 1, "interpretations": 1, "anchoredTotal": 1, "mentionsByChapter": [0, 0, 0, 0, 0, 0, 1, 0, 0, 0], "densityClass": "hapax", "densityLevel": 0, "distanceFromRomeKm": 1.9, "iri": "https://w3id.org/gaddatlas/id/gazetteer/gaz_bottaro"}}, {"type": "Feature", "geometry": {"type": "Point", "coordinates": [16.29084361444828, 39.42242825933711]}, "properties": {"GazetteerEntity_ID": "gaz_calabria", "Toponym": "Calabria", "occurrences": 1, "interpretations": 1, "anchoredTotal": 1, "mentionsByChapter": [0, 0, 0, 0, 0, 0, 1, 0, 0, 0], "densityClass": "hapax", "densityLevel": 0, "distanceFromRomeKm": 422.4, "iri": "https://w3id.org/gaddatlas/id/gazetteer/gaz_calabria"}}, {"type": "Feature", "geometry": {"type": "Point", "coordinates": [12.472186692675214, 41.8957346149517]}, "properties": {"GazetteerEntity_ID": "gaz_campo_de_fiori", "Toponym": "Campo de' Fiori", "occurrences": 1, "interpretations": 1, "anchoredTotal": 1, "mentionsByChapter": [0, 0, 0, 1, 0, 0, 0, 0, 0, 0], "densityClass": "hapax", "densityLevel": 0, "distanceFromRomeKm": 2.2, "iri": "https://w3id.org/gaddatlas/id/gazetteer/gaz_campo_de_fiori"}}, {"type": "Feature", "geometry": {"type": "Point", "coordinates": [12.730244894639162, 41.53884861411952]}, "properties": {"GazetteerEntity_ID": "gaz_campo_morto", "Toponym": "Tenuta di Campo Morto", "occurrences": 1, "interpretations": 1, "anchoredTotal": 1, "mentionsByChapter": [0, 0, 0, 0, 0, 0, 0, 1, 0, 0], "densityClass": "hapax", "densityLevel": 0, "distanceFromRomeKm": 44.9, "iri": "https://w3id.org/gaddatlas/id/gazetteer/gaz_campo_morto"}}, {"type": "Feature", "geometry": {"type": "Point", "coordinates": [12.52018048622454, 41.90164314083915]}, "properties": {"GazetteerEntity_ID": "gaz_campo_verano", "Toponym": "Campo Verano", "occurrences": 1, "interpretations": 2, "anchoredTotal": 2, "mentionsByChapter": [0, 0, 0, 0, 1, 0, 0, 0, 0, 0], "densityClass": "hapax", "densityLevel": 0, "distanceFromRomeKm": 2.0, "iri": "https://w3id.org/gaddatlas/id/gazetteer/gaz_campo_verano"}}, {"type": "Feature", "geometry": {"type": "Point", "coordinates": [12.648273782220512, 41.64254366282973]}, "properties": {"GazetteerEntity_ID": "gaz_campoleone", "Toponym": "Campoleone", "occurrences": 1, "interpretations": 1, "anchoredTotal": 1, "mentionsByChapter": [0, 0, 0, 0, 0, 1, 0, 0, 0, 0], "densityClass": "hapax", "densityLevel": 0, "distanceFromRomeKm": 31.6, "iri": "https://w3id.org/gaddatlas/id/gazetteer/gaz_campoleone"}}, {"type": "Feature", "geometry": {"type": "Point", "coordinates": [13.094053163953856, 42.14567518996888]}, "properties": {"GazetteerEntity_ID": "gaz_carsoli", "Toponym": "Carsoli", "occurrences": 1, "interpretations": 1, "anchoredTotal": 1, "mentionsByChapter": [0, 0, 0, 0, 0, 0, 0, 1, 0, 0], "densityClass": "hapax", "densityLevel": 0, "distanceFromRomeKm": 56.3, "iri": "https://w3id.org/gaddatlas/id/gazetteer/gaz_carsoli"}}, {"type": "Feature", "geometry": {"type": "Point", "coordinates": [12.64847290122697, 41.75005641875434]}, "properties": {"GazetteerEntity_ID": "gaz_castel_gandolfo", "Toponym": "Castel Gandolfo", "occurrences": 1, "interpretations": 1, "anchoredTotal": 3, "mentionsByChapter": [0, 0, 0, 0, 0, 1, 0, 0, 0, 0], "densityClass": "hapax", "densityLevel": 0, "distanceFromRomeKm": 21.1, "iri": "https://w3id.org/gaddatlas/id/gazetteer/gaz_castel_gandolfo"}}, {"type": "Feature", "geometry": {"type": "Point", "coordinates": [12.639910072691912, 41.72761786263662]}, "properties": {"GazetteerEntity_ID": "gaz_castel_savello", "Toponym": "Castel Savello", "occurrences": 1, "interpretations": 1, "anchoredTotal": 1, "mentionsByChapter": [0, 0, 0, 0, 0, 1, 0, 0, 0, 0], "densityClass": "hapax", "densityLevel": 0, "distanceFromRomeKm": 22.8, "iri": "https://w3id.org/gaddatlas/id/gazetteer/gaz_castel_savello"}}, {"type": "Feature", "geometry": {"type": "Point", "coordinates": [12.708345346043885, 41.76583589207368]}, "properties": {"GazetteerEntity_ID": "gaz_castelli_romani", "Toponym": "Castelli Romani", "occurrences": 1, "interpretations": 1, "anchoredTotal": 1, "mentionsByChapter": [0, 0, 0, 0, 0, 0, 0, 0, 1, 0], "densityClass": "hapax", "densityLevel": 0, "distanceFromRomeKm": 23.2, "iri": "https://w3id.org/gaddatlas/id/gazetteer/gaz_castelli_romani"}}, {"type": "Feature", "geometry": {"type": "Point", "coordinates": [11.796544699426349, 42.09490840988426]}, "properties": {"GazetteerEntity_ID": "gaz_civitavecchia", "Toponym": "Civitavecchia", "occurrences": 1, "interpretations": 1, "anchoredTotal": 1, "mentionsByChapter": [0, 0, 0, 0, 0, 0, 1, 0, 0, 0], "densityClass": "hapax", "densityLevel": 0, "distanceFromRomeKm": 61.7, "iri": "https://w3id.org/gaddatlas/id/gazetteer/gaz_civitavecchia"}}, {"type": "Feature", "geometry": {"type": "Point", "coordinates": [12.49926878303822, 41.90013088374668]}, "properties": {"GazetteerEntity_ID": "gaz_dazeglio", "Toponym": "D'Azeglio", "occurrences": 1, "interpretations": 1, "anchoredTotal": 1, "mentionsByChapter": [0, 0, 0, 1, 0, 0, 0, 0, 0, 0], "densityClass": "hapax", "densityLevel": 0, "distanceFromRomeKm": 0.4, "iri": "https://w3id.org/gaddatlas/id/gazetteer/gaz_dazeglio"}}, {"type": "Feature", "geometry": {"type": "Point", "coordinates": [13.649815236363924, 45.884990244121546]}, "properties": {"GazetteerEntity_ID": "gaz_dosso_faiti", "Toponym": "Dosso Faiti", "occurrences": 1, "interpretations": 1, "anchoredTotal": 1, "mentionsByChapter": [0, 1, 0, 0, 0, 0, 0, 0, 0, 0], "densityClass": "hapax", "densityLevel": 0, "distanceFromRomeKm": 452.3, "iri": "https://w3id.org/gaddatlas/id/gazetteer/gaz_dosso_faiti"}}, {"type": "Feature", "geometry": {"type": "Point", "coordinates": [12.505248214532829, 41.893298797354646]}, "properties": {"GazetteerEntity_ID": "gaz_esquilino", "Toponym": "Esquilino", "occurrences": 1, "interpretations": 1, "anchoredTotal": 1, "mentionsByChapter": [0, 0, 0, 0, 0, 0, 0, 0, 0, 1], "densityClass": "hapax", "densityLevel": 0, "distanceFromRomeKm": 1.3, "iri": "https://w3id.org/gaddatlas/id/gazetteer/gaz_esquilino"}}, {"type": "Feature", "geometry": {"type": "Point", "coordinates": [12.554930951232286, 41.76433697008515]}, "properties": {"GazetteerEntity_ID": "gaz_falcognana", "Toponym": "Falcognana", "occurrences": 1, "interpretations": 3, "anchoredTotal": 3, "mentionsByChapter": [0, 0, 0, 0, 0, 0, 0, 0, 1, 0], "densityClass": "hapax", "densityLevel": 0, "distanceFromRomeKm": 16.1, "iri": "https://w3id.org/gaddatlas/id/gazetteer/gaz_falcognana"}}, {"type": "Feature", "geometry": {"type": "Point", "coordinates": [13.324876181760342, 41.89068987779071]}, "properties": {"GazetteerEntity_ID": "gaz_filettino", "Toponym": "Filettino", "occurrences": 1, "interpretations": 1, "anchoredTotal": 1, "mentionsByChapter": [0, 0, 0, 1, 0, 0, 0, 0, 0, 0], "densityClass": "hapax", "densityLevel": 0, "distanceFromRomeKm": 68.6, "iri": "https://w3id.org/gaddatlas/id/gazetteer/gaz_filettino"}}, {"type": "Feature", "geometry": {"type": "Point", "coordinates": [12.233541086841594, 41.77328436591152]}, "properties": {"GazetteerEntity_ID": "gaz_fiumicino", "Toponym": "Fiumicino", "occurrences": 1, "interpretations": 1, "anchoredTotal": 1, "mentionsByChapter": [0, 0, 0, 0, 0, 0, 0, 1, 0, 0], "densityClass": "hapax", "densityLevel": 0, "distanceFromRomeKm": 26.1, "iri": "https://w3id.org/gaddatlas/id/gazetteer/gaz_fiumicino"}}, {"type": "Feature", "geometry": {"type": "Point", "coordinates": [12.651120729247085, 41.68436279264858]}, "properties": {"GazetteerEntity_ID": "gaz_fontana_di_papa", "Toponym": "Fontana di Papa", "occurrences": 1, "interpretations": 2, "anchoredTotal": 2, "mentionsByChapter": [0, 0, 0, 0, 0, 0, 0, 1, 0, 0], "densityClass": "hapax", "densityLevel": 0, "distanceFromRomeKm": 27.5, "iri": "https://w3id.org/gaddatlas/id/gazetteer/gaz_fontana_di_papa"}}, {"type": "Feature", "geometry": {"type": "Point", "coordinates": [12.478029650740126, 41.90416313558839]}, "properties": {"GazetteerEntity_ID": "gaz_fontanella_di_borghese", "Toponym": "Fontanella di Borghese", "occurrences": 1, "interpretations": 1, "anchoredTotal": 1, "mentionsByChapter": [0, 0, 0, 0, 0, 0, 1, 0, 0, 0], "densityClass": "hapax", "densityLevel": 0, "distanceFromRomeKm": 1.5, "iri": "https://w3id.org/gaddatlas/id/gazetteer/gaz_fontanella_di_borghese"}}, {"type": "Feature", "geometry": {"type": "Point", "coordinates": [10.168916830510229, 43.959501773243005]}, "properties": {"GazetteerEntity_ID": "gaz_forte_de_marmi", "Toponym": "Forte de' Marmi", "occurrences": 1, "interpretations": 1, "anchoredTotal": 1, "mentionsByChapter": [0, 1, 0, 0, 0, 0, 0, 0, 0, 0], "densityClass": "hapax", "densityLevel": 0, "distanceFromRomeKm": 297.0, "iri": "https://w3id.org/gaddatlas/id/gazetteer/gaz_forte_de_marmi"}}, {"type": "Feature", "geometry": {"type": "Point", "coordinates": [12.461430554962153, 41.89772036230625]}, "properties": {"GazetteerEntity_ID": "gaz_gianicolo", "Toponym": "Gianicolo", "occurrences": 1, "interpretations": 1, "anchoredTotal": 1, "mentionsByChapter": [0, 1, 0, 0, 0, 0, 0, 0, 0, 0], "densityClass": "hapax", "densityLevel": 0, "distanceFromRomeKm": 2.9, "iri": "https://w3id.org/gaddatlas/id/gazetteer/gaz_gianicolo"}}, {"type": "Feature", "geometry": {"type": "Point", "coordinates": [14.148183487524973, 40.70572169866826]}, "properties": {"GazetteerEntity_ID": "gaz_golfo_di_napoli", "Toponym": "Golfo di Napoli", "occurrences": 1, "interpretations": 1, "anchoredTotal": 1, "mentionsByChapter": [0, 0, 0, 0, 1, 0, 0, 0, 0, 0], "densityClass": "hapax", "densityLevel": 0, "distanceFromRomeKm": 191.7, "iri": "https://w3id.org/gaddatlas/id/gazetteer/gaz_golfo_di_napoli"}}, {"type": "Feature", "geometry": {"type": "Point", "coordinates": [12.670419992725682, 41.79100156171508]}, "properties": {"GazetteerEntity_ID": "gaz_grottaferrata", "Toponym": "Grottaferrata", "occurrences": 1, "interpretations": 2, "anchoredTotal": 2, "mentionsByChapter": [0, 0, 0, 0, 0, 0, 0, 0, 0, 1], "densityClass": "hapax", "densityLevel": 0, "distanceFromRomeKm": 19.0, "iri": "https://w3id.org/gaddatlas/id/gazetteer/gaz_grottaferrata"}}, {"type": "Feature", "geometry": {"type": "Point", "coordinates": [78.74607895173585, 21.55651170244903]}, "properties": {"GazetteerEntity_ID": "gaz_india", "Toponym": "India", "occurrences": 1, "interpretations": 1, "anchoredTotal": 1, "mentionsByChapter": [0, 0, 0, 0, 1, 0, 0, 0, 0, 0], "densityClass": "hapax", "densityLevel": 0, "distanceFromRomeKm": 6492.3, "iri": "https://w3id.org/gaddatlas/id/gazetteer/gaz_india"}}, {"type": "Feature", "geometry": {"type": "Point", "coordinates": [12.477499531045336, 41.89437602767189]}, "properties": {"GazetteerEntity_ID": "gaz_istituto_dellenciclopedia_treccani", "Toponym": "Istituto dell'Enciclopedia Treccani", "occurrences": 1, "interpretations": 1, "anchoredTotal": 1, "mentionsByChapter": [1, 0, 0, 0, 0, 0, 0, 0, 0, 0], "densityClass": "hapax", "densityLevel": 0, "distanceFromRomeKm": 1.8, "iri": "https://w3id.org/gaddatlas/id/gazetteer/gaz_istituto_dellenciclopedia_treccani"}}, {"type": "Feature", "geometry": {"type": "Point", "coordinates": [12.078189603598291, 41.95028305555387]}, "properties": {"GazetteerEntity_ID": "gaz_ladispoli", "Toponym": "Ladispoli", "occurrences": 1, "interpretations": 1, "anchoredTotal": 1, "mentionsByChapter": [0, 0, 0, 0, 0, 0, 0, 1, 0, 0], "densityClass": "hapax", "densityLevel": 0, "distanceFromRomeKm": 35.0, "iri": "https://w3id.org/gaddatlas/id/gazetteer/gaz_ladispoli"}}, {"type": "Feature", "geometry": {"type": "Point", "coordinates": [12.49962004376294, 41.89499585680336]}, "properties": {"GazetteerEntity_ID": "gaz_largo_brancaccio", "Toponym": "Largo Brancaccio", "occurrences": 1, "interpretations": 3, "anchoredTotal": 3, "mentionsByChapter": [0, 0, 0, 0, 0, 0, 0, 0, 0, 1], "densityClass": "hapax", "densityLevel": 0, "distanceFromRomeKm": 0.9, "iri": "https://w3id.org/gaddatlas/id/gazetteer/gaz_largo_brancaccio"}}, {"type": "Feature", "geometry": {"type": "Point", "coordinates": [12.5184126891668, 42.0974591857028]}, "properties": {"GazetteerEntity_ID": "gaz_lazio", "Toponym": "Lazio", "occurrences": 1, "interpretations": 1, "anchoredTotal": 1, "mentionsByChapter": [1, 0, 0, 0, 0, 0, 0, 0, 0, 0], "densityClass": "hapax", "densityLevel": 0, "distanceFromRomeKm": 21.7, "iri": "https://w3id.org/gaddatlas/id/gazetteer/gaz_lazio"}}, {"type": "Feature", "geometry": {"type": "Point", "coordinates": [12.774504127034607, 41.75024597370798]}, "properties": {"GazetteerEntity_ID": "gaz_monte_algido", "Toponym": "Monte Algido", "occurrences": 1, "interpretations": 1, "anchoredTotal": 1, "mentionsByChapter": [0, 0, 0, 0, 0, 0, 0, 1, 0, 0], "densityClass": "hapax", "densityLevel": 0, "distanceFromRomeKm": 28.6, "iri": "https://w3id.org/gaddatlas/id/gazetteer/gaz_monte_algido"}}, {"type": "Feature", "geometry": {"type": "Point", "coordinates": [11.395, 45.83464690564686]}, "properties": {"GazetteerEntity_ID": "gaz_monte_cengio", "Toponym": "Monte Cengio", "occurrences": 1, "interpretations": 1, "anchoredTotal": 1, "mentionsByChapter": [0, 1, 0, 0, 0, 0, 0, 0, 0, 0], "densityClass": "hapax", "densityLevel": 0, "distanceFromRomeKm": 446.0, "iri": "https://w3id.org/gaddatlas/id/gazetteer/gaz_monte_cengio"}}, {"type": "Feature", "geometry": {"type": "Point", "coordinates": [12.933066487462336, 41.70507314535531]}, "properties": {"GazetteerEntity_ID": "gaz_monte_manno", "Toponym": "Monte Manno", "occurrences": 1, "interpretations": 1, "anchoredTotal": 3, "mentionsByChapter": [0, 0, 0, 1, 0, 0, 0, 0, 0, 0], "densityClass": "hapax", "densityLevel": 0, "distanceFromRomeKm": 42.3, "iri": "https://w3id.org/gaddatlas/id/gazetteer/gaz_monte_manno"}}, {"type": "Feature", "geometry": {"type": "Point", "coordinates": [14.366554255055233, 41.451044369853264]}, "properties": {"GazetteerEntity_ID": "gaz_monte_matese", "Toponym": "Monte Matese", "occurrences": 1, "interpretations": 1, "anchoredTotal": 1, "mentionsByChapter": [0, 1, 0, 0, 0, 0, 0, 0, 0, 0], "densityClass": "hapax", "densityLevel": 0, "distanceFromRomeKm": 163.2, "iri": "https://w3id.org/gaddatlas/id/gazetteer/gaz_monte_matese"}}, {"type": "Feature", "geometry": {"type": "Point", "coordinates": [12.490957672092293, 42.27001081429104]}, "properties": {"GazetteerEntity_ID": "gaz_monte_soratte", "Toponym": "Monte Soratte", "occurrences": 1, "interpretations": 1, "anchoredTotal": 1, "mentionsByChapter": [0, 0, 0, 0, 0, 0, 0, 1, 0, 0], "densityClass": "hapax", "densityLevel": 0, "distanceFromRomeKm": 40.8, "iri": "https://w3id.org/gaddatlas/id/gazetteer/gaz_monte_soratte"}}, {"type": "Feature", "geometry": {"type": "Point", "coordinates": [12.859136459324375, 42.232609158947405]}, "properties": {"GazetteerEntity_ID": "gaz_monteleone", "Toponym": "Monteleone Sabino", "occurrences": 1, "interpretations": 1, "anchoredTotal": 1, "mentionsByChapter": [1, 0, 0, 0, 0, 0, 0, 0, 0, 0], "densityClass": "hapax", "densityLevel": 0, "distanceFromRomeKm": 47.3, "iri": "https://w3id.org/gaddatlas/id/gazetteer/gaz_monteleone"}}, {"type": "Feature", "geometry": {"type": "Point", "coordinates": [12.49251620797544, 41.89481897366331]}, "properties": {"GazetteerEntity_ID": "gaz_monti", "Toponym": "Monti", "occurrences": 1, "interpretations": 1, "anchoredTotal": 1, "mentionsByChapter": [0, 0, 0, 0, 0, 0, 1, 0, 0, 0], "densityClass": "hapax", "densityLevel": 0, "distanceFromRomeKm": 0.9, "iri": "https://w3id.org/gaddatlas/id/gazetteer/gaz_monti"}}, {"type": "Feature", "geometry": {"type": "Point", "coordinates": [13.032114125147414, 42.0749429984885]}, "properties": {"GazetteerEntity_ID": "gaz_monti_carseolani", "Toponym": "Monti Carseolani", "occurrences": 1, "interpretations": 1, "anchoredTotal": 2, "mentionsByChapter": [0, 0, 0, 0, 0, 0, 0, 1, 0, 0], "densityClass": "hapax", "densityLevel": 0, "distanceFromRomeKm": 48.2, "iri": "https://w3id.org/gaddatlas/id/gazetteer/gaz_monti_carseolani"}}, {"type": "Feature", "geometry": {"type": "Point", "coordinates": [13.48593067326618, 41.81035580365862]}, "properties": {"GazetteerEntity_ID": "gaz_monti_ernici", "Toponym": "Monti Ernici", "occurrences": 1, "interpretations": 1, "anchoredTotal": 1, "mentionsByChapter": [0, 0, 0, 0, 0, 0, 0, 1, 0, 0], "densityClass": "hapax", "densityLevel": 0, "distanceFromRomeKm": 82.6, "iri": "https://w3id.org/gaddatlas/id/gazetteer/gaz_monti_ernici"}}, {"type": "Feature", "geometry": {"type": "Point", "coordinates": [13.644952964344878, 41.79718465634362]}, "properties": {"GazetteerEntity_ID": "gaz_monti_simbruini", "Toponym": "Monti Simbruini", "occurrences": 1, "interpretations": 1, "anchoredTotal": 1, "mentionsByChapter": [0, 0, 0, 0, 0, 0, 0, 1, 0, 0], "densityClass": "hapax", "densityLevel": 0, "distanceFromRomeKm": 95.9, "iri": "https://w3id.org/gaddatlas/id/gazetteer/gaz_monti_simbruini"}}, {"type": "Feature", "geometry": {"type": "Point", "coordinates": [13.51516522684632, 42.13780481791833]}, "properties": {"GazetteerEntity_ID": "gaz_ovindoli", "Toponym": "Ovindoli", "occurrences": 1, "interpretations": 2, "anchoredTotal": 2, "mentionsByChapter": [0, 0, 0, 0, 0, 1, 0, 0, 0, 0], "densityClass": "hapax", "densityLevel": 0, "distanceFromRomeKm": 88.1, "iri": "https://w3id.org/gaddatlas/id/gazetteer/gaz_ovindoli"}}, {"type": "Feature", "geometry": {"type": "Point", "coordinates": [12.473007850337243, 41.89533742794816]}, "properties": {"GazetteerEntity_ID": "gaz_palazzo_pio", "Toponym": "Palazzo Pio", "occurrences": 1, "interpretations": 1, "anchoredTotal": 1, "mentionsByChapter": [0, 0, 1, 0, 0, 0, 0, 0, 0, 0], "densityClass": "hapax", "densityLevel": 0, "distanceFromRomeKm": 2.1, "iri": "https://w3id.org/gaddatlas/id/gazetteer/gaz_palazzo_pio"}}, {"type": "Feature", "geometry": {"type": "Point", "coordinates": [12.47872570766404, 41.904291483212205]}, "properties": {"GazetteerEntity_ID": "gaz_palazzo_ruspoli", "Toponym": "Palazzo Ruspoli", "occurrences": 1, "interpretations": 1, "anchoredTotal": 1, "mentionsByChapter": [1, 0, 0, 0, 0, 0, 0, 0, 0, 0], "densityClass": "hapax", "densityLevel": 0, "distanceFromRomeKm": 1.5, "iri": "https://w3id.org/gaddatlas/id/gazetteer/gaz_palazzo_ruspoli"}}, {"type": "Feature", "geometry": {"type": "Point", "coordinates": [12.888132917750513, 41.83422291934301]}, "properties": {"GazetteerEntity_ID": "gaz_palestrina", "Toponym": "Palestrina", "occurrences": 1, "interpretations": 1, "anchoredTotal": 1, "mentionsByChapter": [0, 0, 0, 1, 0, 0, 0, 0, 0, 0], "densityClass": "hapax", "densityLevel": 0, "distanceFromRomeKm": 33.3, "iri": "https://w3id.org/gaddatlas/id/gazetteer/gaz_palestrina"}}, {"type": "Feature", "geometry": {"type": "Point", "coordinates": [12.476863407009992, 41.89867683406545]}, "properties": {"GazetteerEntity_ID": "gaz_pantheon", "Toponym": "Pantheon", "occurrences": 1, "interpretations": 1, "anchoredTotal": 1, "mentionsByChapter": [1, 0, 0, 0, 0, 0, 0, 0, 0, 0], "densityClass": "hapax", "densityLevel": 0, "distanceFromRomeKm": 1.7, "iri": "https://w3id.org/gaddatlas/id/gazetteer/gaz_pantheon"}}, {"type": "Feature", "geometry": {"type": "Point", "coordinates": [12.47993539405843, 41.90088848088894]}, "properties": {"GazetteerEntity_ID": "gaz_piazza_colonna", "Toponym": "Piazza Colonna", "occurrences": 1, "interpretations": 1, "anchoredTotal": 1, "mentionsByChapter": [0, 0, 0, 0, 0, 0, 1, 0, 0, 0], "densityClass": "hapax", "densityLevel": 0, "distanceFromRomeKm": 1.4, "iri": "https://w3id.org/gaddatlas/id/gazetteer/gaz_piazza_colonna"}}, {"type": "Feature", "geometry": {"type": "Point", "coordinates": [12.479385384272035, 41.89999819105845]}, "properties": {"GazetteerEntity_ID": "gaz_piazza_di_pietra", "Toponym": "Piazza di Pietra", "occurrences": 1, "interpretations": 1, "anchoredTotal": 1, "mentionsByChapter": [1, 0, 0, 0, 0, 0, 0, 0, 0, 0], "densityClass": "hapax", "densityLevel": 0, "distanceFromRomeKm": 1.4, "iri": "https://w3id.org/gaddatlas/id/gazetteer/gaz_piazza_di_pietra"}}, {"type": "Feature", "geometry": {"type": "Point", "coordinates": [12.482325564335817, 41.90571279324034]}, "properties": {"GazetteerEntity_ID": "gaz_piazza_di_spagna", "Toponym": "Piazza di Spagna", "occurrences": 1, "interpretations": 1, "anchoredTotal": 1, "mentionsByChapter": [0, 0, 0, 0, 0, 0, 0, 0, 0, 1], "densityClass": "hapax", "densityLevel": 0, "distanceFromRomeKm": 1.2, "iri": "https://w3id.org/gaddatlas/id/gazetteer/gaz_piazza_di_spagna"}}, {"type": "Feature", "geometry": {"type": "Point", "coordinates": [12.496321983673056, 41.902472842408514]}, "properties": {"GazetteerEntity_ID": "gaz_piazza_esedra", "Toponym": "Piazza Esedra", "occurrences": 1, "interpretations": 1, "anchoredTotal": 1, "mentionsByChapter": [0, 0, 0, 0, 0, 0, 1, 0, 0, 0], "densityClass": "hapax", "densityLevel": 0, "distanceFromRomeKm": 0.0, "iri": "https://w3id.org/gaddatlas/id/gazetteer/gaz_piazza_esedra"}}, {"type": "Feature", "geometry": {"type": "Point", "coordinates": [12.480250892538322, 41.89249955749]}, "properties": {"GazetteerEntity_ID": "gaz_piazza_montanara", "Toponym": "Piazza Montanara", "occurrences": 1, "interpretations": 1, "anchoredTotal": 1, "mentionsByChapter": [0, 0, 1, 0, 0, 0, 0, 0, 0, 0], "densityClass": "hapax", "densityLevel": 0, "distanceFromRomeKm": 1.8, "iri": "https://w3id.org/gaddatlas/id/gazetteer/gaz_piazza_montanara"}}, {"type": "Feature", "geometry": {"type": "Point", "coordinates": [12.472928812263008, 41.895990126304326]}, "properties": {"GazetteerEntity_ID": "gaz_piazza_pollarola", "Toponym": "Piazza Pollarola", "occurrences": 1, "interpretations": 1, "anchoredTotal": 1, "mentionsByChapter": [0, 0, 1, 0, 0, 0, 0, 0, 0, 0], "densityClass": "hapax", "densityLevel": 0, "distanceFromRomeKm": 2.1, "iri": "https://w3id.org/gaddatlas/id/gazetteer/gaz_piazza_pollarola"}}, {"type": "Feature", "geometry": {"type": "Point", "coordinates": [12.45975825285214, 41.90257061274494]}, "properties": {"GazetteerEntity_ID": "gaz_piazza_rusticucci", "Toponym": "Piazza Rusticucci", "occurrences": 1, "interpretations": 1, "anchoredTotal": 1, "mentionsByChapter": [0, 0, 1, 0, 0, 0, 0, 0, 0, 0], "densityClass": "hapax", "densityLevel": 0, "distanceFromRomeKm": 3.0, "iri": "https://w3id.org/gaddatlas/id/gazetteer/gaz_piazza_rusticucci"}}, {"type": "Feature", "geometry": {"type": "Point", "coordinates": [12.495028075136045, 41.919679006917015]}, "properties": {"GazetteerEntity_ID": "gaz_piazza_verdi", "Toponym": "Piazza Verdi", "occurrences": 1, "interpretations": 1, "anchoredTotal": 1, "mentionsByChapter": [0, 0, 0, 0, 1, 0, 0, 0, 0, 0], "densityClass": "hapax", "densityLevel": 0, "distanceFromRomeKm": 1.9, "iri": "https://w3id.org/gaddatlas/id/gazetteer/gaz_piazza_verdi"}}, {"type": "Feature", "geometry": {"type": "Point", "coordinates": [13.567540016779384, 42.85363261520004]}, "properties": {"GazetteerEntity_ID": "gaz_piceno", "Toponym": "Piceno", "occurrences": 1, "interpretations": 1, "anchoredTotal": 1, "mentionsByChapter": [1, 0, 0, 0, 0, 0, 0, 0, 0, 0], "densityClass": "hapax", "densityLevel": 0, "distanceFromRomeKm": 137.5, "iri": "https://w3id.org/gaddatlas/id/gazetteer/gaz_piceno"}}, {"type": "Feature", "geometry": {"type": "Point", "coordinates": [12.599632278065911, 41.76071420037528]}, "properties": {"GazetteerEntity_ID": "gaz_ponte_divino_amore", "Toponym": "Ponte al Divino Amore", "occurrences": 1, "interpretations": 1, "anchoredTotal": 16, "mentionsByChapter": [0, 0, 0, 0, 0, 0, 0, 0, 1, 0], "densityClass": "hapax", "densityLevel": 0, "distanceFromRomeKm": 18.0, "iri": "https://w3id.org/gaddatlas/id/gazetteer/gaz_ponte_divino_amore"}}, {"type": "Feature", "geometry": {"type": "Point", "coordinates": [12.456647366153756, 41.90616185465161]}, "properties": {"GazetteerEntity_ID": "gaz_porta_angelica", "Toponym": "Porta Angelica", "occurrences": 1, "interpretations": 1, "anchoredTotal": 1, "mentionsByChapter": [0, 0, 1, 0, 0, 0, 0, 0, 0, 0], "densityClass": "hapax", "densityLevel": 0, "distanceFromRomeKm": 3.3, "iri": "https://w3id.org/gaddatlas/id/gazetteer/gaz_porta_angelica"}}, {"type": "Feature", "geometry": {"type": "Point", "coordinates": [12.499128817987987, 41.8782334566828]}, "properties": {"GazetteerEntity_ID": "gaz_porta_latina", "Toponym": "Porta Latina", "occurrences": 1, "interpretations": 2, "anchoredTotal": 2, "mentionsByChapter": [0, 0, 0, 0, 0, 0, 0, 0, 0, 1], "densityClass": "hapax", "densityLevel": 0, "distanceFromRomeKm": 2.7, "iri": "https://w3id.org/gaddatlas/id/gazetteer/gaz_porta_latina"}}, {"type": "Feature", "geometry": {"type": "Point", "coordinates": [12.51518714724432, 41.89143521467929]}, "properties": {"GazetteerEntity_ID": "gaz_porta_maggiore", "Toponym": "Porta Maggiore", "occurrences": 1, "interpretations": 1, "anchoredTotal": 1, "mentionsByChapter": [0, 1, 0, 0, 0, 0, 0, 0, 0, 0], "densityClass": "hapax", "densityLevel": 0, "distanceFromRomeKm": 2.0, "iri": "https://w3id.org/gaddatlas/id/gazetteer/gaz_porta_maggiore"}}, {"type": "Feature", "geometry": {"type": "Point", "coordinates": [12.481441271164153, 41.87683414708175]}, "properties": {"GazetteerEntity_ID": "gaz_porta_san_paolo", "Toponym": "Porta San Paolo", "occurrences": 1, "interpretations": 1, "anchoredTotal": 1, "mentionsByChapter": [0, 0, 0, 0, 0, 0, 0, 1, 0, 0], "densityClass": "hapax", "densityLevel": 0, "distanceFromRomeKm": 3.1, "iri": "https://w3id.org/gaddatlas/id/gazetteer/gaz_porta_san_paolo"}}, {"type": "Feature", "geometry": {"type": "Point", "coordinates": [12.476009448493592, 41.900132740766]}, "properties": {"GazetteerEntity_ID": "gaz_pozzo_delle_cornacchie", "Toponym": "Pozzo delle Cornacchie", "occurrences": 1, "interpretations": 1, "anchoredTotal": 1, "mentionsByChapter": [1, 0, 0, 0, 0, 0, 0, 0, 0, 0], "densityClass": "hapax", "densityLevel": 0, "distanceFromRomeKm": 1.7, "iri": "https://w3id.org/gaddatlas/id/gazetteer/gaz_pozzo_delle_cornacchie"}}, {"type": "Feature", "geometry": {"type": "Point", "coordinates": [12.4651701137127, 41.90963380954534]}, "properties": {"GazetteerEntity_ID": "gaz_prati_di_castello", "Toponym": "Prati di Castello", "occurrences": 1, "interpretations": 1, "anchoredTotal": 1, "mentionsByChapter": [0, 0, 0, 1, 0, 0, 0, 0, 0, 0], "densityClass": "hapax", "densityLevel": 0, "distanceFromRomeKm": 2.7, "iri": "https://w3id.org/gaddatlas/id/gazetteer/gaz_prati_di_castello"}}, {"type": "Feature", "geometry": {"type": "Point", "coordinates": [11.981884102223214, 44.10833194442195]}, "properties": {"GazetteerEntity_ID": "gaz_predappio", "Toponym": "Predappio", "occurrences": 1, "interpretations": 2, "anchoredTotal": 2, "mentionsByChapter": [0, 0, 0, 0, 1, 0, 0, 0, 0, 0], "densityClass": "hapax", "densityLevel": 0, "distanceFromRomeKm": 248.8, "iri": "https://w3id.org/gaddatlas/id/gazetteer/gaz_predappio"}}, {"type": "Feature", "geometry": {"type": "Point", "coordinates": [15.652447605612965, 38.12747821699881]}, "properties": {"GazetteerEntity_ID": "gaz_reggio_calabria", "Toponym": "Reggio Calabria", "occurrences": 1, "interpretations": 1, "anchoredTotal": 1, "mentionsByChapter": [0, 0, 0, 0, 0, 0, 1, 0, 0, 0], "densityClass": "hapax", "densityLevel": 0, "distanceFromRomeKm": 498.4, "iri": "https://w3id.org/gaddatlas/id/gazetteer/gaz_reggio_calabria"}}, {"type": "Feature", "geometry": {"type": "Point", "coordinates": [12.706774730883602, 41.76238950891051]}, "properties": {"GazetteerEntity_ID": "gaz_rocca_di_papa", "Toponym": "Rocca di Papa", "occurrences": 1, "interpretations": 1, "anchoredTotal": 1, "mentionsByChapter": [0, 0, 0, 0, 0, 1, 0, 0, 0, 0], "densityClass": "hapax", "densityLevel": 0, "distanceFromRomeKm": 23.4, "iri": "https://w3id.org/gaddatlas/id/gazetteer/gaz_rocca_di_papa"}}, {"type": "Feature", "geometry": {"type": "Point", "coordinates": [12.658476221527655, 41.76991636096222]}, "properties": {"GazetteerEntity_ID": "gaz_rocca_orsina", "Toponym": "Rocca Orsina", "occurrences": 1, "interpretations": 1, "anchoredTotal": 1, "mentionsByChapter": [0, 0, 0, 0, 0, 1, 0, 0, 0, 0], "densityClass": "hapax", "densityLevel": 0, "distanceFromRomeKm": 20.0, "iri": "https://w3id.org/gaddatlas/id/gazetteer/gaz_rocca_orsina"}}, {"type": "Feature", "geometry": {"type": "Point", "coordinates": [9.979392469787877, 44.81905616432461]}, "properties": {"GazetteerEntity_ID": "gaz_salsomaggiore", "Toponym": "Salsomaggiore", "occurrences": 1, "interpretations": 1, "anchoredTotal": 1, "mentionsByChapter": [1, 0, 0, 0, 0, 0, 0, 0, 0, 0], "densityClass": "hapax", "densityLevel": 0, "distanceFromRomeKm": 382.8, "iri": "https://w3id.org/gaddatlas/id/gazetteer/gaz_salsomaggiore"}}, {"type": "Feature", "geometry": {"type": "Point", "coordinates": [12.456303092017317, 41.86966525125673]}, "properties": {"GazetteerEntity_ID": "gaz_san_camillo", "Toponym": "San Camillo", "occurrences": 1, "interpretations": 1, "anchoredTotal": 1, "mentionsByChapter": [0, 0, 0, 1, 0, 0, 0, 0, 0, 0], "densityClass": "hapax", "densityLevel": 0, "distanceFromRomeKm": 5.0, "iri": "https://w3id.org/gaddatlas/id/gazetteer/gaz_san_camillo"}}, {"type": "Feature", "geometry": {"type": "Point", "coordinates": [12.497564978356351, 41.88952632925135]}, "properties": {"GazetteerEntity_ID": "gaz_san_clemente", "Toponym": "San Clemente", "occurrences": 1, "interpretations": 1, "anchoredTotal": 1, "mentionsByChapter": [1, 0, 0, 0, 0, 0, 0, 0, 0, 0], "densityClass": "hapax", "densityLevel": 0, "distanceFromRomeKm": 1.5, "iri": "https://w3id.org/gaddatlas/id/gazetteer/gaz_san_clemente"}}, {"type": "Feature", "geometry": {"type": "Point", "coordinates": [12.47471902436365, 41.899621753079465]}, "properties": {"GazetteerEntity_ID": "gaz_san_luigi_de_francesi", "Toponym": "San Luigi de' Francesi", "occurrences": 1, "interpretations": 1, "anchoredTotal": 1, "mentionsByChapter": [1, 0, 0, 0, 0, 0, 0, 0, 0, 0], "densityClass": "hapax", "densityLevel": 0, "distanceFromRomeKm": 1.8, "iri": "https://w3id.org/gaddatlas/id/gazetteer/gaz_san_luigi_de_francesi"}}, {"type": "Feature", "geometry": {"type": "Point", "coordinates": [12.498384893656386, 41.894677226531456]}, "properties": {"GazetteerEntity_ID": "gaz_san_martino_ai_monti", "Toponym": "San Martino ai Monti", "occurrences": 1, "interpretations": 1, "anchoredTotal": 1, "mentionsByChapter": [1, 0, 0, 0, 0, 0, 0, 0, 0, 0], "densityClass": "hapax", "densityLevel": 0, "distanceFromRomeKm": 0.9, "iri": "https://w3id.org/gaddatlas/id/gazetteer/gaz_san_martino_ai_monti"}}, {"type": "Feature", "geometry": {"type": "Point", "coordinates": [12.4807727698506, 41.90289491613001]}, "properties": {"GazetteerEntity_ID": "gaz_san_silvestro_in_capite", "Toponym": "San Silvestro in Capite", "occurrences": 1, "interpretations": 1, "anchoredTotal": 1, "mentionsByChapter": [1, 0, 0, 0, 0, 0, 0, 0, 0, 0], "densityClass": "hapax", "densityLevel": 0, "distanceFromRomeKm": 1.3, "iri": "https://w3id.org/gaddatlas/id/gazetteer/gaz_san_silvestro_in_capite"}}, {"type": "Feature", "geometry": {"type": "Point", "coordinates": [14.740775, 41.260503]}, "properties": {"GazetteerEntity_ID": "gaz_sannio", "Toponym": "Sannio", "occurrences": 1, "interpretations": 1, "anchoredTotal": 1, "mentionsByChapter": [1, 0, 0, 0, 0, 0, 0, 0, 0, 0], "densityClass": "hapax", "densityLevel": 0, "distanceFromRomeKm": 199.9, "iri": "https://w3id.org/gaddatlas/id/gazetteer/gaz_sannio"}}, {"type": "Feature", "geometry": {"type": "Point", "coordinates": [12.4766157816818, 41.89767270494693]}, "properties": {"GazetteerEntity_ID": "gaz_santa_chiara", "Toponym": "Santa Chiara", "occurrences": 1, "interpretations": 1, "anchoredTotal": 1, "mentionsByChapter": [1, 0, 0, 0, 0, 0, 0, 0, 0, 0], "densityClass": "hapax", "densityLevel": 0, "distanceFromRomeKm": 1.7, "iri": "https://w3id.org/gaddatlas/id/gazetteer/gaz_santa_chiara"}}, {"type": "Feature", "geometry": {"type": "Point", "coordinates": [12.514682435189837, 41.88898866930153]}, "properties": {"GazetteerEntity_ID": "gaz_santa_croce_in_gerusalemme", "Toponym": "Santa Croce in Gerusalemme", "occurrences": 1, "interpretations": 1, "anchoredTotal": 1, "mentionsByChapter": [1, 0, 0, 0, 0, 0, 0, 0, 0, 0], "densityClass": "hapax", "densityLevel": 0, "distanceFromRomeKm": 2.2, "iri": "https://w3id.org/gaddatlas/id/gazetteer/gaz_santa_croce_in_gerusalemme"}}, {"type": "Feature", "geometry": {"type": "Point", "coordinates": [12.480113538487586, 41.89267907132654]}, "properties": {"GazetteerEntity_ID": "gaz_santa_margherita_in_abitacolo", "Toponym": "Santa Margherita in Abitacolo", "occurrences": 1, "interpretations": 2, "anchoredTotal": 2, "mentionsByChapter": [0, 0, 0, 0, 0, 0, 0, 1, 0, 0], "densityClass": "hapax", "densityLevel": 0, "distanceFromRomeKm": 1.8, "iri": "https://w3id.org/gaddatlas/id/gazetteer/gaz_santa_margherita_in_abitacolo"}}, {"type": "Feature", "geometry": {"type": "Point", "coordinates": [12.477999492672676, 41.90014365391151]}, "properties": {"GazetteerEntity_ID": "gaz_santa_maria_in_aquiro", "Toponym": "Santa Maria in Aquiro", "occurrences": 1, "interpretations": 1, "anchoredTotal": 1, "mentionsByChapter": [1, 0, 0, 0, 0, 0, 0, 0, 0, 0], "densityClass": "hapax", "densityLevel": 0, "distanceFromRomeKm": 1.6, "iri": "https://w3id.org/gaddatlas/id/gazetteer/gaz_santa_maria_in_aquiro"}}, {"type": "Feature", "geometry": {"type": "Point", "coordinates": [11.248280584031749, 43.77709097635588]}, "properties": {"GazetteerEntity_ID": "gaz_santa_maria_novella", "Toponym": "Santa Maria Novella", "occurrences": 1, "interpretations": 1, "anchoredTotal": 1, "mentionsByChapter": [0, 0, 0, 0, 0, 0, 0, 1, 0, 0], "densityClass": "hapax", "densityLevel": 0, "distanceFromRomeKm": 231.9, "iri": "https://w3id.org/gaddatlas/id/gazetteer/gaz_santa_maria_novella"}}, {"type": "Feature", "geometry": {"type": "Point", "coordinates": [12.477810026767758, 41.89799121298735]}, "properties": {"GazetteerEntity_ID": "gaz_santa_maria_sopra_minerva", "Toponym": "Santa Maria sopra Minerva", "occurrences": 1, "interpretations": 1, "anchoredTotal": 1, "mentionsByChapter": [1, 0, 0, 0, 0, 0, 0, 0, 0, 0], "densityClass": "hapax", "densityLevel": 0, "distanceFromRomeKm": 1.6, "iri": "https://w3id.org/gaddatlas/id/gazetteer/gaz_santa_maria_sopra_minerva"}}, {"type": "Feature", "geometry": {"type": "Point", "coordinates": [12.472549957571031, 41.89886028109439]}, "properties": {"GazetteerEntity_ID": "gaz_santagnese_in_agone", "Toponym": "Sant'Agnese in Agone", "occurrences": 1, "interpretations": 1, "anchoredTotal": 1, "mentionsByChapter": [1, 0, 0, 0, 0, 0, 0, 0, 0, 0], "densityClass": "hapax", "densityLevel": 0, "distanceFromRomeKm": 2.0, "iri": "https://w3id.org/gaddatlas/id/gazetteer/gaz_santagnese_in_agone"}}, {"type": "Feature", "geometry": {"type": "Point", "coordinates": [12.474278565476274, 41.9008508106466]}, "properties": {"GazetteerEntity_ID": "gaz_santagostino", "Toponym": "Sant'Agostino", "occurrences": 1, "interpretations": 1, "anchoredTotal": 1, "mentionsByChapter": [1, 0, 0, 0, 0, 0, 0, 0, 0, 0], "densityClass": "hapax", "densityLevel": 0, "distanceFromRomeKm": 1.8, "iri": "https://w3id.org/gaddatlas/id/gazetteer/gaz_santagostino"}}, {"type": "Feature", "geometry": {"type": "Point", "coordinates": [12.474333258746212, 41.89641220677437]}, "properties": {"GazetteerEntity_ID": "gaz_santandrea_della_valle", "Toponym": "Sant'Andrea della Valle", "occurrences": 1, "interpretations": 1, "anchoredTotal": 1, "mentionsByChapter": [0, 0, 1, 0, 0, 0, 0, 0, 0, 0], "densityClass": "hapax", "densityLevel": 0, "distanceFromRomeKm": 2.0, "iri": "https://w3id.org/gaddatlas/id/gazetteer/gaz_santandrea_della_valle"}}, {"type": "Feature", "geometry": {"type": "Point", "coordinates": [12.457481602903693, 41.90407297051054]}, "properties": {"GazetteerEntity_ID": "gaz_santanna", "Toponym": "Sant'Anna", "occurrences": 1, "interpretations": 1, "anchoredTotal": 1, "mentionsByChapter": [0, 0, 1, 0, 0, 0, 0, 0, 0, 0], "densityClass": "hapax", "densityLevel": 0, "distanceFromRomeKm": 3.2, "iri": "https://w3id.org/gaddatlas/id/gazetteer/gaz_santanna"}}, {"type": "Feature", "geometry": {"type": "Point", "coordinates": [12.50405706965514, 41.88896555883594]}, "properties": {"GazetteerEntity_ID": "gaz_santantonio_da_padova", "Toponym": "Sant'Antonio da Padova", "occurrences": 1, "interpretations": 1, "anchoredTotal": 1, "mentionsByChapter": [1, 0, 0, 0, 0, 0, 0, 0, 0, 0], "densityClass": "hapax", "densityLevel": 0, "distanceFromRomeKm": 1.7, "iri": "https://w3id.org/gaddatlas/id/gazetteer/gaz_santantonio_da_padova"}}, {"type": "Feature", "geometry": {"type": "Point", "coordinates": [9.054925146792344, 40.23470155220895]}, "properties": {"GazetteerEntity_ID": "gaz_sardegna", "Toponym": "Sardegna", "occurrences": 1, "interpretations": 1, "anchoredTotal": 1, "mentionsByChapter": [0, 0, 0, 0, 0, 0, 1, 0, 0, 0], "densityClass": "hapax", "densityLevel": 0, "distanceFromRomeKm": 342.9, "iri": "https://w3id.org/gaddatlas/id/gazetteer/gaz_sardegna"}}, {"type": "Feature", "geometry": {"type": "Point", "coordinates": [8.55541661770075, 40.72924779449954]}, "properties": {"GazetteerEntity_ID": "gaz_sassari", "Toponym": "Sassari", "occurrences": 1, "interpretations": 1, "anchoredTotal": 1, "mentionsByChapter": [0, 0, 0, 0, 0, 0, 1, 0, 0, 0], "densityClass": "hapax", "densityLevel": 0, "distanceFromRomeKm": 354.0, "iri": "https://w3id.org/gaddatlas/id/gazetteer/gaz_sassari"}}, {"type": "Feature", "geometry": {"type": "Point", "coordinates": [12.49666104629743, 41.89676284011875]}, "properties": {"GazetteerEntity_ID": "gaz_suburra", "Toponym": "Suburra", "occurrences": 1, "interpretations": 1, "anchoredTotal": 1, "mentionsByChapter": [0, 1, 0, 0, 0, 0, 0, 0, 0, 0], "densityClass": "hapax", "densityLevel": 0, "distanceFromRomeKm": 0.7, "iri": "https://w3id.org/gaddatlas/id/gazetteer/gaz_suburra"}}, {"type": "Feature", "geometry": {"type": "Point", "coordinates": [12.508280896240649, 41.89552360992579]}, "properties": {"GazetteerEntity_ID": "gaz_teatro_jovinelli", "Toponym": "Teatro Jovinelli", "occurrences": 1, "interpretations": 1, "anchoredTotal": 1, "mentionsByChapter": [0, 0, 0, 0, 1, 0, 0, 0, 0, 0], "densityClass": "hapax", "densityLevel": 0, "distanceFromRomeKm": 1.3, "iri": "https://w3id.org/gaddatlas/id/gazetteer/gaz_teatro_jovinelli"}}, {"type": "Feature", "geometry": {"type": "Point", "coordinates": [12.476863407009992, 41.89867683406545]}, "properties": {"GazetteerEntity_ID": "gaz_tempio_di_agrippa", "Toponym": "Tempio di Agrippa", "occurrences": 1, "interpretations": 2, "anchoredTotal": 2, "mentionsByChapter": [0, 0, 0, 0, 0, 0, 1, 0, 0, 0], "densityClass": "hapax", "densityLevel": 0, "distanceFromRomeKm": 1.7, "iri": "https://w3id.org/gaddatlas/id/gazetteer/gaz_tempio_di_agrippa"}}, {"type": "Feature", "geometry": {"type": "Point", "coordinates": [13.249936342430493, 41.29047601665066]}, "properties": {"GazetteerEntity_ID": "gaz_terracina", "Toponym": "Terracina", "occurrences": 1, "interpretations": 2, "anchoredTotal": 2, "mentionsByChapter": [0, 0, 0, 1, 0, 0, 0, 0, 0, 0], "densityClass": "hapax", "densityLevel": 0, "distanceFromRomeKm": 92.5, "iri": "https://w3id.org/gaddatlas/id/gazetteer/gaz_terracina"}}, {"type": "Feature", "geometry": {"type": "Point", "coordinates": [12.467929197570816, 41.89465722886191]}, "properties": {"GazetteerEntity_ID": "gaz_tevere", "Toponym": "Tevere", "occurrences": 1, "interpretations": 1, "anchoredTotal": 1, "mentionsByChapter": [1, 0, 0, 0, 0, 0, 0, 0, 0, 0], "densityClass": "hapax", "densityLevel": 0, "distanceFromRomeKm": 2.5, "iri": "https://w3id.org/gaddatlas/id/gazetteer/gaz_tevere"}}, {"type": "Feature", "geometry": {"type": "Point", "coordinates": [12.48796567063664, 41.90087528377779]}, "properties": {"GazetteerEntity_ID": "gaz_traforo", "Toponym": "Traforo", "occurrences": 1, "interpretations": 2, "anchoredTotal": 2, "mentionsByChapter": [0, 0, 0, 0, 0, 0, 1, 0, 0, 0], "densityClass": "hapax", "densityLevel": 0, "distanceFromRomeKm": 0.7, "iri": "https://w3id.org/gaddatlas/id/gazetteer/gaz_traforo"}}, {"type": "Feature", "geometry": {"type": "Point", "coordinates": [12.47032722280828, 41.88539020297163]}, "properties": {"GazetteerEntity_ID": "gaz_trastevere", "Toponym": "Trastevere", "occurrences": 1, "interpretations": 1, "anchoredTotal": 1, "mentionsByChapter": [0, 0, 0, 0, 0, 0, 1, 0, 0, 0], "densityClass": "hapax", "densityLevel": 0, "distanceFromRomeKm": 2.9, "iri": "https://w3id.org/gaddatlas/id/gazetteer/gaz_trastevere"}}, {"type": "Feature", "geometry": {"type": "Point", "coordinates": [8.43855565508531, 44.27104046105365]}, "properties": {"GazetteerEntity_ID": "gaz_vado_ligure", "Toponym": "Vado Ligure", "occurrences": 1, "interpretations": 1, "anchoredTotal": 1, "mentionsByChapter": [0, 1, 0, 0, 0, 0, 0, 0, 0, 0], "densityClass": "hapax", "densityLevel": 0, "distanceFromRomeKm": 421.7, "iri": "https://w3id.org/gaddatlas/id/gazetteer/gaz_vado_ligure"}}, {"type": "Feature", "geometry": {"type": "Point", "coordinates": [10.998439464162914, 45.44286986165943]}, "properties": {"GazetteerEntity_ID": "gaz_verona", "Toponym": "Verona", "occurrences": 1, "interpretations": 1, "anchoredTotal": 1, "mentionsByChapter": [0, 1, 0, 0, 0, 0, 0, 0, 0, 0], "densityClass": "hapax", "densityLevel": 0, "distanceFromRomeKm": 411.6, "iri": "https://w3id.org/gaddatlas/id/gazetteer/gaz_verona"}}, {"type": "Feature", "geometry": {"type": "Point", "coordinates": [12.49349032119079, 41.908587241676514]}, "properties": {"GazetteerEntity_ID": "gaz_via_boncompagni", "Toponym": "Via Boncompagni", "occurrences": 1, "interpretations": 1, "anchoredTotal": 1, "mentionsByChapter": [0, 0, 0, 0, 0, 0, 1, 0, 0, 0], "densityClass": "hapax", "densityLevel": 0, "distanceFromRomeKm": 0.7, "iri": "https://w3id.org/gaddatlas/id/gazetteer/gaz_via_boncompagni"}}, {"type": "Feature", "geometry": {"type": "Point", "coordinates": [12.478981335522056, 41.89509493955358]}, "properties": {"GazetteerEntity_ID": "gaz_via_botteghe_oscure", "Toponym": "Via Botteghe Oscure", "occurrences": 1, "interpretations": 1, "anchoredTotal": 1, "mentionsByChapter": [1, 0, 0, 0, 0, 0, 0, 0, 0, 0], "densityClass": "hapax", "densityLevel": 0, "distanceFromRomeKm": 1.7, "iri": "https://w3id.org/gaddatlas/id/gazetteer/gaz_via_botteghe_oscure"}}, {"type": "Feature", "geometry": {"type": "Point", "coordinates": [12.477565835193412, 41.90233603425503]}, "properties": {"GazetteerEntity_ID": "gaz_via_campo_marzio", "Toponym": "Via Campo Marzio", "occurrences": 1, "interpretations": 1, "anchoredTotal": 1, "mentionsByChapter": [1, 0, 0, 0, 0, 0, 0, 0, 0, 0], "densityClass": "hapax", "densityLevel": 0, "distanceFromRomeKm": 1.6, "iri": "https://w3id.org/gaddatlas/id/gazetteer/gaz_via_campo_marzio"}}, {"type": "Feature", "geometry": {"type": "Point", "coordinates": [12.495370807914474, 41.888955504808656]}, "properties": {"GazetteerEntity_ID": "gaz_via_capo_dafrica", "Toponym": "Via Capo d'Africa", "occurrences": 1, "interpretations": 1, "anchoredTotal": 1, "mentionsByChapter": [0, 0, 1, 0, 0, 0, 0, 0, 0, 0], "densityClass": "hapax", "densityLevel": 0, "distanceFromRomeKm": 1.5, "iri": "https://w3id.org/gaddatlas/id/gazetteer/gaz_via_capo_dafrica"}}, {"type": "Feature", "geometry": {"type": "Point", "coordinates": [12.472080293657111, 41.90532009591583]}, "properties": {"GazetteerEntity_ID": "gaz_via_colonna_vittoria", "Toponym": "Via Colonna Vittoria", "occurrences": 1, "interpretations": 1, "anchoredTotal": 1, "mentionsByChapter": [1, 0, 0, 0, 0, 0, 0, 0, 0, 0], "densityClass": "hapax", "densityLevel": 0, "distanceFromRomeKm": 2.0, "iri": "https://w3id.org/gaddatlas/id/gazetteer/gaz_via_colonna_vittoria"}}, {"type": "Feature", "geometry": {"type": "Point", "coordinates": [12.497769533571477, 41.88826403566792]}, "properties": {"GazetteerEntity_ID": "gaz_via_de_querceti", "Toponym": "Via de' Querceti", "occurrences": 1, "interpretations": 1, "anchoredTotal": 1, "mentionsByChapter": [1, 0, 0, 0, 0, 0, 0, 0, 0, 0], "densityClass": "hapax", "densityLevel": 0, "distanceFromRomeKm": 1.6, "iri": "https://w3id.org/gaddatlas/id/gazetteer/gaz_via_de_querceti"}}, {"type": "Feature", "geometry": {"type": "Point", "coordinates": [12.491807177069209, 41.8953237669349]}, "properties": {"GazetteerEntity_ID": "gaz_via_degli_zingari", "Toponym": "Via degli Zingari", "occurrences": 1, "interpretations": 1, "anchoredTotal": 1, "mentionsByChapter": [0, 0, 1, 0, 0, 0, 0, 0, 0, 0], "densityClass": "hapax", "densityLevel": 0, "distanceFromRomeKm": 0.9, "iri": "https://w3id.org/gaddatlas/id/gazetteer/gaz_via_degli_zingari"}}, {"type": "Feature", "geometry": {"type": "Point", "coordinates": [12.493746031107008, 41.89635704216215]}, "properties": {"GazetteerEntity_ID": "gaz_via_dei_capocci", "Toponym": "Via dei Capocci", "occurrences": 1, "interpretations": 1, "anchoredTotal": 1, "mentionsByChapter": [0, 0, 1, 0, 0, 0, 0, 0, 0, 0], "densityClass": "hapax", "densityLevel": 0, "distanceFromRomeKm": 0.7, "iri": "https://w3id.org/gaddatlas/id/gazetteer/gaz_via_dei_capocci"}}, {"type": "Feature", "geometry": {"type": "Point", "coordinates": [12.48348109299745, 41.89082656400838]}, "properties": {"GazetteerEntity_ID": "gaz_via_dei_fienili", "Toponym": "Via dei Fienili", "occurrences": 1, "interpretations": 1, "anchoredTotal": 1, "mentionsByChapter": [0, 0, 1, 0, 0, 0, 0, 0, 0, 0], "densityClass": "hapax", "densityLevel": 0, "distanceFromRomeKm": 1.7, "iri": "https://w3id.org/gaddatlas/id/gazetteer/gaz_via_dei_fienili"}}, {"type": "Feature", "geometry": {"type": "Point", "coordinates": [12.478760733837431, 41.907686875920895]}, "properties": {"GazetteerEntity_ID": "gaz_via_dei_greci", "Toponym": "Via dei Greci", "occurrences": 1, "interpretations": 1, "anchoredTotal": 1, "mentionsByChapter": [0, 0, 1, 0, 0, 0, 0, 0, 0, 0], "densityClass": "hapax", "densityLevel": 0, "distanceFromRomeKm": 1.6, "iri": "https://w3id.org/gaddatlas/id/gazetteer/gaz_via_dei_greci"}}, {"type": "Feature", "geometry": {"type": "Point", "coordinates": [12.67390716539034, 41.77631176902448]}, "properties": {"GazetteerEntity_ID": "gaz_via_del_gobbo", "Toponym": "Via del Gobbo", "occurrences": 1, "interpretations": 1, "anchoredTotal": 1, "mentionsByChapter": [0, 0, 0, 0, 0, 0, 0, 1, 0, 0], "densityClass": "hapax", "densityLevel": 0, "distanceFromRomeKm": 20.3, "iri": "https://w3id.org/gaddatlas/id/gazetteer/gaz_via_del_gobbo"}}, {"type": "Feature", "geometry": {"type": "Point", "coordinates": [12.479531435421766, 41.90266671761795]}, "properties": {"GazetteerEntity_ID": "gaz_via_del_parlamento", "Toponym": "Via del Parlamento", "occurrences": 1, "interpretations": 1, "anchoredTotal": 1, "mentionsByChapter": [1, 0, 0, 0, 0, 0, 0, 0, 0, 0], "densityClass": "hapax", "densityLevel": 0, "distanceFromRomeKm": 1.4, "iri": "https://w3id.org/gaddatlas/id/gazetteer/gaz_via_del_parlamento"}}, {"type": "Feature", "geometry": {"type": "Point", "coordinates": [12.51298416209954, 41.86491462396609]}, "properties": {"GazetteerEntity_ID": "gaz_via_della_caffarella", "Toponym": "Via della Caffarella", "occurrences": 1, "interpretations": 2, "anchoredTotal": 2, "mentionsByChapter": [0, 0, 0, 0, 0, 0, 0, 0, 0, 1], "densityClass": "hapax", "densityLevel": 0, "distanceFromRomeKm": 4.4, "iri": "https://w3id.org/gaddatlas/id/gazetteer/gaz_via_della_caffarella"}}, {"type": "Feature", "geometry": {"type": "Point", "coordinates": [12.496271259883107, 41.883995357992056]}, "properties": {"GazetteerEntity_ID": "gaz_via_della_navicella", "Toponym": "Via della Navicella", "occurrences": 1, "interpretations": 2, "anchoredTotal": 2, "mentionsByChapter": [0, 0, 0, 0, 0, 0, 1, 0, 0, 0], "densityClass": "hapax", "densityLevel": 0, "distanceFromRomeKm": 2.1, "iri": "https://w3id.org/gaddatlas/id/gazetteer/gaz_via_della_navicella"}}, {"type": "Feature", "geometry": {"type": "Point", "coordinates": [12.476684905643626, 41.89835257325988]}, "properties": {"GazetteerEntity_ID": "gaz_via_della_palombella", "Toponym": "Via della Palombella", "occurrences": 1, "interpretations": 1, "anchoredTotal": 1, "mentionsByChapter": [1, 0, 0, 0, 0, 0, 0, 0, 0, 0], "densityClass": "hapax", "densityLevel": 0, "distanceFromRomeKm": 1.7, "iri": "https://w3id.org/gaddatlas/id/gazetteer/gaz_via_della_palombella"}}, {"type": "Feature", "geometry": {"type": "Point", "coordinates": [12.477970515691876, 41.89999474967304]}, "properties": {"GazetteerEntity_ID": "gaz_via_della_scrofa", "Toponym": "Via della Scrofa", "occurrences": 1, "interpretations": 1, "anchoredTotal": 1, "mentionsByChapter": [1, 0, 0, 0, 0, 0, 0, 0, 0, 0], "densityClass": "hapax", "densityLevel": 0, "distanceFromRomeKm": 1.6, "iri": "https://w3id.org/gaddatlas/id/gazetteer/gaz_via_della_scrofa"}}, {"type": "Feature", "geometry": {"type": "Point", "coordinates": [12.481236040688875, 41.90388247365601]}, "properties": {"GazetteerEntity_ID": "gaz_via_della_vite", "Toponym": "Via della Vite", "occurrences": 1, "interpretations": 1, "anchoredTotal": 1, "mentionsByChapter": [0, 0, 0, 0, 0, 0, 1, 0, 0, 0], "densityClass": "hapax", "densityLevel": 0, "distanceFromRomeKm": 1.3, "iri": "https://w3id.org/gaddatlas/id/gazetteer/gaz_via_della_vite"}}, {"type": "Feature", "geometry": {"type": "Point", "coordinates": [12.475815197103683, 41.900528326072674]}, "properties": {"GazetteerEntity_ID": "gaz_via_delle_coppelle", "Toponym": "Via delle Coppelle", "occurrences": 1, "interpretations": 1, "anchoredTotal": 1, "mentionsByChapter": [1, 0, 0, 0, 0, 0, 0, 0, 0, 0], "densityClass": "hapax", "densityLevel": 0, "distanceFromRomeKm": 1.7, "iri": "https://w3id.org/gaddatlas/id/gazetteer/gaz_via_delle_coppelle"}}, {"type": "Feature", "geometry": {"type": "Point", "coordinates": [12.47225542803289, 41.89411186215077]}, "properties": {"GazetteerEntity_ID": "gaz_via_di_ferro", "Toponym": "Via di Ferro", "occurrences": 1, "interpretations": 1, "anchoredTotal": 1, "mentionsByChapter": [0, 0, 1, 0, 0, 0, 0, 0, 0, 0], "densityClass": "hapax", "densityLevel": 0, "distanceFromRomeKm": 2.2, "iri": "https://w3id.org/gaddatlas/id/gazetteer/gaz_via_di_ferro"}}, {"type": "Feature", "geometry": {"type": "Point", "coordinates": [12.473999194642012, 41.895285483518485]}, "properties": {"GazetteerEntity_ID": "gaz_via_di_grotta_pinta", "Toponym": "Via di Grotta Pinta", "occurrences": 1, "interpretations": 1, "anchoredTotal": 1, "mentionsByChapter": [0, 0, 1, 0, 0, 0, 0, 0, 0, 0], "densityClass": "hapax", "densityLevel": 0, "distanceFromRomeKm": 2.0, "iri": "https://w3id.org/gaddatlas/id/gazetteer/gaz_via_di_grotta_pinta"}}, {"type": "Feature", "geometry": {"type": "Point", "coordinates": [12.480302763446346, 41.90017316845467]}, "properties": {"GazetteerEntity_ID": "gaz_via_di_pietra", "Toponym": "Via di Pietra", "occurrences": 1, "interpretations": 1, "anchoredTotal": 1, "mentionsByChapter": [1, 0, 0, 0, 0, 0, 0, 0, 0, 0], "densityClass": "hapax", "densityLevel": 0, "distanceFromRomeKm": 1.4, "iri": "https://w3id.org/gaddatlas/id/gazetteer/gaz_via_di_pietra"}}, {"type": "Feature", "geometry": {"type": "Point", "coordinates": [12.494225506290569, 41.88609007715952]}, "properties": {"GazetteerEntity_ID": "gaz_via_di_san_paolo_della_croce", "Toponym": "Via di San Paolo della Croce", "occurrences": 1, "interpretations": 2, "anchoredTotal": 2, "mentionsByChapter": [0, 0, 0, 0, 0, 0, 1, 0, 0, 0], "densityClass": "hapax", "densityLevel": 0, "distanceFromRomeKm": 1.9, "iri": "https://w3id.org/gaddatlas/id/gazetteer/gaz_via_di_san_paolo_della_croce"}}, {"type": "Feature", "geometry": {"type": "Point", "coordinates": [12.49934749037454, 41.8859031777105]}, "properties": {"GazetteerEntity_ID": "gaz_via_di_santo_stefano_rotondo", "Toponym": "Via di Santo Stefano Rotondo", "occurrences": 1, "interpretations": 2, "anchoredTotal": 2, "mentionsByChapter": [0, 0, 0, 0, 0, 0, 1, 0, 0, 0], "densityClass": "hapax", "densityLevel": 0, "distanceFromRomeKm": 1.9, "iri": "https://w3id.org/gaddatlas/id/gazetteer/gaz_via_di_santo_stefano_rotondo"}}, {"type": "Feature", "geometry": {"type": "Point", "coordinates": [12.498761606943075, 41.88997394077698]}, "properties": {"GazetteerEntity_ID": "gaz_via_labbricana", "Toponym": "Via Labbricana", "occurrences": 1, "interpretations": 1, "anchoredTotal": 1, "mentionsByChapter": [1, 0, 0, 0, 0, 0, 0, 0, 0, 0], "densityClass": "hapax", "densityLevel": 0, "distanceFromRomeKm": 1.4, "iri": "https://w3id.org/gaddatlas/id/gazetteer/gaz_via_labbricana"}}, {"type": "Feature", "geometry": {"type": "Point", "coordinates": [12.487880279008024, 41.907046946215466]}, "properties": {"GazetteerEntity_ID": "gaz_via_ludovisi", "Toponym": "Via Ludovisi", "occurrences": 1, "interpretations": 1, "anchoredTotal": 1, "mentionsByChapter": [0, 0, 0, 0, 0, 0, 1, 0, 0, 0], "densityClass": "hapax", "densityLevel": 0, "distanceFromRomeKm": 0.8, "iri": "https://w3id.org/gaddatlas/id/gazetteer/gaz_via_ludovisi"}}, {"type": "Feature", "geometry": {"type": "Point", "coordinates": [12.505176649501491, 41.8962647321153]}, "properties": {"GazetteerEntity_ID": "gaz_via_mamiani", "Toponym": "Via Mamiani", "occurrences": 1, "interpretations": 3, "anchoredTotal": 3, "mentionsByChapter": [0, 0, 0, 0, 0, 0, 0, 0, 0, 1], "densityClass": "hapax", "densityLevel": 0, "distanceFromRomeKm": 1.0, "iri": "https://w3id.org/gaddatlas/id/gazetteer/gaz_via_mamiani"}}, {"type": "Feature", "geometry": {"type": "Point", "coordinates": [12.490991532899102, 41.89826988439785]}, "properties": {"GazetteerEntity_ID": "gaz_via_milano", "Toponym": "Via Milano", "occurrences": 1, "interpretations": 1, "anchoredTotal": 1, "mentionsByChapter": [0, 0, 0, 1, 0, 0, 0, 0, 0, 0], "densityClass": "hapax", "densityLevel": 0, "distanceFromRomeKm": 0.7, "iri": "https://w3id.org/gaddatlas/id/gazetteer/gaz_via_milano"}}, {"type": "Feature", "geometry": {"type": "Point", "coordinates": [12.481163670442754, 41.8915647770543]}, "properties": {"GazetteerEntity_ID": "gaz_via_monte_caprino", "Toponym": "Via Monte Caprino", "occurrences": 1, "interpretations": 1, "anchoredTotal": 1, "mentionsByChapter": [0, 0, 1, 0, 0, 0, 0, 0, 0, 0], "densityClass": "hapax", "densityLevel": 0, "distanceFromRomeKm": 1.8, "iri": "https://w3id.org/gaddatlas/id/gazetteer/gaz_via_monte_caprino"}}, {"type": "Feature", "geometry": {"type": "Point", "coordinates": [12.501167377390898, 41.90645672391186]}, "properties": {"GazetteerEntity_ID": "gaz_via_montebello", "Toponym": "Via Montebello", "occurrences": 1, "interpretations": 1, "anchoredTotal": 1, "mentionsByChapter": [1, 0, 0, 0, 0, 0, 0, 0, 0, 0], "densityClass": "hapax", "densityLevel": 0, "distanceFromRomeKm": 0.6, "iri": "https://w3id.org/gaddatlas/id/gazetteer/gaz_via_montebello"}}, {"type": "Feature", "geometry": {"type": "Point", "coordinates": [12.468458865543028, 41.9159462938855]}, "properties": {"GazetteerEntity_ID": "gaz_via_orazio", "Toponym": "Via Orazio", "occurrences": 1, "interpretations": 1, "anchoredTotal": 1, "mentionsByChapter": [0, 0, 0, 0, 0, 1, 0, 0, 0, 0], "densityClass": "hapax", "densityLevel": 0, "distanceFromRomeKm": 2.7, "iri": "https://w3id.org/gaddatlas/id/gazetteer/gaz_via_orazio"}}, {"type": "Feature", "geometry": {"type": "Point", "coordinates": [12.50579364816932, 41.8764745142944]}, "properties": {"GazetteerEntity_ID": "gaz_via_popolonia", "Toponym": "Via Popolonia", "occurrences": 1, "interpretations": 2, "anchoredTotal": 2, "mentionsByChapter": [0, 0, 0, 0, 0, 0, 0, 0, 0, 1], "densityClass": "hapax", "densityLevel": 0, "distanceFromRomeKm": 3.0, "iri": "https://w3id.org/gaddatlas/id/gazetteer/gaz_via_popolonia"}}, {"type": "Feature", "geometry": {"type": "Point", "coordinates": [12.50606607937935, 41.89558786458463]}, "properties": {"GazetteerEntity_ID": "gaz_via_ricasoli", "Toponym": "Via Ricasoli", "occurrences": 1, "interpretations": 3, "anchoredTotal": 3, "mentionsByChapter": [0, 0, 0, 0, 0, 0, 0, 0, 0, 1], "densityClass": "hapax", "densityLevel": 0, "distanceFromRomeKm": 1.1, "iri": "https://w3id.org/gaddatlas/id/gazetteer/gaz_via_ricasoli"}}, {"type": "Feature", "geometry": {"type": "Point", "coordinates": [12.469020520920948, 41.90825496417197]}, "properties": {"GazetteerEntity_ID": "gaz_via_valadier", "Toponym": "Via Valadier", "occurrences": 1, "interpretations": 1, "anchoredTotal": 1, "mentionsByChapter": [1, 0, 0, 0, 0, 0, 0, 0, 0, 0], "densityClass": "hapax", "densityLevel": 0, "distanceFromRomeKm": 2.3, "iri": "https://w3id.org/gaddatlas/id/gazetteer/gaz_via_valadier"}}, {"type": "Feature", "geometry": {"type": "Point", "coordinates": [12.496004176747949, 41.90577385586054]}, "properties": {"GazetteerEntity_ID": "gaz_via_venti_settembre", "Toponym": "Via Venti Settembre", "occurrences": 1, "interpretations": 1, "anchoredTotal": 1, "mentionsByChapter": [1, 0, 0, 0, 0, 0, 0, 0, 0, 0], "densityClass": "hapax", "densityLevel": 0, "distanceFromRomeKm": 0.3, "iri": "https://w3id.org/gaddatlas/id/gazetteer/gaz_via_venti_settembre"}}, {"type": "Feature", "geometry": {"type": "Point", "coordinates": [12.502061807590628, 41.88999351453406]}, "properties": {"GazetteerEntity_ID": "gaz_via_villari", "Toponym": "Via Vìllari", "occurrences": 1, "interpretations": 1, "anchoredTotal": 1, "mentionsByChapter": [0, 0, 0, 0, 1, 0, 0, 0, 0, 0], "densityClass": "hapax", "densityLevel": 0, "distanceFromRomeKm": 1.5, "iri": "https://w3id.org/gaddatlas/id/gazetteer/gaz_via_villari"}}, {"type": "Feature", "geometry": {"type": "Point", "coordinates": [12.472265477389731, 41.9012714375299]}, "properties": {"GazetteerEntity_ID": "gaz_via_zanardelli", "Toponym": "Via Zanardelli", "occurrences": 1, "interpretations": 1, "anchoredTotal": 1, "mentionsByChapter": [0, 0, 0, 0, 0, 1, 0, 0, 0, 0], "densityClass": "hapax", "densityLevel": 0, "distanceFromRomeKm": 2.0, "iri": "https://w3id.org/gaddatlas/id/gazetteer/gaz_via_zanardelli"}}, {"type": "Feature", "geometry": {"type": "Point", "coordinates": [12.505081063122308, 41.914435250731664]}, "properties": {"GazetteerEntity_ID": "gaz_viale_della_regina", "Toponym": "Viale della Regina", "occurrences": 1, "interpretations": 1, "anchoredTotal": 1, "mentionsByChapter": [0, 0, 0, 1, 0, 0, 0, 0, 0, 0], "densityClass": "hapax", "densityLevel": 0, "distanceFromRomeKm": 1.5, "iri": "https://w3id.org/gaddatlas/id/gazetteer/gaz_viale_della_regina"}}, {"type": "Feature", "geometry": {"type": "Point", "coordinates": [12.495723748817309, 41.92139386789227]}, "properties": {"GazetteerEntity_ID": "gaz_viale_liegi", "Toponym": "Viale Liegi", "occurrences": 1, "interpretations": 1, "anchoredTotal": 1, "mentionsByChapter": [1, 0, 0, 0, 0, 0, 0, 0, 0, 0], "densityClass": "hapax", "densityLevel": 0, "distanceFromRomeKm": 2.1, "iri": "https://w3id.org/gaddatlas/id/gazetteer/gaz_viale_liegi"}}, {"type": "Feature", "geometry": {"type": "Point", "coordinates": [12.505081063122308, 41.914435250731664]}, "properties": {"GazetteerEntity_ID": "gaz_viale_regina_margherita", "Toponym": "Viale Regina Margherita", "occurrences": 1, "interpretations": 1, "anchoredTotal": 1, "mentionsByChapter": [0, 0, 0, 0, 1, 0, 0, 0, 0, 0], "densityClass": "hapax", "densityLevel": 0, "distanceFromRomeKm": 1.5, "iri": "https://w3id.org/gaddatlas/id/gazetteer/gaz_viale_regina_margherita"}}, {"type": "Feature", "geometry": {"type": "Point", "coordinates": [12.49319562190167, 41.89652544879445]}, "properties": {"GazetteerEntity_ID": "gaz_vicolo_ciancaleoni", "Toponym": "Vicolo Ciancaleoni", "occurrences": 1, "interpretations": 1, "anchoredTotal": 1, "mentionsByChapter": [0, 0, 1, 0, 0, 0, 0, 0, 0, 0], "densityClass": "hapax", "densityLevel": 0, "distanceFromRomeKm": 0.7, "iri": "https://w3id.org/gaddatlas/id/gazetteer/gaz_vicolo_ciancaleoni"}}, {"type": "Feature", "geometry": {"type": "Point", "coordinates": [12.48282256606494, 41.89085398497711]}, "properties": {"GazetteerEntity_ID": "gaz_vicolo_della_bucimazza", "Toponym": "Vicolo della Bucimazza", "occurrences": 1, "interpretations": 1, "anchoredTotal": 1, "mentionsByChapter": [0, 0, 1, 0, 0, 0, 0, 0, 0, 0], "densityClass": "hapax", "densityLevel": 0, "distanceFromRomeKm": 1.7, "iri": "https://w3id.org/gaddatlas/id/gazetteer/gaz_vicolo_della_bucimazza"}}, {"type": "Feature", "geometry": {"type": "Point", "coordinates": [12.47247006996503, 41.89461101972113]}, "properties": {"GazetteerEntity_ID": "gaz_vicolo_delle_grotte_del_teatro", "Toponym": "Vicolo delle Grotte del Teatro", "occurrences": 1, "interpretations": 1, "anchoredTotal": 1, "mentionsByChapter": [0, 0, 1, 0, 0, 0, 0, 0, 0, 0], "densityClass": "hapax", "densityLevel": 0, "distanceFromRomeKm": 2.2, "iri": "https://w3id.org/gaddatlas/id/gazetteer/gaz_vicolo_delle_grotte_del_teatro"}}, {"type": "Feature", "geometry": {"type": "Point", "coordinates": [12.795864786733311, 41.96358343762597]}, "properties": {"GazetteerEntity_ID": "gaz_villa_deste", "Toponym": "Villa d'Este", "occurrences": 1, "interpretations": 1, "anchoredTotal": 1, "mentionsByChapter": [0, 0, 0, 1, 0, 0, 0, 0, 0, 0], "densityClass": "hapax", "densityLevel": 0, "distanceFromRomeKm": 25.7, "iri": "https://w3id.org/gaddatlas/id/gazetteer/gaz_villa_deste"}}, {"type": "Feature", "geometry": {"type": "Point", "coordinates": [14.587203598469978, 41.49401046795862]}, "properties": {"GazetteerEntity_ID": "gaz_vinchiaturo", "Toponym": "Vinchiaturo", "occurrences": 1, "interpretations": 2, "anchoredTotal": 2, "mentionsByChapter": [0, 0, 0, 0, 0, 1, 0, 0, 0, 0], "densityClass": "hapax", "densityLevel": 0, "distanceFromRomeKm": 179.4, "iri": "https://w3id.org/gaddatlas/id/gazetteer/gaz_vinchiaturo"}}, {"type": "Feature", "geometry": {"type": "Point", "coordinates": [14.23166148030254, 40.84468964152708]}, "properties": {"GazetteerEntity_ID": "gaz_vomero", "Toponym": "Vomero", "occurrences": 1, "interpretations": 1, "anchoredTotal": 1, "mentionsByChapter": [0, 0, 0, 0, 1, 0, 0, 0, 0, 0], "densityClass": "hapax", "densityLevel": 0, "distanceFromRomeKm": 186.6, "iri": "https://w3id.org/gaddatlas/id/gazetteer/gaz_vomero"}}, {"type": "Feature", "geometry": {"type": "Point", "coordinates": [12.479623019314188, 41.89789137306835]}, "properties": {"GazetteerEntity_ID": "gaz_buco_a_santignazio", "Toponym": "Buco a Sant'Ignazio", "occurrences": 0, "interpretations": 0, "anchoredTotal": 1, "mentionsByChapter": [0, 0, 0, 0, 0, 0, 0, 0, 0, 0], "densityClass": null, "densityLevel": -1, "distanceFromRomeKm": 1.5, "iri": "https://w3id.org/gaddatlas/id/gazetteer/gaz_buco_a_santignazio"}}, {"type": "Feature", "geometry": {"type": "Point", "coordinates": [12.622449725919433, 41.786284967839286]}, "properties": {"GazetteerEntity_ID": "gaz_ca_francesi", "Toponym": "Ca' Francesi", "occurrences": 0, "interpretations": 0, "anchoredTotal": 1, "mentionsByChapter": [0, 0, 0, 0, 0, 0, 0, 0, 0, 0], "densityClass": null, "densityLevel": -1, "distanceFromRomeKm": 16.6, "iri": "https://w3id.org/gaddatlas/id/gazetteer/gaz_ca_francesi"}}, {"type": "Feature", "geometry": {"type": "Point", "coordinates": [12.400109186081606, 41.74517216671914]}, "properties": {"GazetteerEntity_ID": "gaz_castel_porziano", "Toponym": "Castel Porziano", "occurrences": 0, "interpretations": 0, "anchoredTotal": 2, "mentionsByChapter": [0, 0, 0, 0, 0, 0, 0, 0, 0, 0], "densityClass": null, "densityLevel": -1, "distanceFromRomeKm": 19.3, "iri": "https://w3id.org/gaddatlas/id/gazetteer/gaz_castel_porziano"}}, {"type": "Feature", "geometry": {"type": "Point", "coordinates": [12.6960074, 41.7320873]}, "properties": {"GazetteerEntity_ID": "gaz_colli_albani", "Toponym": "Colli Albani", "occurrences": 0, "interpretations": 0, "anchoredTotal": 3, "mentionsByChapter": [0, 0, 0, 0, 0, 0, 0, 0, 0, 0], "densityClass": null, "densityLevel": -1, "distanceFromRomeKm": 25.2, "iri": "https://w3id.org/gaddatlas/id/gazetteer/gaz_colli_albani"}}, {"type": "Feature", "geometry": {"type": "Point", "coordinates": [12.4847453656823, 41.89761875811568]}, "properties": {"GazetteerEntity_ID": "gaz_galleria_colonna", "Toponym": "Galleria Colonna", "occurrences": 0, "interpretations": 0, "anchoredTotal": 1, "mentionsByChapter": [0, 0, 0, 0, 0, 0, 0, 0, 0, 0], "densityClass": null, "densityLevel": -1, "distanceFromRomeKm": 1.1, "iri": "https://w3id.org/gaddatlas/id/gazetteer/gaz_galleria_colonna"}}, {"type": "Feature", "geometry": {"type": "Point", "coordinates": [12.472885100933542, 41.90488838494765]}, "properties": {"GazetteerEntity_ID": "gaz_lungotevere_prati", "Toponym": "Lungotevere Prati", "occurrences": 0, "interpretations": 0, "anchoredTotal": 1, "mentionsByChapter": [0, 0, 0, 0, 0, 0, 0, 0, 0, 0], "densityClass": null, "densityLevel": -1, "distanceFromRomeKm": 2.0, "iri": "https://w3id.org/gaddatlas/id/gazetteer/gaz_lungotevere_prati"}}, {"type": "Feature", "geometry": {"type": "Point", "coordinates": [13.056903290988464, 41.25277506832153]}, "properties": {"GazetteerEntity_ID": "gaz_monte_circeo", "Toponym": "Monte Circeo", "occurrences": 0, "interpretations": 0, "anchoredTotal": 2, "mentionsByChapter": [0, 0, 0, 0, 0, 0, 0, 0, 0, 0], "densityClass": null, "densityLevel": -1, "distanceFromRomeKm": 86.0, "iri": "https://w3id.org/gaddatlas/id/gazetteer/gaz_monte_circeo"}}, {"type": "Feature", "geometry": {"type": "Point", "coordinates": [12.482488256557962, 41.89608880158758]}, "properties": {"GazetteerEntity_ID": "gaz_palazzo_venezia", "Toponym": "Palazzo Venezia", "occurrences": 0, "interpretations": 0, "anchoredTotal": 1, "mentionsByChapter": [0, 0, 0, 0, 0, 0, 0, 0, 0, 0], "densityClass": null, "densityLevel": -1, "distanceFromRomeKm": 1.4, "iri": "https://w3id.org/gaddatlas/id/gazetteer/gaz_palazzo_venezia"}}, {"type": "Feature", "geometry": {"type": "Point", "coordinates": [12.58446168893847, 41.73247489501876]}, "properties": {"GazetteerEntity_ID": "gaz_quarto_di_santa_fumia", "Toponym": "Quarto di Santa Fumia", "occurrences": 0, "interpretations": 0, "anchoredTotal": 17, "mentionsByChapter": [0, 0, 0, 0, 0, 0, 0, 0, 0, 0], "densityClass": null, "densityLevel": -1, "distanceFromRomeKm": 20.3, "iri": "https://w3id.org/gaddatlas/id/gazetteer/gaz_quarto_di_santa_fumia"}}, {"type": "Feature", "geometry": {"type": "Point", "coordinates": [12.483780073676602, 41.89712290196547]}, "properties": {"GazetteerEntity_ID": "gaz_roma", "Toponym": "Roma", "occurrences": 0, "interpretations": 0, "anchoredTotal": 6, "mentionsByChapter": [0, 0, 0, 0, 0, 0, 0, 0, 0, 0], "densityClass": null, "densityLevel": -1, "distanceFromRomeKm": 1.2, "iri": "https://w3id.org/gaddatlas/id/gazetteer/gaz_roma"}}, {"type": "Feature", "geometry": {"type": "Point", "coordinates": [12.649994748861523, 41.72754639015884]}, "properties": {"GazetteerEntity_ID": "gaz_valle_fondo", "Toponym": "Valle Fondo", "occurrences": 0, "interpretations": 0, "anchoredTotal": 1, "mentionsByChapter": [0, 0, 0, 0, 0, 0, 0, 0, 0, 0], "densityClass": null, "densityLevel": -1, "distanceFromRomeKm": 23.3, "iri": "https://w3id.org/gaddatlas/id/gazetteer/gaz_valle_fondo"}}, {"type": "Feature", "geometry": null, "properties": {"GazetteerEntity_ID": "palazzo_219", "Toponym": "Palazzo di via Merulana 219", "occurrences": 21, "interpretations": 31, "mentionsByChapter": [14, 1, 1, 4, 0, 0, 1, 0, 0, 0], "reality_status": "transformed", "partOf": null, "refers_to_entity_ID": ["gaz_via_merulana"], "voidSeed": 0.170391, "anchorInherited": false, "roles": [{"role": "Setting", "n": 20}, {"role": "ProjectedSpace", "n": 8}], "determinations": [{"determination": "Relative", "n": 15}, {"determination": "Approximate", "n": 7}, {"determination": "Precise", "n": 6}], "densityClass": "hub", "iri": "https://w3id.org/gaddatlas/id/narrativeplace/palazzo_219"}}, {"type": "Feature", "geometry": null, "properties": {"GazetteerEntity_ID": "tenenza_carabinieri_marino", "Toponym": "Tenenza dei Carabinieri di Marino", "occurrences": 19, "interpretations": 27, "mentionsByChapter": [0, 0, 0, 0, 0, 8, 1, 3, 5, 2], "reality_status": "transformed", "partOf": null, "refers_to_entity_ID": ["gaz_marino"], "voidSeed": 0.761407, "anchorInherited": false, "roles": [{"role": "ProjectedSpace", "n": 13}, {"role": "Setting", "n": 10}], "determinations": [{"determination": "Approximate", "n": 18}, {"determination": "Relative", "n": 5}], "densityClass": "hub", "iri": "https://w3id.org/gaddatlas/id/narrativeplace/tenenza_carabinieri_marino"}}, {"type": "Feature", "geometry": null, "properties": {"GazetteerEntity_ID": "casello_km_20_25", "Toponym": "Casello al chilometro 20-25", "occurrences": 13, "interpretations": 22, "mentionsByChapter": [0, 0, 0, 0, 0, 0, 0, 0, 13, 0], "reality_status": "transformed", "partOf": null, "refers_to_entity_ID": ["gaz_casal_bruciato"], "voidSeed": 0.476381, "anchorInherited": false, "roles": [{"role": "Setting", "n": 10}, {"role": "ProjectedSpace", "n": 10}, {"role": "Marker", "n": 2}], "determinations": [{"determination": "Precise", "n": 9}, {"determination": "Relative", "n": 7}, {"determination": "Approximate", "n": 6}], "densityClass": "nodale", "iri": "https://w3id.org/gaddatlas/id/narrativeplace/casello_km_20_25"}}, {"type": "Feature", "geometry": null, "properties": {"GazetteerEntity_ID": "laboratorio_zamira", "Toponym": "Laboratorio della Zamira Pacori", "occurrences": 12, "interpretations": 21, "mentionsByChapter": [0, 0, 0, 0, 0, 4, 1, 6, 1, 0], "reality_status": "imagined", "partOf": "casuccia_zamira", "refers_to_entity_ID": ["gaz_due_santi"], "voidSeed": 0.306143, "anchorInherited": false, "roles": [{"role": "ProjectedSpace", "n": 11}, {"role": "Setting", "n": 9}], "determinations": [{"determination": "Approximate", "n": 12}, {"determination": "Precise", "n": 3}, {"determination": "Relative", "n": 3}, {"determination": "Indeterminate", "n": 2}], "densityClass": "nodale", "iri": "https://w3id.org/gaddatlas/id/narrativeplace/laboratorio_zamira"}}, {"type": "Feature", "geometry": null, "properties": {"GazetteerEntity_ID": "ponte_divino_amore", "Toponym": "Ponte al Divino Amore", "occurrences": 10, "interpretations": 15, "mentionsByChapter": [0, 0, 0, 0, 0, 1, 0, 3, 5, 1], "reality_status": "transformed", "partOf": null, "refers_to_entity_ID": ["gaz_ponte_divino_amore"], "voidSeed": 0.693459, "anchorInherited": false, "roles": [{"role": "ProjectedSpace", "n": 8}, {"role": "Setting", "n": 1}, {"role": "Marker", "n": 1}], "determinations": [{"determination": "Approximate", "n": 6}, {"determination": "Precise", "n": 2}, {"determination": "Relative", "n": 2}], "densityClass": "nodale", "iri": "https://w3id.org/gaddatlas/id/narrativeplace/ponte_divino_amore"}}, {"type": "Feature", "geometry": null, "properties": {"GazetteerEntity_ID": "scala_a", "Toponym": "Scala A", "occurrences": 7, "interpretations": 13, "mentionsByChapter": [5, 1, 0, 0, 1, 0, 0, 0, 0, 0], "reality_status": "transformed", "partOf": "palazzo_219", "refers_to_entity_ID": ["gaz_via_merulana"], "voidSeed": 0.927259, "anchorInherited": true, "roles": [{"role": "Setting", "n": 9}, {"role": "ProjectedSpace", "n": 4}], "determinations": [{"determination": "Approximate", "n": 11}, {"determination": "Precise", "n": 2}], "densityClass": "frequente", "iri": "https://w3id.org/gaddatlas/id/narrativeplace/scala_a"}}, {"type": "Feature", "geometry": null, "properties": {"GazetteerEntity_ID": "tor_di_gheppio", "Toponym": "Tor di Gheppio", "occurrences": 7, "interpretations": 13, "mentionsByChapter": [0, 0, 0, 0, 0, 0, 0, 0, 0, 7], "reality_status": "imagined", "partOf": null, "refers_to_entity_ID": ["gaz_quarto_di_santa_fumia"], "voidSeed": 0.318175, "anchorInherited": false, "roles": [{"role": "ProjectedSpace", "n": 9}], "determinations": [{"determination": "Approximate", "n": 6}, {"determination": "Relative", "n": 3}], "densityClass": "frequente", "iri": "https://w3id.org/gaddatlas/id/narrativeplace/tor_di_gheppio"}}, {"type": "Feature", "geometry": null, "properties": {"GazetteerEntity_ID": "bottega_ceccherelli", "Toponym": "Bottega Ceccherelli", "occurrences": 4, "interpretations": 4, "mentionsByChapter": [0, 0, 0, 0, 4, 0, 0, 0, 0, 0], "reality_status": "imagined", "partOf": null, "refers_to_entity_ID": ["gaz_roma"], "voidSeed": 0.335798, "anchorInherited": false, "roles": [{"role": "ProjectedSpace", "n": 3}, {"role": "Setting", "n": 1}], "determinations": [{"determination": "Approximate", "n": 4}], "densityClass": "ricorrente", "iri": "https://w3id.org/gaddatlas/id/narrativeplace/bottega_ceccherelli"}}, {"type": "Feature", "geometry": null, "properties": {"GazetteerEntity_ID": "scala_b", "Toponym": "Scala B", "occurrences": 4, "interpretations": 9, "mentionsByChapter": [2, 1, 0, 0, 1, 0, 0, 0, 0, 0], "reality_status": "transformed", "partOf": "palazzo_219", "refers_to_entity_ID": ["gaz_via_merulana"], "voidSeed": 0.91554, "anchorInherited": true, "roles": [{"role": "Setting", "n": 6}, {"role": "ProjectedSpace", "n": 3}], "determinations": [{"determination": "Approximate", "n": 8}, {"determination": "Precise", "n": 1}], "densityClass": "ricorrente", "iri": "https://w3id.org/gaddatlas/id/narrativeplace/scala_b"}}, {"type": "Feature", "geometry": null, "properties": {"GazetteerEntity_ID": "cantinone_albano", "Toponym": "Cantinone d'Albano", "occurrences": 3, "interpretations": 6, "mentionsByChapter": [0, 2, 1, 0, 0, 0, 0, 0, 0, 0], "reality_status": "imagined", "partOf": null, "refers_to_entity_ID": ["gaz_albano_laziale"], "voidSeed": 0.182659, "anchorInherited": false, "roles": [{"role": "ProjectedSpace", "n": 6}], "determinations": [{"determination": "Indeterminate", "n": 6}], "densityClass": "raro", "iri": "https://w3id.org/gaddatlas/id/narrativeplace/cantinone_albano"}}, {"type": "Feature", "geometry": null, "properties": {"GazetteerEntity_ID": "casa_crocchiapani", "Toponym": "Casa Crocchiapani", "occurrences": 3, "interpretations": 8, "mentionsByChapter": [0, 0, 0, 0, 0, 0, 0, 0, 0, 3], "reality_status": "imagined", "partOf": "tor_di_gheppio", "refers_to_entity_ID": ["gaz_quarto_di_santa_fumia"], "voidSeed": 0.150413, "anchorInherited": true, "roles": [{"role": "Setting", "n": 8}], "determinations": [{"determination": "Approximate", "n": 4}, {"determination": "Precise", "n": 4}], "densityClass": "raro", "iri": "https://w3id.org/gaddatlas/id/narrativeplace/casa_crocchiapani"}}, {"type": "Feature", "geometry": null, "properties": {"GazetteerEntity_ID": "edicola_due_santi", "Toponym": "Edicola ai Due Santi", "occurrences": 3, "interpretations": 3, "mentionsByChapter": [0, 0, 0, 0, 0, 0, 0, 3, 0, 0], "reality_status": "imagined", "partOf": "orto_vigna_due_santi", "refers_to_entity_ID": ["gaz_due_santi"], "voidSeed": 0.538955, "anchorInherited": true, "roles": [{"role": "Marker", "n": 3}], "determinations": [{"determination": "Precise", "n": 2}, {"determination": "Approximate", "n": 1}], "densityClass": "raro", "iri": "https://w3id.org/gaddatlas/id/narrativeplace/edicola_due_santi"}}, {"type": "Feature", "geometry": null, "properties": {"GazetteerEntity_ID": "pensione_burgess", "Toponym": "Pensione Burgess", "occurrences": 3, "interpretations": 3, "mentionsByChapter": [0, 0, 0, 0, 0, 0, 2, 0, 0, 1], "reality_status": "imagined", "partOf": null, "refers_to_entity_ID": ["gaz_porta_pinciana"], "voidSeed": 0.58662, "anchorInherited": false, "roles": [{"role": "ProjectedSpace", "n": 2}, {"role": "Marker", "n": 1}], "determinations": [{"determination": "Relative", "n": 2}, {"determination": "Approximate", "n": 1}], "densityClass": "raro", "iri": "https://w3id.org/gaddatlas/id/narrativeplace/pensione_burgess"}}, {"type": "Feature", "geometry": null, "properties": {"GazetteerEntity_ID": "scale", "Toponym": "Scale", "occurrences": 3, "interpretations": 3, "mentionsByChapter": [2, 0, 0, 0, 1, 0, 0, 0, 0, 0], "reality_status": "transformed", "partOf": "palazzo_219", "refers_to_entity_ID": ["gaz_via_merulana"], "voidSeed": 0.510118, "anchorInherited": true, "roles": [{"role": "Setting", "n": 3}], "determinations": [{"determination": "Precise", "n": 2}, {"determination": "Relative", "n": 1}], "densityClass": "raro", "iri": "https://w3id.org/gaddatlas/id/narrativeplace/scale"}}, {"type": "Feature", "geometry": null, "properties": {"GazetteerEntity_ID": "scerpure", "Toponym": "Scerpure", "occurrences": 3, "interpretations": 3, "mentionsByChapter": [0, 0, 0, 0, 3, 0, 0, 0, 0, 0], "reality_status": "invented", "partOf": null, "refers_to_entity_ID": ["gaz_brahmaputra"], "voidSeed": 0.66439, "anchorInherited": false, "roles": [{"role": "ProjectedSpace", "n": 3}], "determinations": [{"determination": "Relative", "n": 3}], "densityClass": "raro", "iri": "https://w3id.org/gaddatlas/id/narrativeplace/scerpure"}}, {"type": "Feature", "geometry": null, "properties": {"GazetteerEntity_ID": "castel_porcano", "Toponym": "Castel Porcano", "occurrences": 2, "interpretations": 2, "mentionsByChapter": [0, 0, 0, 0, 0, 0, 0, 2, 0, 0], "reality_status": "invented", "partOf": null, "refers_to_entity_ID": ["gaz_castel_porziano"], "voidSeed": 0.584855, "anchorInherited": false, "roles": [{"role": "ProjectedSpace", "n": 2}], "determinations": [{"determination": "Indeterminate", "n": 2}], "densityClass": "raro", "iri": "https://w3id.org/gaddatlas/id/narrativeplace/castel_porcano"}}, {"type": "Feature", "geometry": null, "properties": {"GazetteerEntity_ID": "ditta_ciurlani", "Toponym": "Ditta Ciurlani", "occurrences": 2, "interpretations": 2, "mentionsByChapter": [0, 0, 0, 0, 0, 1, 0, 1, 0, 0], "reality_status": "transformed", "partOf": null, "refers_to_entity_ID": ["gaz_marino"], "voidSeed": 0.966677, "anchorInherited": false, "roles": [{"role": "ProjectedSpace", "n": 2}], "determinations": [{"determination": "Relative", "n": 2}], "densityClass": "raro", "iri": "https://w3id.org/gaddatlas/id/narrativeplace/ditta_ciurlani"}}, {"type": "Feature", "geometry": null, "properties": {"GazetteerEntity_ID": "monte_circeo", "Toponym": "Monte Circeo", "occurrences": 2, "interpretations": 2, "mentionsByChapter": [0, 0, 0, 0, 0, 0, 1, 1, 0, 0], "reality_status": "transformed", "partOf": null, "refers_to_entity_ID": ["gaz_monte_circeo"], "voidSeed": 0.29175, "anchorInherited": false, "roles": [{"role": "ProjectedSpace", "n": 2}], "determinations": [{"determination": "Relative", "n": 1}, {"determination": "Indeterminate", "n": 1}], "densityClass": "raro", "iri": "https://w3id.org/gaddatlas/id/narrativeplace/monte_circeo"}}, {"type": "Feature", "geometry": null, "properties": {"GazetteerEntity_ID": "roccafringoli", "Toponym": "Roccafringoli", "occurrences": 2, "interpretations": 2, "mentionsByChapter": [0, 0, 0, 1, 1, 0, 0, 0, 0, 0], "reality_status": "invented", "partOf": null, "refers_to_entity_ID": ["gaz_monte_manno"], "voidSeed": 0.385965, "anchorInherited": false, "roles": [{"role": "ProjectedSpace", "n": 2}], "determinations": [{"determination": "Relative", "n": 2}], "densityClass": "raro", "iri": "https://w3id.org/gaddatlas/id/narrativeplace/roccafringoli"}}, {"type": "Feature", "geometry": null, "properties": {"GazetteerEntity_ID": "area_oltre_tevere", "Toponym": "Area oltre il Tevere", "occurrences": 1, "interpretations": 1, "mentionsByChapter": [1, 0, 0, 0, 0, 0, 0, 0, 0, 0], "reality_status": "transformed", "partOf": null, "refers_to_entity_ID": ["gaz_colli_albani"], "voidSeed": 0.040762, "anchorInherited": false, "roles": [{"role": "ProjectedSpace", "n": 1}], "determinations": [{"determination": "Relative", "n": 1}], "densityClass": "hapax", "iri": "https://w3id.org/gaddatlas/id/narrativeplace/area_oltre_tevere"}}, {"type": "Feature", "geometry": null, "properties": {"GazetteerEntity_ID": "barbiere", "Toponym": "Barbiere", "occurrences": 1, "interpretations": 1, "mentionsByChapter": [1, 0, 0, 0, 0, 0, 0, 0, 0, 0], "reality_status": "transformed", "partOf": null, "refers_to_entity_ID": ["gaz_roma"], "voidSeed": 0.76988, "anchorInherited": false, "roles": [{"role": "Marker", "n": 1}], "determinations": [{"determination": "Indeterminate", "n": 1}], "densityClass": "hapax", "iri": "https://w3id.org/gaddatlas/id/narrativeplace/barbiere"}}, {"type": "Feature", "geometry": null, "properties": {"GazetteerEntity_ID": "buco_a_santignazio", "Toponym": "Buco a Sant'Ignazio", "occurrences": 1, "interpretations": 1, "mentionsByChapter": [0, 0, 0, 0, 0, 0, 1, 0, 0, 0], "reality_status": "transformed", "partOf": null, "refers_to_entity_ID": ["gaz_buco_a_santignazio"], "voidSeed": 0.699912, "anchorInherited": false, "roles": [{"role": "ProjectedSpace", "n": 1}], "determinations": [{"determination": "Relative", "n": 1}], "densityClass": "hapax", "iri": "https://w3id.org/gaddatlas/id/narrativeplace/buco_a_santignazio"}}, {"type": "Feature", "geometry": null, "properties": {"GazetteerEntity_ID": "ca_francesi", "Toponym": "Ca' Francesi", "occurrences": 1, "interpretations": 1, "mentionsByChapter": [0, 0, 0, 0, 0, 1, 0, 0, 0, 0], "reality_status": "transformed", "partOf": null, "refers_to_entity_ID": ["gaz_ca_francesi"], "voidSeed": 0.490538, "anchorInherited": false, "roles": [], "determinations": [], "densityClass": "hapax", "iri": "https://w3id.org/gaddatlas/id/narrativeplace/ca_francesi"}}, {"type": "Feature", "geometry": null, "properties": {"GazetteerEntity_ID": "camera_casello", "Toponym": "Camera al Casello 20-25", "occurrences": 1, "interpretations": 3, "mentionsByChapter": [0, 0, 0, 0, 0, 0, 0, 0, 1, 0], "reality_status": "transformed", "partOf": "casello_km_20_25", "refers_to_entity_ID": ["gaz_casal_bruciato"], "voidSeed": 0.895172, "anchorInherited": true, "roles": [{"role": "Setting", "n": 3}], "determinations": [{"determination": "Precise", "n": 3}], "densityClass": "hapax", "iri": "https://w3id.org/gaddatlas/id/narrativeplace/camera_casello"}}, {"type": "Feature", "geometry": null, "properties": {"GazetteerEntity_ID": "casa_del_butiro", "Toponym": "Casa del Butiro", "occurrences": 1, "interpretations": 2, "mentionsByChapter": [0, 0, 0, 0, 0, 0, 1, 0, 0, 0], "reality_status": "invented", "partOf": null, "refers_to_entity_ID": ["gaz_due_santi"], "voidSeed": 0.360952, "anchorInherited": false, "roles": [{"role": "ProjectedSpace", "n": 2}], "determinations": [{"determination": "Relative", "n": 2}], "densityClass": "hapax", "iri": "https://w3id.org/gaddatlas/id/narrativeplace/casa_del_butiro"}}, {"type": "Feature", "geometry": null, "properties": {"GazetteerEntity_ID": "cassero", "Toponym": "Cassero", "occurrences": 1, "interpretations": 2, "mentionsByChapter": [0, 0, 0, 0, 0, 1, 0, 0, 0, 0], "reality_status": "imagined", "partOf": null, "refers_to_entity_ID": ["gaz_frattocchie", "gaz_pavona"], "voidSeed": 0.4434, "anchorInherited": false, "roles": [], "determinations": [], "densityClass": "hapax", "iri": "https://w3id.org/gaddatlas/id/narrativeplace/cassero"}}, {"type": "Feature", "geometry": null, "properties": {"GazetteerEntity_ID": "casuccia_zamira", "Toponym": "Casuccia della Zamira", "occurrences": 1, "interpretations": 2, "mentionsByChapter": [0, 0, 0, 0, 0, 0, 0, 1, 0, 0], "reality_status": "imagined", "partOf": null, "refers_to_entity_ID": ["gaz_due_santi"], "voidSeed": 0.958454, "anchorInherited": false, "roles": [{"role": "ProjectedSpace", "n": 2}], "determinations": [{"determination": "Approximate", "n": 2}], "densityClass": "hapax", "iri": "https://w3id.org/gaddatlas/id/narrativeplace/casuccia_zamira"}}, {"type": "Feature", "geometry": null, "properties": {"GazetteerEntity_ID": "cobianchi", "Toponym": "Cobianchi", "occurrences": 1, "interpretations": 1, "mentionsByChapter": [1, 0, 0, 0, 0, 0, 0, 0, 0, 0], "reality_status": "transformed", "partOf": null, "refers_to_entity_ID": ["gaz_piazza_san_lorenzo_in_lucina"], "voidSeed": 0.369905, "anchorInherited": false, "roles": [{"role": "Marker", "n": 1}], "determinations": [{"determination": "Indeterminate", "n": 1}], "densityClass": "hapax", "iri": "https://w3id.org/gaddatlas/id/narrativeplace/cobianchi"}}, {"type": "Feature", "geometry": null, "properties": {"GazetteerEntity_ID": "colli_saluberrimi", "Toponym": "Colli Saluberrimi", "occurrences": 1, "interpretations": 1, "mentionsByChapter": [0, 0, 0, 0, 0, 0, 1, 0, 0, 0], "reality_status": "transformed", "partOf": null, "refers_to_entity_ID": ["gaz_colli_albani"], "voidSeed": 0.432313, "anchorInherited": false, "roles": [{"role": "ProjectedSpace", "n": 1}], "determinations": [{"determination": "Relative", "n": 1}], "densityClass": "hapax", "iri": "https://w3id.org/gaddatlas/id/narrativeplace/colli_saluberrimi"}}, {"type": "Feature", "geometry": null, "properties": {"GazetteerEntity_ID": "gioielliere_catellani", "Toponym": "Gioielliere Catellani", "occurrences": 1, "interpretations": 1, "mentionsByChapter": [1, 0, 0, 0, 0, 0, 0, 0, 0, 0], "reality_status": "transformed", "partOf": null, "refers_to_entity_ID": ["gaz_roma"], "voidSeed": 0.525791, "anchorInherited": false, "roles": [{"role": "Marker", "n": 1}], "determinations": [{"determination": "Indeterminate", "n": 1}], "densityClass": "hapax", "iri": "https://w3id.org/gaddatlas/id/narrativeplace/gioielliere_catellani"}}, {"type": "Feature", "geometry": null, "properties": {"GazetteerEntity_ID": "grotta_de_sor_pippo", "Toponym": "Grotta de Sor Pippo", "occurrences": 1, "interpretations": 1, "mentionsByChapter": [0, 1, 0, 0, 0, 0, 0, 0, 0, 0], "reality_status": "imagined", "partOf": null, "refers_to_entity_ID": ["gaz_marino"], "voidSeed": 0.657438, "anchorInherited": false, "roles": [{"role": "ProjectedSpace", "n": 1}], "determinations": [{"determination": "Indeterminate", "n": 1}], "densityClass": "hapax", "iri": "https://w3id.org/gaddatlas/id/narrativeplace/grotta_de_sor_pippo"}}, {"type": "Feature", "geometry": null, "properties": {"GazetteerEntity_ID": "montagne_degli_equi", "Toponym": "Montagne degli Equi", "occurrences": 1, "interpretations": 1, "mentionsByChapter": [0, 0, 0, 0, 0, 0, 0, 1, 0, 0], "reality_status": "transformed", "partOf": null, "refers_to_entity_ID": ["gaz_monti_carseolani"], "voidSeed": 0.689, "anchorInherited": false, "roles": [{"role": "Marker", "n": 1}], "determinations": [{"determination": "Relative", "n": 1}], "densityClass": "hapax", "iri": "https://w3id.org/gaddatlas/id/narrativeplace/montagne_degli_equi"}}, {"type": "Feature", "geometry": null, "properties": {"GazetteerEntity_ID": "monte_nuncupale", "Toponym": "Monte Nuncupale", "occurrences": 1, "interpretations": 1, "mentionsByChapter": [0, 0, 0, 0, 0, 1, 0, 0, 0, 0], "reality_status": "invented", "partOf": null, "refers_to_entity_ID": ["gaz_colli_albani"], "voidSeed": 0.157843, "anchorInherited": false, "roles": [], "determinations": [], "densityClass": "hapax", "iri": "https://w3id.org/gaddatlas/id/narrativeplace/monte_nuncupale"}}, {"type": "Feature", "geometry": null, "properties": {"GazetteerEntity_ID": "orto_vigna_due_santi", "Toponym": "Orto o Vigna ai Due Santi", "occurrences": 1, "interpretations": 1, "mentionsByChapter": [0, 0, 0, 0, 0, 0, 0, 1, 0, 0], "reality_status": "imagined", "partOf": "laboratorio_zamira", "refers_to_entity_ID": ["gaz_due_santi"], "voidSeed": 0.041327, "anchorInherited": true, "roles": [{"role": "Marker", "n": 1}], "determinations": [{"determination": "Indeterminate", "n": 1}], "densityClass": "hapax", "iri": "https://w3id.org/gaddatlas/id/narrativeplace/orto_vigna_due_santi"}}, {"type": "Feature", "geometry": null, "properties": {"GazetteerEntity_ID": "palazzo_del_mappamondo", "Toponym": "Palazzo der Mappamonno", "occurrences": 1, "interpretations": 1, "mentionsByChapter": [0, 0, 0, 0, 0, 0, 1, 0, 0, 0], "reality_status": "transformed", "partOf": null, "refers_to_entity_ID": ["gaz_palazzo_venezia"], "voidSeed": 0.67962, "anchorInherited": false, "roles": [{"role": "ProjectedSpace", "n": 1}], "determinations": [{"determination": "Relative", "n": 1}], "densityClass": "hapax", "iri": "https://w3id.org/gaddatlas/id/narrativeplace/palazzo_del_mappamondo"}}, {"type": "Feature", "geometry": null, "properties": {"GazetteerEntity_ID": "passaggio_livello_casal_bruciato", "Toponym": "Passaggio a livello Casal Bruciato", "occurrences": 1, "interpretations": 1, "mentionsByChapter": [0, 0, 0, 0, 0, 0, 0, 0, 1, 0], "reality_status": "transformed", "partOf": "casello_km_20_25", "refers_to_entity_ID": ["gaz_casal_bruciato"], "voidSeed": 0.867931, "anchorInherited": true, "roles": [{"role": "Setting", "n": 1}], "determinations": [{"determination": "Approximate", "n": 1}], "densityClass": "hapax", "iri": "https://w3id.org/gaddatlas/id/narrativeplace/passaggio_livello_casal_bruciato"}}, {"type": "Feature", "geometry": null, "properties": {"GazetteerEntity_ID": "piani_alti_219", "Toponym": "Piani alti del Palazzo al 219", "occurrences": 1, "interpretations": 1, "mentionsByChapter": [1, 0, 0, 0, 0, 0, 0, 0, 0, 0], "reality_status": "transformed", "partOf": "palazzo_219", "refers_to_entity_ID": ["gaz_via_merulana"], "voidSeed": 0.001463, "anchorInherited": true, "roles": [{"role": "Setting", "n": 1}], "determinations": [{"determination": "Precise", "n": 1}], "densityClass": "hapax", "iri": "https://w3id.org/gaddatlas/id/narrativeplace/piani_alti_219"}}, {"type": "Feature", "geometry": null, "properties": {"GazetteerEntity_ID": "piccarozzi", "Toponym": "Piccarozzi", "occurrences": 1, "interpretations": 1, "mentionsByChapter": [0, 0, 0, 0, 0, 0, 1, 0, 0, 0], "reality_status": "transformed", "partOf": null, "refers_to_entity_ID": ["gaz_galleria_colonna"], "voidSeed": 0.716574, "anchorInherited": false, "roles": [{"role": "ProjectedSpace", "n": 1}], "determinations": [{"determination": "Relative", "n": 1}], "densityClass": "hapax", "iri": "https://w3id.org/gaddatlas/id/narrativeplace/piccarozzi"}}, {"type": "Feature", "geometry": null, "properties": {"GazetteerEntity_ID": "ponte_di_santa_fumia", "Toponym": "Ponte di Santa Fumia", "occurrences": 1, "interpretations": 4, "mentionsByChapter": [0, 0, 0, 0, 0, 0, 0, 0, 0, 1], "reality_status": "transformed", "partOf": null, "refers_to_entity_ID": ["gaz_quarto_di_santa_fumia"], "voidSeed": 0.019215, "anchorInherited": false, "roles": [], "determinations": [], "densityClass": "hapax", "iri": "https://w3id.org/gaddatlas/id/narrativeplace/ponte_di_santa_fumia"}}, {"type": "Feature", "geometry": null, "properties": {"GazetteerEntity_ID": "porta_borgo_marino", "Toponym": "Porta del borgo di Marino", "occurrences": 1, "interpretations": 2, "mentionsByChapter": [0, 0, 0, 0, 0, 0, 0, 1, 0, 0], "reality_status": "transformed", "partOf": null, "refers_to_entity_ID": ["gaz_marino"], "voidSeed": 0.0715, "anchorInherited": false, "roles": [{"role": "Marker", "n": 1}], "determinations": [{"determination": "Approximate", "n": 1}], "densityClass": "hapax", "iri": "https://w3id.org/gaddatlas/id/narrativeplace/porta_borgo_marino"}}, {"type": "Feature", "geometry": null, "properties": {"GazetteerEntity_ID": "pozzofondo", "Toponym": "Pozzofondo", "occurrences": 1, "interpretations": 1, "mentionsByChapter": [0, 0, 0, 0, 0, 0, 0, 1, 0, 0], "reality_status": "imagined", "partOf": null, "refers_to_entity_ID": ["gaz_valle_fondo"], "voidSeed": 0.19375, "anchorInherited": false, "roles": [{"role": "ProjectedSpace", "n": 1}], "determinations": [{"determination": "Indeterminate", "n": 1}], "densityClass": "hapax", "iri": "https://w3id.org/gaddatlas/id/narrativeplace/pozzofondo"}}, {"type": "Feature", "geometry": null, "properties": {"GazetteerEntity_ID": "robine_vecchie", "Toponym": "Robine Vecchie", "occurrences": 1, "interpretations": 2, "mentionsByChapter": [0, 0, 0, 0, 0, 1, 0, 0, 0, 0], "reality_status": "transformed", "partOf": null, "refers_to_entity_ID": ["gaz_frattocchie", "gaz_due_santi"], "voidSeed": 0.143669, "anchorInherited": false, "roles": [], "determinations": [], "densityClass": "hapax", "iri": "https://w3id.org/gaddatlas/id/narrativeplace/robine_vecchie"}}, {"type": "Feature", "geometry": null, "properties": {"GazetteerEntity_ID": "stazione_carabinieri_castello", "Toponym": "Stazione dei Carabinieri a Castello", "occurrences": 1, "interpretations": 2, "mentionsByChapter": [0, 0, 0, 0, 0, 0, 0, 0, 0, 1], "reality_status": "transformed", "partOf": null, "refers_to_entity_ID": ["gaz_castel_gandolfo"], "voidSeed": 0.718523, "anchorInherited": false, "roles": [{"role": "Setting", "n": 2}], "determinations": [{"determination": "Approximate", "n": 2}], "densityClass": "hapax", "iri": "https://w3id.org/gaddatlas/id/narrativeplace/stazione_carabinieri_castello"}}, {"type": "Feature", "geometry": null, "properties": {"GazetteerEntity_ID": "stazione_pavona", "Toponym": "Stazione della Pavona", "occurrences": 1, "interpretations": 2, "mentionsByChapter": [0, 0, 0, 0, 0, 0, 0, 0, 0, 1], "reality_status": "transformed", "partOf": null, "refers_to_entity_ID": ["gaz_pavona"], "voidSeed": 0.749467, "anchorInherited": false, "roles": [{"role": "Marker", "n": 2}], "determinations": [{"determination": "Approximate", "n": 2}], "densityClass": "hapax", "iri": "https://w3id.org/gaddatlas/id/narrativeplace/stazione_pavona"}}, {"type": "Feature", "geometry": null, "properties": {"GazetteerEntity_ID": "strada_di_campagna_celio", "Toponym": "Strada di campagna del Celio", "occurrences": 1, "interpretations": 2, "mentionsByChapter": [0, 0, 0, 0, 0, 0, 1, 0, 0, 0], "reality_status": "transformed", "partOf": null, "refers_to_entity_ID": ["gaz_celio"], "voidSeed": 0.532271, "anchorInherited": false, "roles": [{"role": "ProjectedSpace", "n": 2}], "determinations": [{"determination": "Relative", "n": 2}], "densityClass": "hapax", "iri": "https://w3id.org/gaddatlas/id/narrativeplace/strada_di_campagna_celio"}}, {"type": "Feature", "geometry": null, "properties": {"GazetteerEntity_ID": "terzo_piano_219", "Toponym": "Terzo piano del Palazzo al 219", "occurrences": 1, "interpretations": 1, "mentionsByChapter": [1, 0, 0, 0, 0, 0, 0, 0, 0, 0], "reality_status": "transformed", "partOf": "palazzo_219", "refers_to_entity_ID": ["gaz_via_merulana"], "voidSeed": 0.914236, "anchorInherited": true, "roles": [{"role": "Setting", "n": 1}], "determinations": [{"determination": "Approximate", "n": 1}], "densityClass": "hapax", "iri": "https://w3id.org/gaddatlas/id/narrativeplace/terzo_piano_219"}}, {"type": "Feature", "geometry": null, "properties": {"GazetteerEntity_ID": "via_delle_oche", "Toponym": "via delle Oche", "occurrences": 1, "interpretations": 2, "mentionsByChapter": [1, 0, 0, 0, 0, 0, 0, 0, 0, 0], "reality_status": "imagined", "partOf": null, "refers_to_entity_ID": ["gaz_milano", "gaz_bologna"], "voidSeed": 0.661326, "anchorInherited": false, "roles": [{"role": "ProjectedSpace", "n": 2}], "determinations": [{"determination": "Relative", "n": 2}], "densityClass": "hapax", "iri": "https://w3id.org/gaddatlas/id/narrativeplace/via_delle_oche"}}, {"type": "Feature", "geometry": null, "properties": {"GazetteerEntity_ID": "villino_lungotevere", "Toponym": "Villino Lungotevere", "occurrences": 1, "interpretations": 1, "mentionsByChapter": [0, 0, 0, 1, 0, 0, 0, 0, 0, 0], "reality_status": "imagined", "partOf": null, "refers_to_entity_ID": ["gaz_lungotevere_prati"], "voidSeed": 0.477877, "anchorInherited": false, "roles": [{"role": "ProjectedSpace", "n": 1}], "determinations": [{"determination": "Relative", "n": 1}], "densityClass": "hapax", "iri": "https://w3id.org/gaddatlas/id/narrativeplace/villino_lungotevere"}}]}